"","video_id","duration"
"1","hzGrwaFztrE",120
"2","mbTwGJhqrv4",180
"3","yH8YspHM27s",18.54
"4","f2uHnfI54fU",25.58
"5","Z2L42G7tAHo",76.34
"6","DM8T7zqNsNE",93.35
"7","4DiHq_myrx4",24.03
"8","2kSjgiV4wG8",12.15
"9","PRxpsclx650",149.27
"10","TWfz3zfHNCk",138.14
"11","aDshY43Ol2U",2.02
"12","7STPc_5Ae4U",118.04
"13","pOLlaRDyII4",128.58
"14","a09KyiHNKYY",127.28
"15","wlpunOUxYSo",2.34
"16","_Zl5EzrpZ9E",172.56
"17","ZKbydYg8R-E",153.58
"18","BMrYdkV37g0",166.46
"19","UHmWO5_wmoA",2.41
"20","1wn9l91LVpI",169.58
"21","EsxsAZT85s4",170.56
"22","AKKRhPJdsqY",159.21
"23","X13iHHZhhCU",136.09
"24","QzBig8uEm5E",163.06
"25","gddcUtzsKgg",127.09
"26","4C_Mv44Jv78",13.49
"27","cZKP0R0w7_4",152.46
"28","sUlelAYZGRE",150.21
"29","xTlWHMoGqhA",120
"30","easyichzP5M",147
"31","0G1eGvBVSJc",120
"32","U8J6SjDCmZY",125.4
"33","eu3QDY5z0d0",155.59
"34","PUpCChxkZbY",125
"35","MWG1As2Nm-g",137.09
"36","qRrRhvLxbXw",135.14
"37","u0C-Hywcy7Q",78.5
"38","5k1KjQBqurQ",14.01
"39","Us3z3TIxTOI",150.49
"40","BONMwGL-kVg",147
"41","PHT3J3BKpew",145.09
"42","hbrXd8T3fE0",161.18
"43","M7z6F4Lcthc",142.23
"44","8kMM90hh-O8",144
"45","mmVRIR_eJc4",135.46
"46","xH33uI-cqa8",142.51
"47","MukIXLmFEWU",133.11
"48","0JsWh-WN1DY",148.19
"49","rf3iHqE240I",5.06
"50","qDWJllytQwM",142.31
"51","hDPZvTcKyzw",152.16
"52","RByoMwxHxxo",140.22
"53","tj814hcan3c",131.15
"54","rWtRFEEbdhk",136.54
"55","cK_scrPFOt4",123.19
"56","zcNWeWxgw5M",12.32
"57","wJY-4ueo-3U",140.22
"58","qmQP4TBvCu4",137.45
"59","q849TUnJRO0",120
"60","l0jVo2oGDwo",137.28
"61","I2RZVusUbCU",149.29
"62","-ottnI65duU",145.47
"63","qOuNceOzNAI",152.02
"64","8TYwRQP_8Ek",157.47
"65","Tj_48kPwKtc",146.1
"66","T-Bvf6s7gts",147.02
"67","TNo1l06Jz_w",120
"68","XR-_dafQRxc",120
"69","77ZdDhj2iU8",149.46
"70","-lfOObH83fk",147.55
"71","dyOyfnzMX0E",91.37
"72","eQPSq3kSjfg",155.53
"73","NzDyWRRI4CQ",85.21
"74","8CydgiuZ6No",133.36
"75","6SX4EYJM6zU",145.56
"76","HRNq5O2ieOs",10.2
"77","UpJrUNJcS5w",153.38
"78","VYslZytdOWg",20.36
"79","juDsiLpI3QU",137.5
"80","86gZJB0voCg",130.25
"81","F6f4eAXQkqo",157.45
"82","Q2YB7jfpPEM",156.34
"83","HAg3fuFczs0",2.04
"84","JyQJHOEK3RQ",153.47
"85","I5dD9n2HlIg",78.59
"86","Nk8ca_ftL7c",135.34
"87","1CKDs0APLhQ",151.11
"88","tGgLvA31RQw",129.02
"89","5Eulut8erDQ",98.09
"90","ubWpCEa0JkM",110.42
"91","8b1F8p4D_uA",180
"92","7TycGwEbJa0",106.5
"93","jlR3T0r7exw",155.56
"94","5_-spKPRU-I",160.01
"95","QVWxzZA4KSo",124.04
"96","q3WWxTbS7gc",152.14
"97","BslcqqAOmRQ",144.22
"98","vfNe4a67pWE",119.02
"99","PXvggkfusi8",187.07
"100","LfNiC9XiKTU",NA
"101","SFejUSu3iDE",NA
"102","ym5e-QwsXA0",NA
"103","gSoRJXxKytc",NA
"104","rN6VfMy-sFs",NA
"105","Tx2OGsc06-4",NA
"106","7bZXRWl7N6c",NA
"107","c_AfDKrnpzE",NA
"108","cPVg75umbLg",NA
"109","f6a_eGFDG_Q",NA
"110","HlaoVkWRa_A",NA
"111","V06uqRkQEMs",NA
"112","k27mr6p-yhY",NA
"113","j-LYszuQV0E",NA
"114","5csDkBlgb24",NA
"115","8cpTkdmi2TI",NA
"116","mBBUr2MOyTM",NA
"117","eyMq6KuWUJQ",NA
"118","vpAMDXRqmWY",NA
"119","KX2eIxQmDSQ",NA
"120","x9NTXVtCz9o",NA
"121","mrPb4Y0eewA",NA
"122","FPAk81X3tTY",NA
"123","jXL4YQa7JAE",NA
"124","eRdE_s9Gmc0",NA
"125","HeGMAM9Dgv0",NA
"126","hctApy_i-qg",NA
"127","Sw_K24hbRjU",NA
"128","d81ur0_H_zQ",NA
"129","mr-M3-QYKyo",NA
"130","V3iJpVqqSBA",NA
"131","QAsfOcGjgoM",NA
"132","8CVEIE9V_is",NA
"133","NXTv3mBj2oA",NA
"134","tpKSAQvCP2Y",NA
"135","Y6tvRqVCSac",NA
"136","QFcA3uQp5VQ",NA
"137","LMIW7HR2LOo",NA
"138","lyK3U2iVnCA",NA
"139","dInwVhRtN4E",NA
"140","TTfe2Manwmo",NA
"141","yacDlrwsABY",NA
"142","TNosPXV8W9o",NA
"143","-IPanvJaZ0I",NA
"144","MU4QL-VwDlc",NA
"145","1j1gfHwLICo",NA
"146","Iw_mpCvN2mM",NA
"147","OEliPNPlB9Q",NA
"148","rxy9NVog6Lc",NA
"149","sqW95LOMrBU",NA
"150","WSfOtDcL1m0",NA
"151","VHr1hIxPrw4",NA
"152","v5L6wjOfEOg",NA
"153","210HdCL8fMA",NA
"154","9nvutT-Bj3w",NA
"155","CdU_Vm3gOO4",NA
"156","bVISTe6rah0",NA
"157","CLWrLZMyzhU",NA
"158","wl7FV1LHcU4",NA
"159","5fvTKc1i8Xo",NA
"160","Oo2MB6n6VjY",NA
"161","gvMHs3B0GqU",NA
"162","AkLELrXU0yI",NA
"163","OOQlCD5qMPY",NA
"164","cenLUmBgLM0",NA
"165","pnHnZB99X2k",NA
"166","S1k2McCI-v0",NA
"167","kn5tPL-OnMM",NA
"168","pI417jeeUNg",NA
"169","Yt1jQ6KcArg",NA
"170","Yo8XZKkv5aQ",NA
"171","v-mQ6c86_LY",NA
"172","jbfMvlLodbM",NA
"173","tshYDrzxTvw",NA
"174","vohA4wEOyHo",NA
"175","z3cuKliZ58Y",NA
"176","FhlsfkfZO38",NA
"177","K18X7bwYkEU",NA
"178","cludvHBlLHs",NA
"179","7N0Cf1GeGVs",NA
"180","goKxKmuWKJY",NA
"181","HZ46yR-Lo8c",NA
"182","DxVsB5sO94E",NA
"183","va_NXwxSoSw",NA
"184","CzmIrPvIzxk",NA
"185","raTQK0AaSEY",NA
"186","swY_WR5xZdw",NA
"187","QT1qx-5K0y8",NA
"188","tt-ifhj7D64",NA
"189","LTLu3icCpQk",NA
"190","3TpYRpn_ylc",NA
"191","OEaNSRT-OJs",NA
"192","o4_tHTmniw4",NA
"193","IvOSJPfxXMc",NA
"194","gut423ANiwo",NA
"195","CbkWMJVhYUY",NA
"196","EKbWvGLC97Q",NA
"197","MACaqTydZw8",NA
"198","jty6SSQoelw",NA
"199","ENDnqHjBalM",NA
"200","GsU_4-WMeVE",NA
"201","qG-c8DtOm9g",NA
"202","7bcgRjM3mE8",NA
"203","1TeBl6jOHtU",NA
"204","8W6IeNooyLY",NA
"205","s-KAJ6iMQ3U",NA
"206","g7OH2OhIjJA",NA
"207","SAcpESN_Fk4",NA
"208","paXOkGMyG8M",NA
"209","sardEJDvLsY",NA
"210","5Ff3GgI70aU",NA
"211","2ACktbmscxg",NA
"212","HCF1br05oLM",NA
"213","APJOEIxjAGg",NA
"214","ElZVKOPmxEU",NA
"215","0xqA9tTZEZU",NA
"216","DJ-gMKLrhWg",NA
"217","89J5hbHcxdE",NA
"218","zcFyXaLeXko",NA
"219","vcpFB81IPSs",NA
"220","95kTDwGuQrA",NA
"221","FoztKuXEYnQ",NA
"222","6ykQ_YQRL1c",NA
"223","673V4RbuCIY",NA
"224","EVdt2TjEB8U",NA
"225","NkxyLeZZkQA",NA
"226","imiWa74cb3w",NA
"227","HhTbdpGPxV8",NA
"228","m1E8bULFW4w",NA
"229","KSxG05300Nc",NA
"230","1KqD8k7zm7Q",NA
"231","TKSlH-1XZho",NA
"232","3KykImCH9Gg",NA
"233","sFljGNQIiSo",NA
"234","O3yz9KMdKIU",NA
"235","ukk1iMQdfCk",NA
"236","K_sHGt8TMIs",NA
"237","r3exolMmz_Y",NA
"238","T5flqU0SPUs",NA
"239","aeQe_mZcyf8",NA
"240","twjdE0606bM",NA
"241","Ku1nQl43CcE",NA
"242","oBSkuzol5d8",NA
"243","s3i7YGtgDoA",NA
"244","2jQBTKfH1fk",NA
"245","zGcyzBD_pog",NA
"246","nHopexb2L_M",NA
"247","ROYp7JFbIvI",NA
"248","OVVR7Voao3I",NA
"249","sGA81VZOGqI",NA
"250","OpwjrFKp5gM",NA
"251","6X1vaf2f5fA",NA
"252","JC--GR5y80c",NA
"253","1jhJTgvbJDU",NA
"254","Zhu8afEu7DQ",NA
"255","UCZVSr2Xt2k",NA
"256","6yQb5HwndgQ",NA
"257","GTUruS-lnEo",NA
"258","hwdpBn8vY_Y",NA
"259","dcGTy9CFd7o",NA
"260","Gkv0-qUlZlE",NA
"261","qw4965GgNGY",NA
"262","3HP5zp2AlH8",NA
"263","afbofqervWU",NA
"264","QPKGF07SqTI",NA
"265","gtDFBEHY5Mg",NA
"266","MlVX1qgw0jg",NA
"267","5dFI7M3D49g",NA
"268","QiC-0Kjpj2c",NA
"269","Oc7WuYfGbrA",NA
"270","cG7YWGOTZcM",NA
"271","r12w4iRBLp4",NA
"272","ImutnoiBixY",NA
"273","J4wTY746M74",NA
"274","0OUh6N4k0Ns",NA
"275","r7imYeuAfkg",NA
"276","DUzEYcR2VtM",NA
"277","TDKwu-LSNmg",NA
"278","da9xhQOcoHk",NA
"279","A43bbzjiAuU",NA
"280","vPP6aIw1vgY",NA
"281","ygbkRSwpb-E",NA
"282","Ru4zkxNuJ_I",NA
"283","Jp4nU6wFero",NA
"284","oVsA6B1cweo",NA
"285","ivfspJOAtBI",NA
"286","AWZ4dJgDrMs",NA
"287","RhrKJvAKsGQ",NA
"288","Why8_ELzraM",NA
"289","JfbluQCz4CI",NA
"290","ue80QwXMRHg",NA
"291","tpqC2nRfJp4",NA
"292","w-RXEPscMyQ",NA
"293","0dG6HliC9OI",NA
"294","dMqojcN-DWI",NA
"295","dMqojcN-DWI",NA
"296","dMqojcN-DWI",NA
"297","dMqojcN-DWI",NA
"298","Rdk087d5KD4",NA
"299","6ziBFh3V1aM",NA
"300","UwrF_0pq8Vg",NA
"301","8kKKncowWgs",NA
"302","XpICoc65uh0",NA
"303","u8MeW2r_qq0",NA
"304","CccA1a8V0GQ",NA
"305","lokJkv32EUA",NA
"306","MCoE18Jobe4",NA
"307","ThQCSSBk5ew",NA
"308","1-t7Lt1Kbys",NA
"309","QBALQYAlYDY",NA
"310","lyj7A6iD9Nk",NA
"311","DKlX-K9Kioc",NA
"312","Xcq9eFAtQ0Y",NA
"313","oNAkBRtfA18",NA
"314","FsEhY4SexV0",NA
"315","YVfnQmz1MbU",NA
"316","-82HPlBe274",NA
"317","8HQuLtsbn98",NA
"318","nd_QT3VIRsk",NA
"319","iB-vmCg2554",NA
"320","F5JV3nVOLMA",NA
"321","fHgL8FsWtm0",NA
"322","SxWSrcvSWv0",NA
"323","GjEgreHY6Zc",NA
"324","QxoljS-qE_Y",NA
"325","lZSCGZphjq0",NA
"326","lPYGTSDgcAc",NA
"327","qvvoTDY8VeE",NA
"328","fzWF6f4b7OY",NA
"329","M-lQfZgRVNI",NA
"330","DIbYq3lhiF0",NA
"331","cSp1dM2Vj48",NA
"332","KiWUv4eKmJY",NA
"333","l8F5GaqPtdc",NA
"334","LL_um6m0ftc",NA
"335","sXSk1F1X7Yg",NA
"336","OR59r-LLnJA",NA
"337","P5Lc_qaFTls",NA
"338","Q6ovaaNmIJc",NA
"339","UaQ8CNLE1bk",NA
"340","fpsY15kKe2M",NA
"341","E0Jx_4_DQpE",NA
"342","8alNeD_41Q0",NA
"343","g67goH9g3gA",NA
"344","ZqEUYxYdD74",NA
"345","HKEI3qIRtjs",NA
"346","DrLuwj2-jcA",NA
"347","ZjuPXYpErMQ",NA
"348","8uY8EPh4Wi4",NA
"349","HmaumVHMsUU",NA
"350","MlcV_9tIuas",NA
"351","v3MbqG8rPy8",NA
"352","cPEhLT9fEc0",NA
"353","O2wjUYpDicQ",NA
"354","zSWW1oPTq5A",NA
"355","58Jdl7rjhP0",NA
"356","cszhXmN_uGY",NA
"357","h03VjtB4ODo",NA
"358","fC1oNxzx_f4",NA
"359","7vEJMH99Ciw",NA
"360","o2_jyw9xqQ8",NA
"361","Uylhej6X5GA",NA
"362","Crm5euu11ZA",NA
"363","7yUvG8hRst0",NA
"364","Vxgps46SJjo",NA
"365","MvtU78OuEnA",NA
"366","kzNCXT8XS9Y",NA
"367","hSwKBTAGAGk",NA
"368","0IY2VrQCgBM",NA
"369","Q0CbN8sfihY",NA
"370","vkVTf_jQG7g",NA
"371","l5vACw-BHBA",NA
"372","wEe7ix0wO08",NA
"373","y068ZgkH3-E",NA
"374","TjYP6-gqDjM",NA
"375","6V1_Xc5_IqU",NA
"376","FwD9X09-goQ",NA
"377","g7RFYQhqnAQ",NA
"378","xuJDzUK-Hm0",NA
"379","eP9WH_qW7uI",NA
"380","95lQlgl4Q9Q",NA
"381","9wpus5retq4",NA
"382","Mi3GdCyzHCY",NA
"383","9cP17vTta_g",NA
"384","KnQ2dSJdiLw",NA
"385","3rRH3U-lcwg",NA
"386","s3Eoy_ApTWY",NA
"387","Qvg8zs3TDHs",NA
"388","lVbaGECUIrI",NA
"389","QMiE3yekxz8",NA
"390","9ENJYUbdFgM",NA
"391","xEx-FjhVQZw",NA
"392","L5KYCsWhado",NA
"393","DGyARbGErus",NA
"394","stWlELuabKI",NA
"395","M7dtIkVaN6s",NA
"396","urfrsTq8Fh0",NA
"397","inSFt1HZ6G0",NA
"398","VWQdyhBAFVg",NA
"399","WOKSPERRH8s",NA
"400","P02DBoAzzq0",NA
"401","XXcAL1pTHzQ",NA
"402","3L63iDvQvW0",NA
"403","wmnHVcz2JYg",NA
"404","UlB4l8zFOKw",NA
"405","af_N38HHOCw",NA
"406","hfTNlAhswpQ",NA
"407","e43rTlJtqvw",NA
"408","AgwszFUm_yQ",NA
"409","K527oNxtO7o",NA
"410","qYEOmZzqX28",NA
"411","hFfQhVgQU44",NA
"412","wSOYfy8GUwI",NA
"413","bJ7Fvju9DFs",NA
"414","v9QpKYed3f4",NA
"415","fzjAfV-oUSM",NA
"416","87Ai7pdYegY",NA
"417","3qncqJFlpY0",NA
"418","7XBizI9jArU",NA
"419","zg78YN77ey0",NA
"420","7HcO1D5oy7Q",NA
"421","FE435iFT6jw",NA
"422","js4HJnv4Zu4",NA
"423","kTDRFYB7Nc4",NA
"424","_R7BXkMPHf8",NA
"425","4yVh92irML4",NA
"426","I3o-UeFZFKo",NA
"427","6N5l0sgPP5k",NA
"428","9qSjAoVmcTI",NA
"429","TgTibdqWHTg",NA
"430","tADxyBAfiyo",NA
"431","QDO-Lo0tHao",NA
"432","fCE_IwP742Q",NA
"433","K2qSkhxYAPA",NA
"434","eHkke8hsy1I",NA
"435","gbfctCLguV0",NA
"436","gCXuA8qbb_c",NA
"437","84AQ5XNHW4U",NA
"438","9oHsfiQeJ9o",NA
"439","loPhZxrH8Do",NA
"440","JPPqcl_4P5E",NA
"441","VqAqUVcgQdE",NA
"442","3OVDbciJVR4",NA
"443","QRGmIV9K__E",NA
"444","udtFqQuBFSc",NA
"445","PKfNh2J_vL0",NA
"446","swXcROhudd0",NA
"447","rOO7Xpf3ZyQ",NA
"448","9HJED2MFfLE",NA
"449","XW0j96I1MNk",NA
"450","5PwI3p6BXvY",NA
"451","AVLwfpA4vXU",NA
"452","5-akYpmsPJ8",NA
"453","PdqMlnl4Kyw",NA
"454","MGHxQp85APA",NA
"455","JGizSzsSioI",NA
"456","Si3nWiXco08",NA
"457","7s9lsmnYLUw",NA
"458","Ew1C2VsU6Y8",NA
"459","F6fMNJbiB9A",NA
"460","lA3mPyUBLqA",NA
"461","HQn8C8nefw8",NA
"462","C8r1v2VG7dA",NA
"463","V828p_HJcGc",NA
"464","m9jbcEJtlVk",NA
"465","IxjyYffnxmU",NA
"466","EYSHtkhV7HE",NA
"467","fKQRavCGhCI",NA
"468","CKd5Jvp4Ex0",NA
"469","VyW-WhF7TXg",NA
"470","UrvIh_wSIwE",NA
"471","xE_yyR0Zjsg",NA
"472","A2vcDRAdf5I",NA
"473","SL1lH0GZ4Sw",NA
"474","N11jky5OWz0",NA
"475","aUuhpI1WkZE",NA
"476","vkuiI430d_0",NA
"477","VCOLk9qybFw",NA
"478","Wbreg7yMxSk",NA
"479","1pL65DOG6Cc",NA
"480","ta7HoZFRKJQ",NA
"481","kCsvPdxwRLc",NA
"482","43USfrihSX4",NA
"483","yTEuLWG7RyA",NA
"484","JlVYr3olXqE",NA
"485","rQy23UgoVE8",NA
"486","EMWM2uN8WCQ",NA
"487","glLRVupBpA8",NA
"488","6FqUN9MO0zc",NA
"489","nTBsOxRQ91U",NA
"490","I8hhgc4dQsY",NA
"491","R-ZNzBLOqfY",NA
"492","MAvlUFpcgxQ",NA
"493","AKdjJxzofZg",NA
"494","F-vZCD1AJdM",NA
"495","Ti1o3SIoen4",NA
"496","unzGfi_z8yw",NA
"497","h64O52tGhZA",NA
"498","xhKn73ofkCY",NA
"499","GgBt0TlbwUY",NA
"500","4XU3KTRewWM",NA
"501","i2qbMG3165M",NA
"502","U9ROv4lQeJ0",NA
"503","CjwPClJX4gI",NA
"504","kIvxzWeHaYI",NA
"505","zwPn9ZnbCo0",NA
"506","Us9iDt5NGbc",NA
"507","1iNMsTMJz54",NA
"508","8yxEWkXAo2Q",NA
"509","u3qtDQSLfGU",NA
"510","m30nbFAhbJo",NA
"511","5kA6Nhj3y4E",NA
"512","f5A8Dd5HjkY",NA
"513","DULvxh0W5jA",NA
"514","5jyhn5zmf28",NA
"515","CMc9y8lz31Q",NA
"516","_oaV9y43vDk",NA
"517","513prg_Y1SU",NA
"518","3ogsrRWPpEQ",NA
"519","LCgCSBDl5yY",NA
"520","NAvn7CNpdB8",NA
"521","s4qH_e7tKA8",NA
"522","zIHp1ykkPpE",NA
"523","SCyg3hWNYVM",NA
"524","-w7_OLe6Ep0",NA
"525","okEDkfSM0rs",NA
"526","dt5g5_1cKVk",NA
"527","WbMD53XPJWA",NA
"528","5l8BK9cp6OM",NA
"529","ljw3EGq0dIg",NA
"530","vqk31oAfTG4",NA
"531","jw5oud8hTS0",NA
"532","0fq8Hq1kV28",NA
"533","jo-dgKbr1AE",NA
"534","IjFjXCF-BBo",NA
"535","0RiJKFjcHzM",NA
"536","7-X1UIQJ6mQ",NA
"537","83K0uPL9FwQ",NA
"538","oMnPtNK5oz0",NA
"539","2VfmnoiraDQ",NA
"540","imMCmpQyd0Q",NA
"541","kvjP33Hg1as",NA
"542","6bqtkqLZrBU",NA
"543","KOnpjyHDQuI",NA
"544","0phuNQQ_gHI",NA
"545","yN-wHBX0qPA",NA
"546","-m-q3QnN3_U",NA
"547","_vhwRYhWAzk",NA
"548","gHVTgZd7n_8",NA
"549","az2Xc26DCW8",NA
"550","pZkCZ4LCO0o",NA
"551","31cflfKTXQQ",NA
"552","ielNlsacdk8",NA
"553","MjM4p5HkGFw",NA
"554","gly91juW3_Y",NA
"555","X-pVlbhRqZE",NA
"556","3mo8t2YGjf4",NA
"557","wQDAGGjjpwk",NA
"558","YCcVhtolK7g",NA
"559","MG3VNLWzJm8",NA
"560","iV7YbKpuXAk",NA
"561","_sbkAFROsKc",NA
"562","QLz-pfgun_A",NA
"563","FGPLaP9xjws",NA
"564","4qiiVNiWqwA",NA
"565","YHTz66Jq0Dg",NA
"566","4ifcOah-FQI",NA
"567","vhjQUeEX9xQ",NA
"568","qB93c2JU4uQ",NA
"569","m-hCcr3EfJg",NA
"570","WnozP8OWeik",NA
"571","2EALCkub8GI",NA
"572","CERSCaMqUWk",NA
"573","xExzwSc4_eQ",NA
"574","a5vttDrZOGI",NA
"575","_w8PpoSIRVw",NA
"576","0t8iVtFGHCc",NA
"577","l63cMa4hfYU",NA
"578","j725ogBJj7Y",NA
"579","S5ughOg6x4Q",NA
"580","ac1LJUQpukk",NA
"581","WczVepo7fKw",NA
"582","vG3vt1ubcDg",NA
"583","sxIg80kk_-s",NA
"584","gCRH1fd-z4o",NA
"585","rm52Oh7FPXY",NA
"586","-PaggL0a7Gg",NA
"587","istuIHkkNfQ",NA
"588","OY0-VCimUbI",NA
"589","j8tlqcXOw68",NA
"590","GlVfmWNie2o",NA
"591","ZCCETV-8950",NA
"592","nZFxVd4Yto0",NA
"593","TD8cHGQvZNQ",NA
"594","cMWaLcYeBYk",NA
"595","CV-Doqo4XQo",NA
"596","76JrlVohD48",NA
"597","2LTre7FwGeE",NA
"598","1L36N-Pt7OQ",NA
"599","5BWdfxePOmo",NA
"600","4X1R5wRs4nw",NA
"601","z6jJq4f8kxw",NA
"602","PuDw9cM_ZKg",NA
"603","h46IqIu4oGc",NA
"604","vf08NXm4wyI",NA
"605","WLfXebDmlkI",NA
"606","C3L6a9wRCq8",NA
"607","0rZasX7IFqk",NA
"608","l0yU-mcCM9I",NA
"609","holzBghWTlY",NA
"610","PixXCOLb3OM",NA
"611","Csi_Q1YJYx4",NA
"612","4o6Eh1KTg5o",NA
"613","cN10tfVW0UY",NA
"614","tAomOAfb1iw",NA
"615","l7vrL_qoyMw",NA
"616","LyPLAw5ME4E",NA
"617","lQKDJY0XWmY",NA
"618","weWt33gPSWQ",NA
"619","AQMexTk_LaQ",NA
"620","NPVnMBq5xLQ",NA
"621","sRrhCl2T0K4",NA
"622","-YUtgXV4nLg",NA
"623","9-ISC2tqW2s",NA
"624","Xtkw7Zb0hsw",NA
"625","TgvKHOXEpmM",NA
"626","TgGZ_ric3BA",NA
"627","3924VVQxdg8",NA
"628","DP4w-DOTPQQ",NA
"629","WC7yWdH7Kh0",NA
"630","_cWklSGyYyk",NA
"631","X5a7dPSYEh0",NA
"632","wfO_VMhVXGg",NA
"633","O8ikEWIM9Xs",NA
"634","GZOtIvpR5Lw",NA
"635","KBGrpgaTe7k",NA
"636","2dW3qfgvpJo",NA
"637","9fUU6y5-rTc",NA
"638","Mnj2B2uubzQ",NA
"639","jn9sNuFaKe0",NA
"640","XvHSlHhh1gk",NA
"641","BkJh0Wu0Q-Q",NA
"642","Woc85nZyocU",NA
"643","tG3-S2xWkUQ",NA
"644","2VawSnaxtSI",NA
"645","bibPGJBDILQ",NA
"646","AkigzUFr3ys",NA
"647","xiLpYo7HauE",NA
"648","f4ztwmHrBWI",NA
"649","Ne5Ju5MoHYA",NA
"650","ka5pYUSkgHI",NA
"651","SZQz9tkEHIg",NA
"652","7HlyQiOMAJY",NA
"653","4XRXBqsDmqw",NA
"654","O0pYVrMqM_c",NA
"655","8JmtmpOQdng",NA
"656","o3n83cw6Ej8",NA
"657","LdSKR8EHnXY",NA
"658","2g36_kKaPDc",NA
"659","H1B6csp4JWo",NA
"660","fR2ljJcqZW0",NA
"661","mnP_z3qXDCQ",NA
"662","iKHoIYys8y0",NA
"663","oOogxaa4hoY",NA
"664","tihmQmPqSdM",NA
"665","UciEIYZ-Eos",NA
"666","8pEDaBrj8LQ",NA
"667","pY3KPRTPzvg",NA
"668","6Mf2ylffKws",NA
"669","ftd9MlQz2ac",NA
"670","CURUqKL1GXM",NA
"671","y5-R-TICKSw",NA
"672","EWqmhr2dk10",NA
"673","ye15Z0Mf5l4",NA
"674","yLqFC1KQDc0",NA
"675","_G1s51VpNbg",NA
"676","rAqMlh0b2HU",NA
"677","d_x5IdqhK6Q",NA
"678","pndjRCmWeqY",NA
"679","BTKsYh4tyy4",NA
"680","5Dx_xLjxj0A",NA
"681","qrt9UcPsFjI",NA
"682","UcET4OVHoRo",NA
"683","wIEFNByU-MI",NA
"684","52bORzIODec",NA
"685","Bzu1vw0keYU",NA
"686","oHnrJFg-iVo",NA
"687","61NkUSYfydc",NA
"688","L2n-NnxYE_c",NA
"689","AxGlvetWIqc",NA
"690","rlM7y2WzRNw",NA
"691","kxT9svRZuKE",NA
"692","FzqrqZsDrOk",NA
"693","R-ckdtQ3-Xw",NA
"694","Ef25BS-_V9Q",NA
"695","GlEtxRP1a-w",NA
"696","GnThkfREsEs",NA
"697","e9hYUhpuc2I",NA
"698","KOZSkZCbx30",NA
"699","PNgj6h11vKg",NA
"700","KVJmhvZ4fCM",NA
"701","NPzXvwUPy2Q",NA
"702","8ldB5pUUOVg",NA
"703","MBpcpx4xjLI",NA
"704","ZjECOMbxbwg",NA
"705","HrX1lQ9UkNo",NA
"706","eLvuFWRxRh4",NA
"707","jui_G_nWjXA",NA
"708","2JNrbt0jDKQ",NA
"709","YlYN4UjMXA0",NA
"710","3MM8OkVT0hw",NA
"711","ZXyWwirLfcg",NA
"712","2xRthi19pKw",NA
"713","BOC8sq5EAzk",NA
"714","l-Hu9GlDao8",NA
"715","1k1MMVcJUfI",NA
"716","wzHJ_JOl270",NA
"717","8VkZ8YLO5CE",NA
"718","9fIjnf160aE",NA
"719","DtQCiom4PKY",NA
"720","R5ZZVcw0SI4",NA
"721","cPB51GAcI-w",NA
"722","MxtnUvcSr2I",NA
"723","lDWmnoMhsE0",NA
"724","V1lGKyu-dGY",NA
"725","txP7SZQpkiU",NA
"726","i1RemM_Uil4",NA
"727","OEJFEsZPoPM",NA
"728","Gi2xCPY07KQ",NA
"729","tdnMmcT9tHM",NA
"730","_w83EIcjjlg",NA
"731","1LtowDTiY5E",NA
"732","VFu6rai0E_g",NA
"733","3fF0MEc7miY",NA
"734","OEgW7mvAV1g",NA
"735","Rat_zakJj6k",NA
"736","MbGl8r5MzUI",NA
"737","H672FUExFak",NA
"738","yI4shGV1EsM",NA
"739","LG_Iyj2ovUo",NA
"740","yDqTHs9gj1o",NA
"741","Z1BCujX3pw8",NA
"742","g4Hbz2jLxvQ",NA
"743","AO4PrtAKu2E",NA
"744","4PihJ-ZaLGI",NA
"745","cksYkEzUa7k",NA
"746","lGuivq-6xrw",NA
"747","qClQzZT2FGE",NA
"748","PRl3GuXle80",NA
"749","xjUVfxCFckY",NA
"750","CV0CzXD5hbc",NA
"751","8PGsP59Io20",NA
"752","_akq3WeEW0w",NA
"753","qeHL0bQVIfU",NA
"754","yXZI7PLAq1M",NA
"755","A_yxS9sRIBw",NA
"756","TlmfPB20Ln4",NA
"757","lSBHogg4sRg",NA
"758","0u6JWep-40E",NA
"759","bw26GwL5NAw",NA
"760","XsqyU2II-Dg",NA
"761","-fg1WgwMQe0",NA
"762","mSEUcuFFBec",NA
"763","4cenzX4yodE",NA
"764","RCZazaWHh3g",NA
"765","-IF61N6AegU",NA
"766","HdPulhwLS50",NA
"767","zY3TRZhapbI",NA
"768","Q8Fix0-QCKA",NA
"769","9p61fyZ_jds",NA
"770","IFHtcvG5DNI",NA
"771","BWJ_lNRh6UM",NA
"772","Nti8ErmZtxc",NA
"773","l3Sqdk88gH4",NA
"774","QfSBBjueS04",NA
"775","Rr4stleAC1g",NA
"776","06od1w92BlA",NA
"777","XFSWbLOKGnc",NA
"778","PtjGkDiNwhU",NA
"779","Goaq_eQwuag",NA
"780","VwsnlsZX6xc",NA
"781","qbsLVSvC2-w",NA
"782","up_Bg_P2g0E",NA
"783","D41v1a5jteE",NA
"784","zZ-MYFQ-q2w",NA
"785","uoGCXFuDiQo",NA
"786","KA9iQi_2aMU",NA
"787","ihEuz9mr0xE",NA
"788","Hd80XHV6fzE",NA
"789","iMuGlGTJey4",NA
"790","rWVXLy_fJGk",NA
"791","KXE6MDp9E6s",NA
"792","HbEV2n65qD8",NA
"793","4-JlooqIyFM",NA
"794","1LS-yxw1k9U",NA
"795","fCpu2GJgbgQ",NA
"796","KH77HhmS2ts",NA
"797","KH77HhmS2ts",NA
"798","XzPVP6ji750",NA
"799","MWQxBZs75K0",NA
"800","2-B7w5YpxUc",NA
"801","qky1I3a2e0Q",NA
"802","JP7WmSSn47Y",NA
"803","ekvd_XhCyL4",NA
"804","NQThV3ldCEI",NA
"805","NQThV3ldCEI",NA
"806","0QnHURuUo14",NA
"807","0QnHURuUo14",NA
"808","hhr8IWP9XCc",NA
"809","f5XZa71E-jQ",NA
"810","Cy47Zm-F63k",NA
"811","Cy47Zm-F63k",NA
"812","VZmDtzBs-KE",NA
"813","j2aPRlWELwM",NA
"814","_M-iBZZ8b9k",NA
"815","9Y_00Ud02GE",NA
"816","9Y_00Ud02GE",NA
"817","Adyk-KSdM30",NA
"818","iO4MaSmuxTs",NA
"819","iO4MaSmuxTs",NA
"820","LpRR8Z4Pqjc",NA
"821","vENDopI5Zk0",NA
"822","vENDopI5Zk0",NA
"823","07pCUFgTXoc",NA
"824","Cy47Zm-F63k",NA
"825","Cy47Zm-F63k",NA
"826","0QnHURuUo14",NA
"827","0QnHURuUo14",NA
"828","7z_DzizevPI",NA
"829","WJ_KCdXV5zE",NA
"830","9Y_00Ud02GE",NA
"831","9Y_00Ud02GE",NA
"832","vENDopI5Zk0",NA
"833","vENDopI5Zk0",NA
"834","2MmByCWJ-Rk",NA
"835","MrBl3dhbAKU",NA
"836","VeoiEqdkKAk",NA
"837","128PlQ0LPHk",NA
"838","w_ARjCb9gtc",NA
"839","DzufA7W-Jo4",NA
"840","Azh4YUM34Dw",NA
"841","uK9ouDPrcKQ",NA
"842","sFzCikcEjZY",NA
"843","V4iprzOXUW0",NA
"844","1jyy1vOb0aY",NA
"845","gmJZpcBfAAQ",NA
"846","s6z-JwK-tTA",NA
"847","iO4MaSmuxTs",NA
"848","iO4MaSmuxTs",NA
"849","k_4lBxO-BCU",NA
"850","wmPX-ZJyUCM",NA
"851","KH77HhmS2ts",NA
"852","KH77HhmS2ts",NA
"853","QSVw3c9EI5w",NA
"854","k04ErjFQO-c",NA
"855","wA-QW1HP6sQ",NA
"856","NQThV3ldCEI",NA
"857","NQThV3ldCEI",NA
"858","iNsMCDbbxWg",NA
"859","MqvXNydFZEI",NA
"860","887cfvcTl-Q",NA
"861","KQaPJDVRg9Y",NA
"862","MASjHtM53ng",NA
"863","H8B_8SzxYcU",NA
"864","bOUuAdwT4Tg",NA
"865","7ngeIDkBxKo",NA
"866","KuFa1y1opFQ",NA
"867","KuFa1y1opFQ",NA
"868","msTzWoCd3ks",NA
"869","l8HPYFsWjwM",NA
"870","3W7ncVIX0-M",NA
"871","Akn91JgKKx0",NA
"872","VIU1W6xiT2Y",NA
"873","GVqE_OPzN6c",NA
"874","t3yFQPwV4so",NA
"875","bJNFMm_4pA0",NA
"876","a-VLZ0T8WMo",NA
"877","yjgvl3u6Um8",NA
"878","7qHGlzT_jN4",NA
"879","Ml02iaS7soM",NA
"880","5stof8prYkw",NA
"881","-C3CjOkF-jY",NA
"882","PoFDrlz3Hsc",NA
"883","mFtH17eFmJQ",NA
"884","IIgJ4P1rq_A",NA
"885","bHTaxqUW8mM",NA
"886","j-ZyDl7NuaE",NA
"887","5hBvhDhKm5Y",NA
"888","jEGqwB6WIXo",NA
"889","Oz42l-KZgJo",NA
"890","JDzXR_mV_fI",NA
"891","5HAfyCBz7kM",NA
"892","BxIOtWWpEkM",NA
"893","JSgiCe-NIG8",NA
"894","u4yvNMwyWbk",NA
"895","1SPe82HIf4o",NA
"896","foyzc8Hxu6o",NA
"897","U25C6Y495ko",NA
"898","53ldEcywgQo",NA
"899","tQ0mzXRk-oM",NA
"900","YnxHyBbYwQQ",NA
"901","BH-DlwTPGR4",NA
"902","P7GV28aAIr0",NA
"903","M2Ptc335RiU",NA
"904","BId_L9FqrwI",NA
"905","IAKp_0PXec8",NA
"906","OoI7_xMDNow",NA
"907","qqSyecJ0zAQ",NA
"908","s6AmG8AufkM",NA
"909","D4_Ckc24mbA",NA
"910","DpvHOf-sp18",NA
"911","KuFa1y1opFQ",NA
"912","KuFa1y1opFQ",NA
"913","kZR0LXE0nmo",NA
"914","71UToH2UrSs",NA
"915","oNS0H7LUzLw",NA
"916","PnPt0wOicV0",NA
"917","_6ohUUzh9kk",NA
"918","cRXyKt5PJxo",NA
"919","lBDDHZTM2IA",NA
"920","qOg3AoRc4nI",NA
"921","X5m5FbZLvZs",NA
"922","crRTffDOxGU",NA
"923","GF_bsZMe7zg",NA
"924","-LkboVWr69w",NA
"925","hZnBlAYRKs8",NA
"926","igZANO_Q1uo",NA
"927","Isspu_CQNgA",NA
"928","Nsdf7TD1GHw",NA
"929","WYOVGcydM1M",NA
"930","9XH0tXg4YVs",NA
"931","P_nrGanW3w8",NA
"932","qu9kMDDsB4E",NA
"933","qu9kMDDsB4E",NA
"934","YUyg7I0Ys4I",NA
"935","qu9kMDDsB4E",NA
"936","qu9kMDDsB4E",NA
"937","0NsBor0jY6Y",NA
"938","eyGXBcsw2do",NA
"939","Bcl1gtfNgww",NA
"940","VlsQC87i06w",NA
"941","zsv6v8aN9dk",NA
"942","feGHmv_eDcw",NA
"943","JtF-x8EMMCM",NA
"944","mXcZ7WDsVwk",NA
"945","yehubVC6EBE",NA
"946","AdzZ2Cr_tu0",NA
"947","sC_YlhYh844",NA
"948","ziIS6NJk_GI",NA
"949","Kw8jKvJEVTk",NA
"950","xyxtrxa60mA",NA
"951","CigEQmYNJjk",NA
"952","aqTm6wHcJYI",NA
"953","pERXVqS54XE",NA
"954","v7xjyKzR8Lc",NA
"955","invFudGIi68",NA
"956","EL733nvX1Pk",NA
"957","d1FZ4C3_ujc",NA
"958","foddTOat5eQ",NA
"959","bSGem1H36eQ",NA
"960","Z1i8kbjsvHw",NA
"961","xVO4wiYBEWM",NA
"962","a6rQ1kFskzo",NA
"963","teTYU_DVmPg",NA
"964","8gyYlEnkYtk",NA
"965","ofGP-cy30Xk",NA
"966","C3A9nVPMiJo",NA
"967","gNC0L3Z49qA",NA
"968","vihenYKweso",NA
"969","fyUbXVCysUM",NA
"970","eltC7-luSoI",NA
"971","xhxKWc12_Po",NA
"972","L_tPzu4QuVo",NA
"973","v5IPF5y7i_k",NA
"974","S3_r7aDV4lQ",NA
"975","EtpBbRsNr-M",NA
"976","mwxUd_WEu1s",NA
"977","rQFSR48R4V4",NA
"978","9ttxmg2nBOQ",NA
"979","Y1rOI35m1AM",NA
"980","l8jUNjf5YX8",NA
"981","yiOic_JgTKY",NA
"982","JOAWOLaxcCA",NA
"983","OA_-0niTLp4",NA
"984","7W8r7AOyf04",NA
"985","geO8imFyazU",NA
"986","IuGJ8k6lcOY",NA
"987","YDTGodG5h08",NA
"988","gXARGZF1Wp4",NA
"989","YcihKBUU8aw",NA
"990","ZY5oov1_jbo",NA
"991","ZZhQQ9l8YD0",NA
"992","-mNUmKNzGgM",NA
"993","16g227KwNDM",NA
"994","nIbadci1Y3Y",NA
"995","H5P1o-N6s-M",NA
"996","CtWqv0Z3ErM",NA
"997","R2k_Tkwz5hQ",NA
"998","fkcoikeyo1I",NA
"999","jq_4ZJrfm3w",NA
"1000","wyxvyh1Ssro",NA
"1001","u3oXweg3nX8",NA
"1002","q9nHYIAsgVA",NA
"1003","n9UxHQ1unn8",NA
"1004","32_KENF4Rsc",NA
"1005","UCTFQ8OK8h0",NA
"1006","ZhPAjaFEnVU",NA
"1007","7La6I5U8JQI",NA
"1008","zlcJlMpgAks",NA
"1009","KIG1s9Ia1jU",NA
"1010","qGqiHJTsRkQ",NA
"1011","9ZflWGh5mJY",NA
"1012","zOceeeWDTag",NA
"1013","pdipblQmgnw",NA
"1014","g6YmUpt_zYA",NA
"1015","aFdjGLCn2go",NA
"1016","dgg_JkHeFJs",NA
"1017","TVQdq1kbN6Q",NA
"1018","stznrpS3_Gc",NA
"1019","_QP5XTFl4hw",NA
"1020","Aow1oh23JKA",NA
"1021","kjukMbfVc-Y",NA
"1022","jDN4ygPL9oc",NA
"1023","2pXvwPY-iTI",NA
"1024","p-YaTGA4kW0",NA
"1025","MaFkV-SeRyo",NA
"1026","YPuhNtG47M0",NA
"1027","QTli1HU9axY",NA
"1028","U9GOfc4UNek",NA
"1029","l9laReRAYFk",NA
"1030","G4wTERfoPfA",NA
"1031","0DEKkcJHWMw",NA
"1032","h1ExUHMA5gw",NA
"1033","mXiPYeZsbuE",NA
"1034","RogL6k8acY0",NA
"1035","wiZShYMpd7s",NA
"1036","E4257TfOCew",NA
"1037","GqoEs4cG6Uw",NA
"1038","MPciFaF7DkI",NA
"1039","q0hyYWKXF0Q",NA
"1040","r7rcE7bhCFE",NA
"1041","b7vBMrySXM8",NA
"1042","Zf1QQO1HgYs",NA
"1043","A7ZkVDTEg6g",NA
"1044","uloBdN4WNkk",NA
"1045","LFpFPHqAmQg",NA
"1046","iphqRPaaeP8",NA
"1047","Wj80g9MeYcY",NA
"1048","M6xZH9XzDzU",NA
"1049","YeYi9G8x-38",NA
"1050","zSJuUhM9zQ0",NA
"1051","j4paVOmz9oc",NA
"1052","KgTgVd1yhHs",NA
"1053","LXuRLm2_i7I",NA
"1054","znQIy4WvNB8",NA
"1055","0rBnkBIhoFE",NA
"1056","dWls64OVYmg",NA
"1057","fEZrbn9rVyg",NA
"1058","7iPyz6Yqwl4",NA
"1059","kCoMHyKliLQ",NA
"1060","m86AdMLa_jw",NA
"1061","jlygfTxNaY0",NA
"1062","YFZAOUx71z8",NA
"1063","CRg68F2lyQM",NA
"1064","YXL33tEUA3g",NA
"1065","Nd1TozqJJ8w",NA
"1066","leopt__ATR0",NA
"1067","VUo6NKm7peE",NA
"1068","hP6FIhE58tY",NA
"1069","b3fQr3ec-9o",NA
"1070","qfyuad-0j-4",NA
"1071","TxH1VYh2HQc",NA
"1072","QskSDQK4bfk",NA
"1073","cDLzkwuXV4Q",NA
"1074","3nY90-U70kc",NA
"1075","mnEx-KX-aEs",NA
"1076","BqyeR9rOaPU",NA
"1077","DISyzOYnoLA",NA
"1078","UhmDaf9f0Rc",NA
"1079","DzlHzYUVZ8U",NA
"1080","6C9G8b1iumQ",NA
"1081","KFa-m77Uyyw",NA
"1082","IPvY5LVfZO4",NA
"1083","-GA27Mn3GvA",NA
"1084","i0xtDz7EEHg",NA
"1085","i0xtDz7EEHg",NA
"1086","i0xtDz7EEHg",NA
"1087","i0xtDz7EEHg",NA
"1088","RbkKtz501es",NA
"1089","66ip7Fjimm8",NA
"1090","1jr5BtcR8pI",NA
"1091","XzCqD5zAcFs",NA
"1092","61o8J64XIj4",NA
"1093","sgvrRoknibw",NA
"1094","SRuQzlVjOSM",NA
"1095","FjrSayzGwOg",NA
"1096","_4Wl1sG_CcM",NA
"1097","Zq6b_WFajZU",NA
"1098","Y8nQca5yyTQ",NA
"1099","bx2jIjv5g-M",NA
"1100","EgzZGLa1_n4",NA
"1101","Gm872pHVCUE",NA
"1102","B5xt8GA8L10",NA
"1103","wdAi4O1wSeo",NA
"1104","IQQ8_VVR4TA",NA
"1105","PEr2jxd3mDI",NA
"1106","VIU_xvQNNgo",NA
"1107","1vuAmkC4td0",NA
"1108","RSXHxwryNUA",NA
"1109","wrvEjr8QuQ0",NA
"1110","4gC-qgSmGDI",NA
"1111","xOL9tFilqeg",NA
"1112","Tci0dw0Nl0M",NA
"1113","AST2-4db4ic",NA
"1114","yZQpclS3tO4",NA
"1115","cW7NAxn3oVQ",NA
"1116","OjljgkCQv5c",NA
"1117","YOpySXANjxU",NA
"1118","oEvbinEldgY",NA
"1119","RDj8Y2K0ODA",NA
"1120","y5aAcMMSqVs",NA
"1121","OU5PjPPQ8qk",NA
"1122","kNw8V_Fkw28",NA
"1123","eQHKhg4dBlA",NA
"1124","ZHh4hWWHD7I",NA
"1125","1JLUn2DFW4w",NA
"1126","0jda8b7F83I",NA
"1127","Tb-E-WUJl44",NA
"1128","HfiH_526qhY",NA
"1129","ZnKvQbpDYXU",NA
"1130","5FV74Nbu0i0",NA
"1131","RXqHMEW9ZTM",NA
"1132","WavZVQM3U00",NA
"1133","DTZawxHLv94",NA
"1134","neBkma9xtjM",NA
"1135","ejqSTxm8Fws",NA
"1136","lZKqMVPlDg8",NA
"1137","RjzOrkxqMGU",NA
"1138","1gzdlfCp2Iw",NA
"1139","zK7ztTKzTnQ",NA
"1140","Bkj-NuT_qVc",NA
"1141","qn9UT-6Edag",NA
"1142","Ux9tIuEYxP4",NA
"1143","iXwipiMXxZQ",NA
"1144","rZ1yxpyJrb0",NA
"1145","-iwb6fNf2J8",NA
"1146","FYUOAr_NnSQ",NA
"1147","RCY3dk9PsX0",NA
"1148","sPRyLj3c_eU",NA
"1149","PnDolZin798",NA
"1150","90bjGtyTjV0",NA
"1151","kT0H9wd0Fic",NA
"1152","Ygt7hnkqEcw",NA
"1153","ocjZfos8bAo",NA
"1154","Muq8JTtnrTo",NA
"1155","54oVwaJiAzc",NA
"1156","CRZhAonfTZs",NA
"1157","0n53mySm0Tg",NA
"1158","rCq6o1EGRTg",NA
"1159","jIjxupYTkdo",NA
"1160","IZav3EdNK_0",NA
"1161","8hbmkeVI9oU",NA
"1162","YjB-6zifCzA",NA
"1163","uDzYAy2BfK4",NA
"1164","Lub8x-mMjyQ",NA
"1165","yB8SZgYlIy4",NA
"1166","E7nXegidi0M",NA
"1167","ELV4UJ8-9_k",NA
"1168","pWX9DPMgPpU",NA
"1169","cK-bAc6T9Oo",NA
"1170","adDkqD7GO8c",NA
"1171","5XzuByiu4Lk",NA
"1172","RvaNzkwYCWQ",NA
"1173","p9_wDyAp1tI",NA
"1174","HlP9uGQ56ag",NA
"1175","_f0zgDvKUFQ",NA
"1176","lXa1_X9XK4Q",NA
"1177","5JUq9UvK8bc",NA
"1178","HXCHQZ5qQVs",NA
"1179","Mf_iQ4SO9yw",NA
"1180","zZa297DBWI8",NA
"1181","0AOkkH8K_VI",NA
"1182","bWkLEo7MXJM",NA
"1183","u0R7HE5j6mM",NA
"1184","yXzjTdFNuS0",NA
"1185","FxrqKGoRznk",NA
"1186","D-9j2rNcpj4",NA
"1187","AKVXuhS_Dug",NA
"1188","pTdzH24WBE0",NA
"1189","998SNqRZTRA",NA
"1190","hbNp07ezVFU",NA
"1191","aOaQhMmHheQ",NA
"1192","CE0hkrpUVbQ",NA
"1193","R4j_zzxbRRs",NA
"1194","MIi6Dx7JcM0",NA
"1195","D73UbKGu470",NA
"1196","34UR3QMdClI",NA
"1197","8-Zb02mJt9Q",NA
"1198","t6Q_VL75Zuw",NA
"1199","Cohh2-yEUPU",NA
"1200","6T-A_g-kdZk",NA
"1201","bpeP3kEhQlc",NA
"1202","7HdnjedyXwA",NA
"1203","tTy2rbXzXBA",NA
"1204","ZqmzDhnuEpU",NA
"1205","9SPFrWpaFtA",NA
"1206","MZi2GYsTUF8",NA
"1207","sOQIwifPS64",NA
"1208","Lkrby-_NJTs",NA
"1209","rU21YFSRATI",NA
"1210","ofxhQNphJMQ",NA
"1211","DPnRs5Iy9aE",NA
"1212","MQsQMGq894E",NA
"1213","XPpUzQTWlbY",NA
"1214","93PAo3W-VNc",NA
"1215","LfIBoD2G9L4",NA
"1216","c5BRL9andzk",NA
"1217","DLZ3u-gQJeA",NA
"1218","f5BozoQCk-g",NA
"1219","LLEsQSl1hr4",NA
"1220","9r--B7aBdxs",NA
"1221","LWXUtBvWVPk",NA
"1222","Oti7mQZ6KpU",NA
"1223","zkdIK8Tk2vU",NA
"1224","lz3Cy5dWYyo",NA
"1225","wiUfB_-tGs0",NA
"1226","hBI_hAoC68I",NA
"1227","M8zSUcjICQU",NA
"1228","QCbL1scFx_8",NA
"1229","gCJSSFV4e-8",NA
"1230","yryXzmfAyKs",NA
"1231","eqkLmMndizc",NA
"1232","l2an-wYSlcg",NA
"1233","3JTjqha9mE0",NA
"1234","9pZiJIrkTRU",NA
"1235","Up3D-C2Tkyw",NA
"1236","dfFUdiNwI-c",NA
"1237","cXYr9L7-6Wo",NA
"1238","Q7VmTvgPpz8",NA
"1239","ZKTXB00-SXY",NA
"1240","UmVSGycvXu8",NA
"1241","9YRIEWMGxrE",NA
"1242","mcyCgtSQTxY",NA
"1243","1Lt6fpcp0wc",NA
"1244","k39R5HzsnQg",NA
"1245","c8Bgux59dU8",NA
"1246","3E6DKzwZd6w",NA
"1247","WUM0kMRsEZE",NA
"1248","VjPrTXwyfNI",NA
"1249","kTK4GbFXAO8",NA
"1250","yYXPvSHtpB4",NA
"1251","QxrtS5A9c0o",NA
"1252","AyU6pcyqTsk",NA
"1253","30Ko_6smVdk",NA
"1254","AgnOi9uSw7E",NA
"1255","lwue4-Ztf_Q",NA
"1256","QCqJW1sqK6s",NA
"1257","B94JDCkDgds",NA
"1258","1yAf5Ms28Eg",NA
"1259","cedqrxlA4a0",NA
"1260","L5lTMS1soMM",NA
"1261","7Bj5BtHcusY",NA
"1262","GzPd2_HBQ3o",NA
"1263","c7btOB3TMCc",NA
"1264","n_RlFP4k6Ys",NA
"1265","ygIbj8H1PJg",NA
"1266","PUrCvDyRJbo",NA
"1267","YUKiz-pp7U0",NA
"1268","s-LK35TUBdE",NA
"1269","uxYBA4QWrIM",NA
"1270","qal6Hf-nNlk",NA
"1271","hzGrwaFztrE",NA
"1272","LPtkV2Kgk3E",NA
"1273","mbTwGJhqrv4",NA
"1274","yH8YspHM27s",NA
"1275","f2uHnfI54fU",NA
"1276","Z2L42G7tAHo",NA
"1277","DM8T7zqNsNE",NA
"1278","4DiHq_myrx4",NA
"1279","2kSjgiV4wG8",NA
"1280","PRxpsclx650",NA
"1281","TWfz3zfHNCk",NA
"1282","VuwboLzEM-0",NA
"1283","qPEeo4qGKF4",NA
"1284","aDshY43Ol2U",NA
"1285","1OdWzXT86es",NA
"1286","7STPc_5Ae4U",NA
"1287","pOLlaRDyII4",NA
"1288","a09KyiHNKYY",NA
"1289","wlpunOUxYSo",NA
"1290","_Zl5EzrpZ9E",NA
"1291","ZKbydYg8R-E",NA
"1292","KZxxwRJsNxg",NA
"1293","yXHHcs3YwQs",NA
"1294","BMrYdkV37g0",NA
"1295","UHmWO5_wmoA",NA
"1296","1wn9l91LVpI",NA
"1297","EsxsAZT85s4",NA
"1298","AKKRhPJdsqY",NA
"1299","X13iHHZhhCU",NA
"1300","QzBig8uEm5E",NA
"1301","gddcUtzsKgg",NA
"1302","4C_Mv44Jv78",NA
"1303","cZKP0R0w7_4",NA
"1304","sUlelAYZGRE",NA
"1305","xTlWHMoGqhA",NA
"1306","easyichzP5M",NA
"1307","0G1eGvBVSJc",NA
"1308","U8J6SjDCmZY",NA
"1309","eu3QDY5z0d0",NA
"1310","PUpCChxkZbY",NA
"1311","MWG1As2Nm-g",NA
"1312","qRrRhvLxbXw",NA
"1313","u0C-Hywcy7Q",NA
"1314","5k1KjQBqurQ",NA
"1315","Us3z3TIxTOI",NA
"1316","BONMwGL-kVg",NA
"1317","PHT3J3BKpew",NA
"1318","hbrXd8T3fE0",NA
"1319","M7z6F4Lcthc",NA
"1320","8kMM90hh-O8",NA
"1321","mmVRIR_eJc4",NA
"1322","xH33uI-cqa8",NA
"1323","MukIXLmFEWU",NA
"1324","0JsWh-WN1DY",NA
"1325","rf3iHqE240I",NA
"1326","qDWJllytQwM",NA
"1327","hDPZvTcKyzw",NA
"1328","RByoMwxHxxo",NA
"1329","tj814hcan3c",NA
"1330","rWtRFEEbdhk",NA
"1331","cK_scrPFOt4",NA
"1332","zcNWeWxgw5M",NA
"1333","wJY-4ueo-3U",NA
"1334","qmQP4TBvCu4",NA
"1335","q849TUnJRO0",NA
"1336","l0jVo2oGDwo",NA
"1337","I2RZVusUbCU",NA
"1338","-ottnI65duU",NA
"1339","qOuNceOzNAI",NA
"1340","8TYwRQP_8Ek",NA
"1341","Tj_48kPwKtc",NA
"1342","T-Bvf6s7gts",NA
"1343","TNo1l06Jz_w",NA
"1344","XR-_dafQRxc",NA
"1345","77ZdDhj2iU8",NA
"1346","-lfOObH83fk",NA
"1347","dyOyfnzMX0E",NA
"1348","eQPSq3kSjfg",NA
"1349","NzDyWRRI4CQ",NA
"1350","8CydgiuZ6No",NA
"1351","6SX4EYJM6zU",NA
"1352","HRNq5O2ieOs",NA
"1353","UpJrUNJcS5w",NA
"1354","VYslZytdOWg",NA
"1355","juDsiLpI3QU",NA
"1356","86gZJB0voCg",NA
"1357","F6f4eAXQkqo",NA
"1358","Q2YB7jfpPEM",NA
"1359","HAg3fuFczs0",NA
"1360","JyQJHOEK3RQ",NA
"1361","I5dD9n2HlIg",NA
"1362","Nk8ca_ftL7c",NA
"1363","1CKDs0APLhQ",NA
"1364","tGgLvA31RQw",NA
"1365","5Eulut8erDQ",NA
"1366","ubWpCEa0JkM",NA
"1367","8b1F8p4D_uA",NA
"1368","7TycGwEbJa0",NA
"1369","jlR3T0r7exw",NA
"1370","5_-spKPRU-I",NA
"1371","QVWxzZA4KSo",NA
"1372","q3WWxTbS7gc",NA
"1373","BslcqqAOmRQ",NA
"1374","vfNe4a67pWE",NA
"1375","PXvggkfusi8",NA
"1376","LfNiC9XiKTU",NA
"1377","SFejUSu3iDE",NA
"1378","ym5e-QwsXA0",NA
"1379","gSoRJXxKytc",NA
"1380","rN6VfMy-sFs",NA
"1381","Tx2OGsc06-4",NA
"1382","7bZXRWl7N6c",NA
"1383","c_AfDKrnpzE",NA
"1384","cPVg75umbLg",NA
"1385","f6a_eGFDG_Q",NA
"1386","HlaoVkWRa_A",NA
"1387","V06uqRkQEMs",NA
"1388","k27mr6p-yhY",NA
"1389","j-LYszuQV0E",NA
"1390","5csDkBlgb24",NA
"1391","8cpTkdmi2TI",NA
"1392","mBBUr2MOyTM",NA
"1393","eyMq6KuWUJQ",NA
"1394","vpAMDXRqmWY",NA
"1395","KX2eIxQmDSQ",NA
"1396","x9NTXVtCz9o",NA
"1397","mrPb4Y0eewA",NA
"1398","FPAk81X3tTY",NA
"1399","jXL4YQa7JAE",NA
"1400","eRdE_s9Gmc0",NA
"1401","HeGMAM9Dgv0",NA
"1402","hctApy_i-qg",NA
"1403","Sw_K24hbRjU",NA
"1404","d81ur0_H_zQ",NA
"1405","mr-M3-QYKyo",NA
"1406","V3iJpVqqSBA",NA
"1407","QAsfOcGjgoM",NA
"1408","8CVEIE9V_is",NA
"1409","NXTv3mBj2oA",NA
"1410","tpKSAQvCP2Y",NA
"1411","Y6tvRqVCSac",NA
"1412","QFcA3uQp5VQ",NA
"1413","LMIW7HR2LOo",NA
"1414","lyK3U2iVnCA",NA
"1415","dInwVhRtN4E",NA
"1416","TTfe2Manwmo",NA
"1417","yacDlrwsABY",NA
"1418","TNosPXV8W9o",NA
"1419","-IPanvJaZ0I",NA
"1420","MU4QL-VwDlc",NA
"1421","1j1gfHwLICo",NA
"1422","Iw_mpCvN2mM",NA
"1423","OEliPNPlB9Q",NA
"1424","rxy9NVog6Lc",NA
"1425","sqW95LOMrBU",NA
"1426","WSfOtDcL1m0",NA
"1427","VHr1hIxPrw4",NA
"1428","v5L6wjOfEOg",NA
"1429","210HdCL8fMA",NA
"1430","9nvutT-Bj3w",NA
"1431","CdU_Vm3gOO4",NA
"1432","bVISTe6rah0",NA
"1433","CLWrLZMyzhU",NA
"1434","wl7FV1LHcU4",NA
"1435","5fvTKc1i8Xo",NA
"1436","Oo2MB6n6VjY",NA
"1437","gvMHs3B0GqU",NA
"1438","AkLELrXU0yI",NA
"1439","OOQlCD5qMPY",NA
"1440","cenLUmBgLM0",NA
"1441","pnHnZB99X2k",NA
"1442","S1k2McCI-v0",NA
"1443","kn5tPL-OnMM",NA
"1444","pI417jeeUNg",NA
"1445","Yt1jQ6KcArg",NA
"1446","Yo8XZKkv5aQ",NA
"1447","v-mQ6c86_LY",NA
"1448","jbfMvlLodbM",NA
"1449","tshYDrzxTvw",NA
"1450","vohA4wEOyHo",NA
"1451","z3cuKliZ58Y",NA
"1452","FhlsfkfZO38",NA
"1453","K18X7bwYkEU",NA
"1454","cludvHBlLHs",NA
"1455","7N0Cf1GeGVs",NA
"1456","goKxKmuWKJY",NA
"1457","HZ46yR-Lo8c",NA
"1458","DxVsB5sO94E",NA
"1459","va_NXwxSoSw",NA
"1460","CzmIrPvIzxk",NA
"1461","raTQK0AaSEY",NA
"1462","swY_WR5xZdw",NA
"1463","QT1qx-5K0y8",NA
"1464","tt-ifhj7D64",NA
"1465","LTLu3icCpQk",NA
"1466","3TpYRpn_ylc",NA
"1467","OEaNSRT-OJs",NA
"1468","o4_tHTmniw4",NA
"1469","IvOSJPfxXMc",NA
"1470","gut423ANiwo",NA
"1471","CbkWMJVhYUY",NA
"1472","EKbWvGLC97Q",NA
"1473","MACaqTydZw8",NA
"1474","jty6SSQoelw",NA
"1475","ENDnqHjBalM",NA
"1476","GsU_4-WMeVE",NA
"1477","qG-c8DtOm9g",NA
"1478","7bcgRjM3mE8",NA
"1479","1TeBl6jOHtU",NA
"1480","8W6IeNooyLY",NA
"1481","s-KAJ6iMQ3U",NA
"1482","g7OH2OhIjJA",NA
"1483","SAcpESN_Fk4",NA
"1484","paXOkGMyG8M",NA
"1485","sardEJDvLsY",NA
"1486","5Ff3GgI70aU",NA
"1487","2ACktbmscxg",NA
"1488","HCF1br05oLM",NA
"1489","APJOEIxjAGg",NA
"1490","ElZVKOPmxEU",NA
"1491","0xqA9tTZEZU",NA
"1492","DJ-gMKLrhWg",NA
"1493","89J5hbHcxdE",NA
"1494","zcFyXaLeXko",NA
"1495","vcpFB81IPSs",NA
"1496","95kTDwGuQrA",NA
"1497","FoztKuXEYnQ",NA
"1498","6ykQ_YQRL1c",NA
"1499","673V4RbuCIY",NA
"1500","EVdt2TjEB8U",NA
"1501","NkxyLeZZkQA",NA
"1502","imiWa74cb3w",NA
"1503","HhTbdpGPxV8",NA
"1504","m1E8bULFW4w",NA
"1505","KSxG05300Nc",NA
"1506","1KqD8k7zm7Q",NA
"1507","TKSlH-1XZho",NA
"1508","3KykImCH9Gg",NA
"1509","sFljGNQIiSo",NA
"1510","O3yz9KMdKIU",NA
"1511","ukk1iMQdfCk",NA
"1512","K_sHGt8TMIs",NA
"1513","r3exolMmz_Y",NA
"1514","T5flqU0SPUs",NA
"1515","aeQe_mZcyf8",NA
"1516","twjdE0606bM",NA
"1517","Ku1nQl43CcE",NA
"1518","oBSkuzol5d8",NA
"1519","s3i7YGtgDoA",NA
"1520","2jQBTKfH1fk",NA
"1521","zGcyzBD_pog",NA
"1522","nHopexb2L_M",NA
"1523","ROYp7JFbIvI",NA
"1524","OVVR7Voao3I",NA
"1525","sGA81VZOGqI",NA
"1526","OpwjrFKp5gM",NA
"1527","6X1vaf2f5fA",NA
"1528","JC--GR5y80c",NA
"1529","1jhJTgvbJDU",NA
"1530","Zhu8afEu7DQ",NA
"1531","UCZVSr2Xt2k",NA
"1532","6yQb5HwndgQ",NA
"1533","GTUruS-lnEo",NA
"1534","hwdpBn8vY_Y",NA
"1535","dcGTy9CFd7o",NA
"1536","Gkv0-qUlZlE",NA
"1537","qw4965GgNGY",NA
"1538","3HP5zp2AlH8",NA
"1539","afbofqervWU",NA
"1540","QPKGF07SqTI",NA
"1541","gtDFBEHY5Mg",NA
"1542","MlVX1qgw0jg",NA
"1543","5dFI7M3D49g",NA
"1544","QiC-0Kjpj2c",NA
"1545","Oc7WuYfGbrA",NA
"1546","cG7YWGOTZcM",NA
"1547","r12w4iRBLp4",NA
"1548","ImutnoiBixY",NA
"1549","J4wTY746M74",NA
"1550","0OUh6N4k0Ns",NA
"1551","r7imYeuAfkg",NA
"1552","DUzEYcR2VtM",NA
"1553","TDKwu-LSNmg",NA
"1554","da9xhQOcoHk",NA
"1555","A43bbzjiAuU",NA
"1556","vPP6aIw1vgY",NA
"1557","ygbkRSwpb-E",NA
"1558","Ru4zkxNuJ_I",NA
"1559","Jp4nU6wFero",NA
"1560","oVsA6B1cweo",NA
"1561","ivfspJOAtBI",NA
"1562","AWZ4dJgDrMs",NA
"1563","RhrKJvAKsGQ",NA
"1564","Why8_ELzraM",NA
"1565","JfbluQCz4CI",NA
"1566","ue80QwXMRHg",NA
"1567","tpqC2nRfJp4",NA
"1568","w-RXEPscMyQ",NA
"1569","0dG6HliC9OI",NA
"1570","dMqojcN-DWI",NA
"1571","dMqojcN-DWI",NA
"1572","dMqojcN-DWI",NA
"1573","dMqojcN-DWI",NA
"1574","Rdk087d5KD4",NA
"1575","6ziBFh3V1aM",NA
"1576","UwrF_0pq8Vg",NA
"1577","8kKKncowWgs",NA
"1578","XpICoc65uh0",NA
"1579","u8MeW2r_qq0",NA
"1580","CccA1a8V0GQ",NA
"1581","lokJkv32EUA",NA
"1582","MCoE18Jobe4",NA
"1583","ThQCSSBk5ew",NA
"1584","1-t7Lt1Kbys",NA
"1585","QBALQYAlYDY",NA
"1586","lyj7A6iD9Nk",NA
"1587","DKlX-K9Kioc",NA
"1588","Xcq9eFAtQ0Y",NA
"1589","oNAkBRtfA18",NA
"1590","FsEhY4SexV0",NA
"1591","YVfnQmz1MbU",NA
"1592","-82HPlBe274",NA
"1593","8HQuLtsbn98",NA
"1594","nd_QT3VIRsk",NA
"1595","iB-vmCg2554",NA
"1596","F5JV3nVOLMA",NA
"1597","fHgL8FsWtm0",NA
"1598","SxWSrcvSWv0",NA
"1599","GjEgreHY6Zc",NA
"1600","QxoljS-qE_Y",NA
"1601","lZSCGZphjq0",NA
"1602","lPYGTSDgcAc",NA
"1603","qvvoTDY8VeE",NA
"1604","fzWF6f4b7OY",NA
"1605","M-lQfZgRVNI",NA
"1606","DIbYq3lhiF0",NA
"1607","cSp1dM2Vj48",NA
"1608","KiWUv4eKmJY",NA
"1609","l8F5GaqPtdc",NA
"1610","LL_um6m0ftc",NA
"1611","sXSk1F1X7Yg",NA
"1612","OR59r-LLnJA",NA
"1613","P5Lc_qaFTls",NA
"1614","Q6ovaaNmIJc",NA
"1615","UaQ8CNLE1bk",NA
"1616","fpsY15kKe2M",NA
"1617","E0Jx_4_DQpE",NA
"1618","8alNeD_41Q0",NA
"1619","g67goH9g3gA",NA
"1620","ZqEUYxYdD74",NA
"1621","HKEI3qIRtjs",NA
"1622","DrLuwj2-jcA",NA
"1623","ZjuPXYpErMQ",NA
"1624","8uY8EPh4Wi4",NA
"1625","HmaumVHMsUU",NA
"1626","MlcV_9tIuas",NA
"1627","v3MbqG8rPy8",NA
"1628","cPEhLT9fEc0",NA
"1629","O2wjUYpDicQ",NA
"1630","zSWW1oPTq5A",NA
"1631","58Jdl7rjhP0",NA
"1632","cszhXmN_uGY",NA
"1633","h03VjtB4ODo",NA
"1634","fC1oNxzx_f4",NA
"1635","7vEJMH99Ciw",NA
"1636","o2_jyw9xqQ8",NA
"1637","Uylhej6X5GA",NA
"1638","Crm5euu11ZA",NA
"1639","7yUvG8hRst0",NA
"1640","Vxgps46SJjo",NA
"1641","MvtU78OuEnA",NA
"1642","kzNCXT8XS9Y",NA
"1643","hSwKBTAGAGk",NA
"1644","0IY2VrQCgBM",NA
"1645","Q0CbN8sfihY",NA
"1646","vkVTf_jQG7g",NA
"1647","l5vACw-BHBA",NA
"1648","wEe7ix0wO08",NA
"1649","y068ZgkH3-E",NA
"1650","TjYP6-gqDjM",NA
"1651","6V1_Xc5_IqU",NA
"1652","FwD9X09-goQ",NA
"1653","g7RFYQhqnAQ",NA
"1654","xuJDzUK-Hm0",NA
"1655","eP9WH_qW7uI",NA
"1656","95lQlgl4Q9Q",NA
"1657","9wpus5retq4",NA
"1658","Mi3GdCyzHCY",NA
"1659","9cP17vTta_g",NA
"1660","KnQ2dSJdiLw",NA
"1661","3rRH3U-lcwg",NA
"1662","s3Eoy_ApTWY",NA
"1663","Qvg8zs3TDHs",NA
"1664","lVbaGECUIrI",NA
"1665","QMiE3yekxz8",NA
"1666","9ENJYUbdFgM",NA
"1667","xEx-FjhVQZw",NA
"1668","L5KYCsWhado",NA
"1669","DGyARbGErus",NA
"1670","stWlELuabKI",NA
"1671","M7dtIkVaN6s",NA
"1672","urfrsTq8Fh0",NA
"1673","inSFt1HZ6G0",NA
"1674","VWQdyhBAFVg",NA
"1675","WOKSPERRH8s",NA
"1676","P02DBoAzzq0",NA
"1677","zY3TRZhapbI",NA
"1678","Q8Fix0-QCKA",NA
"1679","9p61fyZ_jds",NA
"1680","IFHtcvG5DNI",NA
"1681","BWJ_lNRh6UM",NA
"1682","Nti8ErmZtxc",NA
"1683","l3Sqdk88gH4",NA
"1684","QfSBBjueS04",NA
"1685","Rr4stleAC1g",NA
"1686","06od1w92BlA",NA
"1687","XFSWbLOKGnc",NA
"1688","PtjGkDiNwhU",NA
"1689","Goaq_eQwuag",NA
"1690","VwsnlsZX6xc",NA
"1691","qbsLVSvC2-w",NA
"1692","up_Bg_P2g0E",NA
"1693","D41v1a5jteE",NA
"1694","zZ-MYFQ-q2w",NA
"1695","uoGCXFuDiQo",NA
"1696","KA9iQi_2aMU",NA
"1697","ihEuz9mr0xE",NA
"1698","Hd80XHV6fzE",NA
"1699","iMuGlGTJey4",NA
"1700","rWVXLy_fJGk",NA
"1701","KXE6MDp9E6s",NA
"1702","HbEV2n65qD8",NA
"1703","4-JlooqIyFM",NA
"1704","1LS-yxw1k9U",NA
"1705","fCpu2GJgbgQ",NA
"1706","KH77HhmS2ts",NA
"1707","KH77HhmS2ts",NA
"1708","XzPVP6ji750",NA
"1709","MWQxBZs75K0",NA
"1710","2-B7w5YpxUc",NA
"1711","qky1I3a2e0Q",NA
"1712","JP7WmSSn47Y",NA
"1713","ekvd_XhCyL4",NA
"1714","NQThV3ldCEI",NA
"1715","NQThV3ldCEI",NA
"1716","0QnHURuUo14",NA
"1717","0QnHURuUo14",NA
"1718","hhr8IWP9XCc",NA
"1719","f5XZa71E-jQ",NA
"1720","Cy47Zm-F63k",NA
"1721","Cy47Zm-F63k",NA
"1722","VZmDtzBs-KE",NA
"1723","j2aPRlWELwM",NA
"1724","_M-iBZZ8b9k",NA
"1725","9Y_00Ud02GE",NA
"1726","9Y_00Ud02GE",NA
"1727","Adyk-KSdM30",NA
"1728","iO4MaSmuxTs",NA
"1729","iO4MaSmuxTs",NA
"1730","LpRR8Z4Pqjc",NA
"1731","vENDopI5Zk0",NA
"1732","vENDopI5Zk0",NA
"1733","07pCUFgTXoc",NA
"1734","Cy47Zm-F63k",NA
"1735","Cy47Zm-F63k",NA
"1736","0QnHURuUo14",NA
"1737","0QnHURuUo14",NA
"1738","7z_DzizevPI",NA
"1739","WJ_KCdXV5zE",NA
"1740","9Y_00Ud02GE",NA
"1741","9Y_00Ud02GE",NA
"1742","vENDopI5Zk0",NA
"1743","vENDopI5Zk0",NA
"1744","2MmByCWJ-Rk",NA
"1745","MrBl3dhbAKU",NA
"1746","VeoiEqdkKAk",NA
"1747","128PlQ0LPHk",NA
"1748","w_ARjCb9gtc",NA
"1749","DzufA7W-Jo4",NA
"1750","Azh4YUM34Dw",NA
"1751","uK9ouDPrcKQ",NA
"1752","sFzCikcEjZY",NA
"1753","V4iprzOXUW0",NA
"1754","1jyy1vOb0aY",NA
"1755","gmJZpcBfAAQ",NA
"1756","s6z-JwK-tTA",NA
"1757","iO4MaSmuxTs",NA
"1758","iO4MaSmuxTs",NA
"1759","k_4lBxO-BCU",NA
"1760","wmPX-ZJyUCM",NA
"1761","KH77HhmS2ts",NA
"1762","KH77HhmS2ts",NA
"1763","QSVw3c9EI5w",NA
"1764","k04ErjFQO-c",NA
"1765","wA-QW1HP6sQ",NA
"1766","NQThV3ldCEI",NA
"1767","NQThV3ldCEI",NA
"1768","iNsMCDbbxWg",NA
"1769","MqvXNydFZEI",NA
"1770","887cfvcTl-Q",NA
"1771","KQaPJDVRg9Y",NA
"1772","MASjHtM53ng",NA
"1773","H8B_8SzxYcU",NA
"1774","bOUuAdwT4Tg",NA
"1775","7ngeIDkBxKo",NA
"1776","KuFa1y1opFQ",NA
"1777","KuFa1y1opFQ",NA
"1778","msTzWoCd3ks",NA
"1779","l8HPYFsWjwM",NA
"1780","3W7ncVIX0-M",NA
"1781","Akn91JgKKx0",NA
"1782","VIU1W6xiT2Y",NA
"1783","GVqE_OPzN6c",NA
"1784","t3yFQPwV4so",NA
"1785","bJNFMm_4pA0",NA
"1786","a-VLZ0T8WMo",NA
"1787","yjgvl3u6Um8",NA
"1788","7qHGlzT_jN4",NA
"1789","Ml02iaS7soM",NA
"1790","5stof8prYkw",NA
"1791","-C3CjOkF-jY",NA
"1792","PoFDrlz3Hsc",NA
"1793","mFtH17eFmJQ",NA
"1794","IIgJ4P1rq_A",NA
"1795","bHTaxqUW8mM",NA
"1796","j-ZyDl7NuaE",NA
"1797","5hBvhDhKm5Y",NA
"1798","jEGqwB6WIXo",NA
"1799","Oz42l-KZgJo",NA
"1800","JDzXR_mV_fI",NA
"1801","5HAfyCBz7kM",NA
"1802","BxIOtWWpEkM",NA
"1803","JSgiCe-NIG8",NA
"1804","u4yvNMwyWbk",NA
"1805","1SPe82HIf4o",NA
"1806","foyzc8Hxu6o",NA
"1807","U25C6Y495ko",NA
"1808","53ldEcywgQo",NA
"1809","tQ0mzXRk-oM",NA
"1810","YnxHyBbYwQQ",NA
"1811","BH-DlwTPGR4",NA
"1812","P7GV28aAIr0",NA
"1813","M2Ptc335RiU",NA
"1814","BId_L9FqrwI",NA
"1815","IAKp_0PXec8",NA
"1816","OoI7_xMDNow",NA
"1817","qqSyecJ0zAQ",NA
"1818","s6AmG8AufkM",NA
"1819","D4_Ckc24mbA",NA
"1820","DpvHOf-sp18",NA
"1821","KuFa1y1opFQ",NA
"1822","KuFa1y1opFQ",NA
"1823","kZR0LXE0nmo",NA
"1824","71UToH2UrSs",NA
"1825","oNS0H7LUzLw",NA
"1826","PnPt0wOicV0",NA
"1827","_6ohUUzh9kk",NA
"1828","cRXyKt5PJxo",NA
"1829","lBDDHZTM2IA",NA
"1830","qOg3AoRc4nI",NA
"1831","X5m5FbZLvZs",NA
"1832","crRTffDOxGU",NA
"1833","GF_bsZMe7zg",NA
"1834","-LkboVWr69w",NA
"1835","hZnBlAYRKs8",NA
"1836","igZANO_Q1uo",NA
"1837","Isspu_CQNgA",NA
"1838","Nsdf7TD1GHw",NA
"1839","WYOVGcydM1M",NA
"1840","9XH0tXg4YVs",NA
"1841","P_nrGanW3w8",NA
"1842","qu9kMDDsB4E",NA
"1843","qu9kMDDsB4E",NA
"1844","YUyg7I0Ys4I",NA
"1845","qu9kMDDsB4E",NA
"1846","qu9kMDDsB4E",NA
"1847","0NsBor0jY6Y",NA
"1848","eyGXBcsw2do",NA
"1849","Bcl1gtfNgww",NA
"1850","VlsQC87i06w",NA
"1851","zsv6v8aN9dk",NA
"1852","feGHmv_eDcw",NA
"1853","JtF-x8EMMCM",NA
"1854","mXcZ7WDsVwk",NA
"1855","yehubVC6EBE",NA
"1856","AdzZ2Cr_tu0",NA
"1857","sC_YlhYh844",NA
"1858","ziIS6NJk_GI",NA
"1859","Kw8jKvJEVTk",NA
"1860","xyxtrxa60mA",NA
"1861","CigEQmYNJjk",NA
"1862","aqTm6wHcJYI",NA
"1863","pERXVqS54XE",NA
"1864","v7xjyKzR8Lc",NA
"1865","invFudGIi68",NA
"1866","EL733nvX1Pk",NA
"1867","d1FZ4C3_ujc",NA
"1868","foddTOat5eQ",NA
"1869","bSGem1H36eQ",NA
"1870","Z1i8kbjsvHw",NA
"1871","xVO4wiYBEWM",NA
"1872","a6rQ1kFskzo",NA
"1873","teTYU_DVmPg",NA
"1874","8gyYlEnkYtk",NA
"1875","ofGP-cy30Xk",NA
"1876","C3A9nVPMiJo",NA
"1877","gNC0L3Z49qA",NA
"1878","vihenYKweso",NA
"1879","fyUbXVCysUM",NA
"1880","eltC7-luSoI",NA
"1881","xhxKWc12_Po",NA
"1882","L_tPzu4QuVo",NA
"1883","v5IPF5y7i_k",NA
"1884","S3_r7aDV4lQ",NA
"1885","EtpBbRsNr-M",NA
"1886","mwxUd_WEu1s",NA
"1887","rQFSR48R4V4",NA
"1888","9ttxmg2nBOQ",NA
"1889","Y1rOI35m1AM",NA
"1890","l8jUNjf5YX8",NA
"1891","yiOic_JgTKY",NA
"1892","JOAWOLaxcCA",NA
"1893","OA_-0niTLp4",NA
"1894","7W8r7AOyf04",NA
"1895","geO8imFyazU",NA
"1896","IuGJ8k6lcOY",NA
"1897","YDTGodG5h08",NA
"1898","gXARGZF1Wp4",NA
"1899","YcihKBUU8aw",NA
"1900","ZY5oov1_jbo",NA
"1901","ZZhQQ9l8YD0",NA
"1902","-mNUmKNzGgM",NA
"1903","16g227KwNDM",NA
"1904","nIbadci1Y3Y",NA
"1905","H5P1o-N6s-M",NA
"1906","CtWqv0Z3ErM",NA
"1907","R2k_Tkwz5hQ",NA
"1908","fkcoikeyo1I",NA
"1909","jq_4ZJrfm3w",NA
"1910","wyxvyh1Ssro",NA
"1911","u3oXweg3nX8",NA
"1912","q9nHYIAsgVA",NA
"1913","n9UxHQ1unn8",NA
"1914","32_KENF4Rsc",NA
"1915","UCTFQ8OK8h0",NA
"1916","ZhPAjaFEnVU",NA
"1917","7La6I5U8JQI",NA
"1918","zlcJlMpgAks",NA
"1919","KIG1s9Ia1jU",NA
"1920","qGqiHJTsRkQ",NA
"1921","9ZflWGh5mJY",NA
"1922","zOceeeWDTag",NA
"1923","pdipblQmgnw",NA
"1924","g6YmUpt_zYA",NA
"1925","aFdjGLCn2go",NA
"1926","dgg_JkHeFJs",NA
"1927","TVQdq1kbN6Q",NA
"1928","stznrpS3_Gc",NA
"1929","_QP5XTFl4hw",NA
"1930","Aow1oh23JKA",NA
"1931","kjukMbfVc-Y",NA
"1932","jDN4ygPL9oc",NA
"1933","2pXvwPY-iTI",NA
"1934","p-YaTGA4kW0",NA
"1935","MaFkV-SeRyo",NA
"1936","YPuhNtG47M0",NA
"1937","QTli1HU9axY",NA
"1938","U9GOfc4UNek",NA
"1939","l9laReRAYFk",NA
"1940","G4wTERfoPfA",NA
"1941","0DEKkcJHWMw",NA
"1942","h1ExUHMA5gw",NA
"1943","mXiPYeZsbuE",NA
"1944","RogL6k8acY0",NA
"1945","wiZShYMpd7s",NA
"1946","E4257TfOCew",NA
"1947","GqoEs4cG6Uw",NA
"1948","MPciFaF7DkI",NA
"1949","q0hyYWKXF0Q",NA
"1950","r7rcE7bhCFE",NA
"1951","b7vBMrySXM8",NA
"1952","Zf1QQO1HgYs",NA
"1953","A7ZkVDTEg6g",NA
"1954","uloBdN4WNkk",NA
"1955","LFpFPHqAmQg",NA
"1956","iphqRPaaeP8",NA
"1957","Wj80g9MeYcY",NA
"1958","M6xZH9XzDzU",NA
"1959","YeYi9G8x-38",NA
"1960","zSJuUhM9zQ0",NA
"1961","j4paVOmz9oc",NA
"1962","KgTgVd1yhHs",NA
"1963","LXuRLm2_i7I",NA
"1964","znQIy4WvNB8",NA
"1965","0rBnkBIhoFE",NA
"1966","dWls64OVYmg",NA
"1967","fEZrbn9rVyg",NA
"1968","7iPyz6Yqwl4",NA
"1969","kCoMHyKliLQ",NA
"1970","m86AdMLa_jw",NA
"1971","jlygfTxNaY0",NA
"1972","YFZAOUx71z8",NA
"1973","CRg68F2lyQM",NA
"1974","YXL33tEUA3g",NA
"1975","Nd1TozqJJ8w",NA
"1976","leopt__ATR0",NA
"1977","VUo6NKm7peE",NA
"1978","hP6FIhE58tY",NA
"1979","b3fQr3ec-9o",NA
"1980","qfyuad-0j-4",NA
"1981","TxH1VYh2HQc",NA
"1982","QskSDQK4bfk",NA
"1983","cDLzkwuXV4Q",NA
"1984","3nY90-U70kc",NA
"1985","mnEx-KX-aEs",NA
"1986","BqyeR9rOaPU",NA
"1987","DISyzOYnoLA",NA
"1988","UhmDaf9f0Rc",NA
"1989","DzlHzYUVZ8U",NA
"1990","6C9G8b1iumQ",NA
"1991","KFa-m77Uyyw",NA
"1992","IPvY5LVfZO4",NA
"1993","-GA27Mn3GvA",NA
"1994","i0xtDz7EEHg",NA
"1995","i0xtDz7EEHg",NA
"1996","i0xtDz7EEHg",NA
"1997","i0xtDz7EEHg",NA
"1998","RbkKtz501es",NA
"1999","66ip7Fjimm8",NA
"2000","1jr5BtcR8pI",NA
"2001","XzCqD5zAcFs",NA
"2002","61o8J64XIj4",NA
"2003","sgvrRoknibw",NA
"2004","SRuQzlVjOSM",NA
"2005","FjrSayzGwOg",NA
"2006","_4Wl1sG_CcM",NA
"2007","Zq6b_WFajZU",NA
"2008","Y8nQca5yyTQ",NA
"2009","bx2jIjv5g-M",NA
"2010","EgzZGLa1_n4",NA
"2011","Gm872pHVCUE",NA
"2012","B5xt8GA8L10",NA
"2013","wdAi4O1wSeo",NA
"2014","IQQ8_VVR4TA",NA
"2015","PEr2jxd3mDI",NA
"2016","VIU_xvQNNgo",NA
"2017","1vuAmkC4td0",NA
"2018","RSXHxwryNUA",NA
"2019","wrvEjr8QuQ0",NA
"2020","4gC-qgSmGDI",NA
"2021","xOL9tFilqeg",NA
"2022","Tci0dw0Nl0M",NA
"2023","AST2-4db4ic",NA
"2024","yZQpclS3tO4",NA
"2025","cW7NAxn3oVQ",NA
"2026","OjljgkCQv5c",NA
"2027","YOpySXANjxU",NA
"2028","oEvbinEldgY",NA
"2029","RDj8Y2K0ODA",NA
"2030","y5aAcMMSqVs",NA
"2031","OU5PjPPQ8qk",NA
"2032","kNw8V_Fkw28",NA
"2033","eQHKhg4dBlA",NA
"2034","ZHh4hWWHD7I",NA
"2035","1JLUn2DFW4w",NA
"2036","0jda8b7F83I",NA
"2037","Tb-E-WUJl44",NA
"2038","HfiH_526qhY",NA
"2039","ZnKvQbpDYXU",NA
"2040","5FV74Nbu0i0",NA
"2041","RXqHMEW9ZTM",NA
"2042","WavZVQM3U00",NA
"2043","DTZawxHLv94",NA
"2044","neBkma9xtjM",NA
"2045","ejqSTxm8Fws",NA
"2046","lZKqMVPlDg8",NA
"2047","RjzOrkxqMGU",NA
"2048","1gzdlfCp2Iw",NA
"2049","zK7ztTKzTnQ",NA
"2050","Bkj-NuT_qVc",NA
"2051","qn9UT-6Edag",NA
"2052","Ux9tIuEYxP4",NA
"2053","iXwipiMXxZQ",NA
"2054","rZ1yxpyJrb0",NA
"2055","-iwb6fNf2J8",NA
"2056","FYUOAr_NnSQ",NA
"2057","RCY3dk9PsX0",NA
"2058","sPRyLj3c_eU",NA
"2059","PnDolZin798",NA
"2060","90bjGtyTjV0",NA
"2061","kT0H9wd0Fic",NA
"2062","Ygt7hnkqEcw",NA
"2063","ocjZfos8bAo",NA
"2064","Muq8JTtnrTo",NA
"2065","54oVwaJiAzc",NA
"2066","CRZhAonfTZs",NA
"2067","0n53mySm0Tg",NA
"2068","rCq6o1EGRTg",NA
"2069","jIjxupYTkdo",NA
"2070","IZav3EdNK_0",NA
"2071","8hbmkeVI9oU",NA
"2072","YjB-6zifCzA",NA
"2073","uDzYAy2BfK4",NA
"2074","uXox8vo9bmc",NA
"2075","1cdVZtLiBQA",NA
"2076","TrjLNpfDTi0",NA
"2077","mEUjzSKWbnE",NA
"2078","Bl6eouVUsCI",NA
"2079","fqF-3urweOk",NA
"2080","k_huLZPULZg",NA
"2081","3olGIsAPXF8",NA
"2082","SBYyljIe7Lc",NA
"2083","X1K0LFc5Evg",NA
"2084","uvavIfjTDaE",NA
"2085","eac0lXfMs9c",NA
"2086","XNNGulMU9I4",NA
"2087","KTsXi55AMCc",NA
"2088","HGVjgSHUkh0",NA
"2089","alQlJDRnQkE",NA
"2090","Xm2uwmJRLwk",NA
"2091","yBA4hrgAMdM",NA
"2092","7kmCLXA5XHU",NA
"2093","BQnejVZLQ6w",NA
"2094","CJhtn98Ilnk",NA
"2095","VyKEIOfITbI",NA
"2096","O3mf_ewjc7s",NA
"2097","IeSbSGWJxEQ",NA
"2098","2HU68PQAgeY",NA
"2099","nB-Du3FTIWc",NA
"2100","fUeOBdxSjc8",NA
"2101","1PptV72Nj_k",NA
"2102","UNMd1IOwgeA",NA
"2103","aPBtlodQ-Ws",NA
"2104","pRXmxtgZgMM",NA
"2105","pRXmxtgZgMM",NA
"2106","N3ItnRyV5h8",NA
"2107","DSCb022d74Q",NA
"2108","r0KEe-hMsLg",NA
"2109","r0KEe-hMsLg",NA
"2110","HLnNY2KiQEQ",NA
"2111","HLnNY2KiQEQ",NA
"2112","dRUCuLUfl8E",NA
"2113","dRUCuLUfl8E",NA
"2114","8ronQlKE2aE",NA
"2115","NzAJfdAWJ74",NA
"2116","ZgdFQB-4t7c",NA
"2117","fAbkuAnK9FQ",NA
"2118","PXQqgZYBKE8",NA
"2119","RdnB95kq8Ss",NA
"2120","5oxjak-PH4o",NA
"2121","ta-bmjhYzqQ",NA
"2122","NYD91vOjJjI",NA
"2123","vNbx7J0nXDk",NA
"2124","bGSeJ_L6VoA",NA
"2125","06yyDesflLI",NA
"2126","9ONenQzv3Nk",NA
"2127","9ONenQzv3Nk",NA
"2128","MO-nalr420o",NA
"2129","OTHYDZh4OUw",NA
"2130","OTHYDZh4OUw",NA
"2131","5hy6x2n5T1w",NA
"2132","5hy6x2n5T1w",NA
"2133","kVUPa0oi3ZE",NA
"2134","pRXmxtgZgMM",NA
"2135","pRXmxtgZgMM",NA
"2136","9ZxYJerV2MA",NA
"2137","9ONenQzv3Nk",NA
"2138","9ONenQzv3Nk",NA
"2139","dRUCuLUfl8E",NA
"2140","dRUCuLUfl8E",NA
"2141","A1HU7xIH-lw",NA
"2142","XpdGUXYEcp4",NA
"2143","MtNzly81ARY",NA
"2144","53Bkm5jsNZs",NA
"2145","r0KEe-hMsLg",NA
"2146","r0KEe-hMsLg",NA
"2147","IuT2wUxVhKs",NA
"2148","f_P9x5b-gSU",NA
"2149","MUS4nU4-1X8",NA
"2150","4YFd0rGKffM",NA
"2151","K7VXw9cvTuQ",NA
"2152","gIGi6axTDeM",NA
"2153","DZgh6Ola1lo",NA
"2154","XQdjbMIKQLU",NA
"2155","Vp0CsOKpMKE",NA
"2156","Vp0CsOKpMKE",NA
"2157","UUWaM47biws",NA
"2158","1omp4MW2A40",NA
"2159","M-OwQPlmGXs",NA
"2160","nUr6YV91hoU",NA
"2161","Jfte5lCPaDc",NA
"2162","HLnNY2KiQEQ",NA
"2163","HLnNY2KiQEQ",NA
"2164","zXchzE_o8lk",NA
"2165","9TLKsyf0MXw",NA
"2166","TMvhGQ36WcQ",NA
"2167","EXJmZnLJYU4",NA
"2168","O_6DOJ1_cgY",NA
"2169","OTHYDZh4OUw",NA
"2170","OTHYDZh4OUw",NA
"2171","0xywByrJ3II",NA
"2172","SbkrH_Bazlg",NA
"2173","X6YvGvj1SWw",NA
"2174","mXatdLeRxaw",NA
"2175","mQZvBa6YS-U",NA
"2176","ceAdgzJhd0U",NA
"2177","lVi77bZD7vg",NA
"2178","ZS8ahsaaVXY",NA
"2179","5hy6x2n5T1w",NA
"2180","5hy6x2n5T1w",NA
"2181","Z4DOMaM6O8I",NA
"2182","EQBBuqWEalk",NA
"2183","5ZyoDsvk8yQ",NA
"2184","B413gq-SLLQ",NA
"2185","ZQCEDp1WxfU",NA
"2186","v70t1pv3ne4",NA
"2187","DJcTG-VnLrI",NA
"2188","1Ks6JqLzVTA",NA
"2189","gQwcXkBH1Rw",NA
"2190","po0dmHhgsxU",NA
"2191","JieAnjNmY3I",NA
"2192","aJGXsVHkhrk",NA
"2193","frE9rXnaHpE",NA
"2194","kIFsRm_1G4o",NA
"2195","sihl7OX7dSI",NA
"2196","Vp0CsOKpMKE",NA
"2197","Vp0CsOKpMKE",NA
"2198","lo7SH3S6zCw",NA
"2199","zhGgCgd3gMA",NA
"2200","5OZbydb0FdY",NA
"2201","CvuOZXVcCHQ",NA
"2202","7AjmrbE-NTM",NA
"2203","8OEhqmKmZ9Q",NA
"2204","__2spu_yxtQ",NA
"2205","RFU4Ip3kS6E",NA
"2206","4a-T-VOuY_A",NA
"2207","HD2sz9RVzfM",NA
"2208","ujmznjOs1yo",NA
"2209","jzeYdxu9S3o",NA
"2210","palrl5jIOMg",NA
"2211","Ekl021fmWGc",NA
"2212","Nryqv8Ve13g",NA
"2213","JFo6iLDNzX0",NA
"2214","Le3kuCrE8VQ",NA
"2215","cWvUsaYcFWQ",NA
"2216","BeXqZ0uNDEU",NA
"2217","6_QdGFnGF7U",NA
"2218","qk7DT43hwFw",NA
"2219","IDVrP7GPakY",NA
"2220","W9UcImEiF9o",NA
"2221","6R__cRZAVCA",NA
"2222","k6TUgccyzNs",NA
"2223","YRMCCvkIlwU",NA
"2224","iKY407VXg3s",NA
"2225","1ZZG0z6pXoc",NA
"2226","lISBP_fPg1s",NA
"2227","KT0llbezGfg",NA
"2228","NGeFA2fWzX8",NA
"2229","X9TGFNoygkQ",NA
"2230","dIu418Y0TGY",NA
"2231","9i5bQUvGQjU",NA
"2232","XiST0M7nIgQ",NA
"2233","fEocj1eLsmg",NA
"2234","msaelEZ_eEs",NA
"2235","mQNcPJChfLM",NA
"2236","FgYr00Scelc",NA
"2237","uGFAlOZK6mM",NA
"2238","TstteJ1eIZg",NA
"2239","xO7O6zwFZ1k",NA
"2240","BQeI4i2Nzw8",NA
"2241","rny3UdYPDn0",NA
"2242","QsuIp03FENc",NA
"2243","km3VtR6mqmg",NA
"2244","-DF-MgSuhQ0",NA
"2245","uzHwlt3dmmo",NA
"2246","BCYhCFGa90E",NA
"2247","xEAsC8A1Ins",NA
"2248","5IWjRME7Is0",NA
"2249","vbUTbqwKtEE",NA
"2250","ghpYpbgtLIs",NA
"2251","iPOCZdhEf28",NA
"2252","QwOotBBYKD0",NA
"2253","XA7Jv5hIkKg",NA
"2254","7_uvEuNwUj4",NA
"2255","5-_9AFwMDmQ",NA
"2256","bJuDofIoW34",NA
"2257","OXNQ5yVTGiI",NA
"2258","eFnw_27t9-o",NA
"2259","u455yxBv35A",NA
"2260","QhiZRKpwoAg",NA
"2261","Y92N7SFJ0Fo",NA
"2262","H_rC1fPHqMI",NA
"2263","5smiFOYQA-Y",NA
"2264","OurCnuyC8zo",NA
"2265","xRkZAfoaEw8",NA
"2266","xby81m1GtH8",NA
"2267","BvjorMEnuUI",NA
"2268","evY1lSaPyjM",NA
"2269","9aldDI2WF7g",NA
"2270","Atb5LNPuxyU",NA
"2271","4rwJ3BnGrl0",NA
"2272","JC2TvxRIR4Y",NA
"2273","ESSsStp3pFU",NA
"2274","hYOXLwqviR8",NA
"2275","HvIGrLYKRh8",NA
"2276","TnyBXvB3_ho",NA
"2277","vmm8P0V1W4g",NA
"2278","kQMBvps56LA",NA
"2279","rZlzxsrv4ow",NA
"2280","TIbZNmvyLBI",NA
"2281","dsktumll-zk",NA
"2282","_BhAyhppOvw",NA
"2283","wIW_s1yBrcg",NA
"2284","S8Vu6A9LW20",NA
"2285","LGBTD6FdoIA",NA
"2286","M3byaFhO18Q",NA
"2287","IoavfE6TCbw",NA
"2288","gGDONvZKLCM",NA
"2289","QCJ_a5AYVEY",NA
"2290","cDoyywKt1_0",NA
"2291","xrJkcV4DGZ4",NA
"2292","X32pSJrgF3Q",NA
"2293","5PQBWNh2yCI",NA
"2294","H44YauhtGPU",NA
"2295","NHRtlXDOqOU",NA
"2296","HB6-hHOHSi0",NA
"2297","e49HaXu7y1M",NA
"2298","wnL6EmqPaK0",NA
"2299","pGZtlbYLpck",NA
"2300","Rtf8uPmgq0A",NA
"2301","_m90Rm0RX-8",NA
"2302","XCHKYNFH9Lk",NA
"2303","rMz7JBRbmNo",NA
"2304","gN1BjYlhKvc",NA
"2305","_qjEm2ll0qc",NA
"2306","JjSpGeBqJR8",NA
"2307","P-GgTCUYjhw",NA
"2308","CWAYKPvjeHo",NA
"2309","WxyI0Sx0oPI",NA
"2310","1WnfdpZYp_s",NA
"2311","-kYzHmPDZwo",NA
"2312","RFpNZ_n9rcI",NA
"2313","88b1hJVZonM",NA
"2314","aB2fSWvsVt8",NA
"2315","HVN3LoLoiGo",NA
"2316","ylvCOlF5RLI",NA
"2317","MP-Llg5RuFo",NA
"2318","niul8Hy-3wk",NA
"2319","JH3ydCS19Ys",NA
"2320","9iPH8MXkPEE",NA
"2321","LtroxqbcRFY",NA
"2322","3lqYg7jpjfI",NA
"2323","9cySKHPqIjw",NA
"2324","PRv_zjIhGGM",NA
"2325","nxWj-7FF4CI",NA
"2326","ARtdfy65DNY",NA
"2327","k2PsfXZ3wyY",NA
"2328","sAtsZPmjExo",NA
"2329","9rj02jWyo94",NA
"2330","QQq6L1Sw4Ck",NA
"2331","AK85kH5s2zc",NA
"2332","NbRn0e91lAk",NA
"2333","tab4Nxd8GlY",NA
"2334","12wHDwNXBL0",NA
"2335","e3mwmwPhr08",NA
"2336","CZZEp8EaO6g",NA
"2337","iz2ro0h_TmQ",NA
"2338","Apogl-yhTtU",NA
"2339","2tzvi3Xp6sw",NA
"2340","-bfOAhKvUv4",NA
"2341","_pv9Mo7YSU0",NA
"2342","e2Odq49gEbs",NA
"2343","NJIjNs_s2NI",NA
"2344","LjiRvVUmets",NA
"2345","7mGr4Uc7ebA",NA
"2346","7BPbI-31GfA",NA
"2347","ailWATEeKzM",NA
"2348","cJOqz6CPxLY",NA
"2349","WxdM__F4ebY",NA
"2350","2J8mkHUsiXY",NA
"2351","Uc21Z4ffSns",NA
"2352","yHf9QshbQeE",NA
"2353","tsSjtzBhnIU",NA
"2354","5FcTzH6A4a4",NA
"2355","YoJ5ZbrQvTM",NA
"2356","dd_IWBNSKY0",NA
"2357","Dy1EtVWSZjk",NA
"2358","5tXh_MfrMe0",NA
"2359","urnRVr1P2bc",NA
"2360","ZEceOq0EyGk",NA
"2361","GzqRZAyUq84",NA
"2362","Aqo9z6lp4GY",NA
"2363","-mjnbKL7fHQ",NA
"2364","_ItWcGtaJro",NA
"2365","3STBG7qmvWc",NA
"2366","45seX8inbIQ",NA
"2367","8DbzvqOPUIk",NA
"2368","kMlH54YAUC8",NA
"2369","P07QcKI-7q0",NA
"2370","GxfSOXx6iSw",NA
"2371","IsG-tXSQRX4",NA
"2372","0PKGfO1qalc",NA
"2373","1BimnTWx1b8",NA
"2374","d4ftmOI5NnI",NA
"2375","jkH9NrsQBHo",NA
"2376","3hfLMFnGqTo",NA
"2377","gwjAFSu_VKM",NA
"2378","I7XHygPKbYI",NA
"2379","KmdBHOUCDnM",NA
"2380","NoL_vcHmBIg",NA
"2381","Y5NA1YVdQSk",NA
"2382","ElD6Vos6Jbk",NA
"2383","S7DqOPiFsh8",NA
"2384","fEpjHtkttYg",NA
"2385","8IZc_0Q20BY",NA
"2386","0U-kaLEaThU",NA
"2387","pgt1VN5VZos",NA
"2388","YOhPdUMzXjY",NA
"2389","viP6hgNY9Dg",NA
"2390","QxcCdLaKhd8",NA
"2391","UY89o4QFvQM",NA
"2392","I2JSXKFWqGI",NA
"2393","NM3qSPcjcgY",NA
"2394","ltE69FM2Q9M",NA
"2395","xfeLsPRl3so",NA
"2396","LMT8UN9bSiA",NA
"2397","3kYFMRsa8IE",NA
"2398","GLQiskRb02o",NA
"2399","dIQsqL37wzw",NA
"2400","Cqc48kDMG0Q",NA
"2401","yPAPYhU_zsQ",NA
"2402","Ip7GGf2_b6Y",NA
"2403","RyotYUKsVyw",NA
"2404","rUczpTPATyU",NA
"2405","2lTjALcNyhE",NA
"2406","IIBg9UQ_mMU",NA
"2407","aF_Ijr621tM",NA
"2408","WpZ4kY3AJWU",NA
"2409","HWYLFizhjHs",NA
"2410","4H1Lc_JHF7I",NA
"2411","jl5Cg7eg5Co",NA
"2412","x-oYOJsDN28",NA
"2413","7d8eAzAIJNE",NA
"2414","aPeZmPcpiu8",NA
"2415","mHn0_eh6psA",NA
"2416","yFLWYeohwdo",NA
"2417","meEN8tfT7b4",NA
"2418","R9LOzTrj4Bs",NA
"2419","nXmtkGrPEuU",NA
"2420","P1NFw4UD-bU",NA
"2421","WuFjzAD4ank",NA
"2422","y5oIDeR0YjA",NA
"2423","YwUYx52meCI",NA
"2424","9nF30JKchUQ",NA
"2425","EoKGNch3Uto",NA
"2426","_Q-le7bF2bo",NA
"2427","PqgOOLaJkB0",NA
"2428","9ZLHi0bRkeU",NA
"2429","yWmobsXRJW8",NA
"2430","OwxbHfCUgCY",NA
"2431","ca09v5-uqEg",NA
"2432","oiJwh-hFqVA",NA
"2433","ZvT91FX7Hx4",NA
"2434","HvfD9V0ipRw",NA
"2435","ZNfZJuz_1Bk",NA
"2436","gLSQkWiMkzY",NA
"2437","sX1geGYVafU",NA
"2438","NBuA6YIQHCs",NA
"2439","d3SoSKC-D3U",NA
"2440","Pf4RjsdJE0I",NA
"2441","mN3bGj_qbos",NA
"2442","4xh9tddAtMw",NA
"2443","biNv-pCP1K4",NA
"2444","jRNpbWT1L3U",NA
"2445","iptZnaNOegc",NA
"2446","f40_gO9GS7o",NA
"2447","PjuDR9dpiR4",NA
"2448","mksl3tYdyK4",NA
"2449","NPXchkq_JPc",NA
"2450","XUDVp86YWlM",NA
"2451","J_L4nLBweuQ",NA
"2452","YG_z4RpxKWA",NA
"2453","rbN9crmloCY",NA
"2454","V1dSqLTPZI0",NA
"2455","YMA_1YDqjYc",NA
"2456","6mQAgXT_lVM",NA
"2457","k_09Ej9Futo",NA
"2458","tYcwGb9aavo",NA
"2459","1gWvIvzcr7g",NA
"2460","7SCBl_SkWq8",NA
"2461","mEzXLJL48nA",NA
"2462","9636Wq-EZ9k",NA
"2463","2MxnhBPoIx4",NA
"2464","0ebeQcwzJpE",NA
"2465","1i8XVQ2pswg",NA
"2466","QnueLLp0jps",NA
"2467","cX7vZTLFfMs",NA
"2468","pQmAaXpo6Uk",NA
"2469","QsM7r43VURQ",NA
"2470","v4og2nyvAlU",NA
"2471","Up1eNda6Rt0",NA
"2472","SJlfsXxDSSw",NA
"2473","0fOdo02wKhw",NA
"2474","6w0F9xVXn_E",NA
"2475","aJ7NA4hNNc0",NA
"2476","8Kfr7BvVmlU",NA
"2477","UT1oIvMwTnc",NA
"2478","4HuqKOPMlOk",NA
"2479","bO7iMQGQjhY",NA
"2480","Qs7fpgq6LUY",NA
"2481","72dUePdujj0",NA
"2482","ij5LtI4JFsg",NA
"2483","rDCkOZrwZtU",NA
"2484","uZwqpn-aaQM",NA
"2485","9LiQ5MZKYUY",NA
"2486","SrJEWL6QHzo",NA
"2487","F9hudb2HkYs",NA
"2488","sANArNIzsGk",NA
"2489","AgKaHTh-_Gs",NA
"2490","Ew39InPunOY",NA
"2491","vrtHfpkL3O8",NA
"2492","NeCYlSZ-aic",NA
"2493","Pw1_oxgtncM",NA
"2494","fcwuUmY_7Wc",NA
"2495","kmnwAdDRPcc",NA
"2496","2iD0FtV-ZWY",NA
"2497","l1grJsHdgzg",NA
"2498","Npy4pGSzeLo",10.53
"2499","o_0UbLa_78A",12.28
"2500","NQDe5dNoNog",9.43
"2501","3PrOKyzPNeI",NA
"2502","9JCKCpq7-30",10.17
"2503","PRSNvadwM4Y",6.07
"2504","j8PDTJNaPc0",1.41
"2505","G9mDFfERPwM",12.31
"2506","jRHXLSNyPHI",10.03
"2507","2HYR4Lxyc7Y",8.53
"2508","X7Mpp35EAqI",6.41
"2509","hwb4ozNE6w0",6.21
"2510","NC06iPd3C5U",13.42
"2511","7LM4Fmay8rY",19.11
"2512","bq-l3_rIGys",10.53
"2513","sHFeuBlBUos",NA
"2514","iFUFFUb5W4w",9.33
"2515","07d2dXHYb94",4.06
"2516","9TDgcTtFaNc",1.46
"2517","96kI8Mp1uOU",4.19
"2518","sdbHXKlpPAM",2.54
"2519","0HSYMgf4_h8",1.38
"2520","5KXLCkhhWbM",5.58
"2521","J3N5HewglNs",3.51
"2522","n3sSF098q4Y",1.47
"2523","ziIS6NJk_GI",13.29
"2524","qqSyecJ0zAQ",33.11
"2525","FlSQcGbN_4A",NA
"2526","6eFfZUqwkMA",1.52
"2527","lE60WbSvulI",10.01
"2528","lTxn2BuqyzU",2.57
"2529","kXjylzfpDQM",10.06
"2530","vmPvjZKBNYY",11.15
"2531","E-fbaLE_0Ew",5.35
"2532","qLGNj-xrgvY",2.46
"2533","ff8OMFBt_3g",4.56
"2534","EL733nvX1Pk",31.03
"2535","LTneDMPtznc",23.37
"2536","qDjksHH9ohg",3.22
"2537","SrJk1qmthd4",21.43
"2538","kA0Ywk7sQLg",14.22
"2539","ihMR-XhZUtU",2.12
"2540","CeX-Ul2CHEw",0.49
"2541","kNw8V_Fkw28",6.48
"2542","Yk_5Z5KcFUk",12.16
"2543","IHZOfYX8M0M",3.02
"2544","cXmQV2DewbQ",NA
"2545","vgsg6RTfTXk",32.02
"2546","szquJa-ioZg",29.35
"2547","W_B2UZ_ZoxU",3.06
"2548","Uk9MHtArsBk",NA
"2549","eriO46w9aAo",0.42
"2550","kySOnK_hBLY",14.06
"2551","qlPkvHKWM5Y",2.58
"2552","ny9lhBaaIdY",3.09
"2553","pCBP4M08ndE",7.35
"2554","mVLrBJYGxk4",5.04
"2555","2veSikPKNcY",10.49
"2556","3ykaGNl67iI",3.57
"2557","b7swSNzCTC0",23.31
"2558","hp0rZDsXt1w",12.04
"2559","k3hr1W9OFeI",10.04
"2560","TktL3QR8Yg8",12.55
"2561","BlU49dJhfcw",7.28
"2562","aRlVlcsfbS8",5.01
"2563","slV71TdCnbU",10.08
"2564","F2ZwAUzABZE",10.57
"2565","eE2wA8yGcBE",10.46
"2566","cLloxSDh_2g",4.26
"2567","ND_6TS6p80A",30.1
"2568","IxfwFNuhUag",5.15
"2569","9c52Z5sMuTQ",2.28
"2570","1qLlJi_81Mw",4.15
"2571","1qLlJi_81Mw",4.15
"2572","aid_6FP62Ys",22.08
"2573","5Yoy9W7lVFM",10.03
"2574","9ZEoP8hjaYs",10.15
"2575","F9Mw0lsUXxE",2.36
"2576","tZqIQmdSa1E",1.46
"2577","TgCBkZqn-Tw",19.36
"2578","D0nXy8a71Ok",5.35
"2579","zXcQMexZhdM",22.47
"2580","kITEjQ8aYOI",14.25
"2581","9JBNmGlEdLY",6.29
"2582","9JBNmGlEdLY",2.49
"2583","gVaJB5xtZ6s",13.06
"2584","MswS4MC-F3Y",2.49
"2585","8vBtbFUEb6U",13.59
"2586","3dkN9ax1cCo",16.38
"2587","y2LZr9ZVCCY",4.47
"2588","INxiASOpfXI",10.1
"2589","13do8brPPWc",4.27
"2590","0mJlz4Hn6rI",10.29
"2591","0mJlz4Hn6rI",10.29
"2592","1or3YILu28M",5.31
"2593","j6PbonHsqW0",3.36
"2594","uB8sr4oIKWY",53.02
"2595","0BDWeZIyQx8",0.51
"2596","wkihKQ7Exvo",3.31
"2597","GL2OLmKy41A",19.13
"2598","9BqnWVHgCJ4",6.12
"2599","ZjvDFvzfxsQ",2.33
"2600","uDqjIdI4bF4",24.03
"2601","vdTpQdPtnGc",10.56
"2602","fJYpKsGroio",12.56
"2603","Cwn3Ru0o8Io",4.39
"2604","4I4ychcJgGs",4.34
"2605","zVkPM0F0dYQ",7.59
"2606","b54Kj-gyqlI",4.44
"2607","c9DrryMw248",6.03
"2608","prjDlGFC4s8",10.55
"2609","PbuQJMUcgVM",7.25
"2610","6mp37lCXYw0",10.18
"2611","dvUPbBAZdHc",29.07
"2612","1qLlJi_81Mw",4.14
"2613","1qLlJi_81Mw",4.15
"2614","75NQK-Sm1YY",6.48
"2615","E2ydzr9gPbU",7.31
"2616","PUJEp2JCS4I",3
"2617","ryi49QyF2hk",45.44
"2618","FHTuY4OXDY8",7.58
"2619","cD0Nha03qnM",4.14
"2620","vOXZkm9p_zY",3.43
"2621","9JBNmGlEdLY",6.29
"2622","9JBNmGlEdLY",6.29
"2623","c1lgSKUD3D0",2.45
"2624","lhikdD6Hf2M",15.57
"2625","XXhsh9nvgyg",2.27
"2626","ge0RlZdqAkI",3.11
"2627","pVVZw23oRRI",7.46
"2628","2P5ZYT5xPoQ",6.06
"2629","DVO8QrGAPHs",7.29
"2630","RHFpl6ASZcg",3.07
"2631","LxEiXCv4F-8",0.39
"2632","7mCcMhsDIgM",2.58
"2633","ZWNnjB4golY",2.45
"2634","ggQjd4q54aI",10.47
"2635","FjJsncHPOh8",22.55
"2636","4PE2J-ZM9qU",2.43
"2637","kqFGisGFbtA",14.48
"2638","UBJcJVIDRHk",6.54
"2639","KBiAJHVdtz0",NA
"2640","mTF2l_hLyhY",10.04
"2641","MDOE6jgi5gg",10.17
"2642","jO19ozYFHFU",8.32
"2643","8GQhlKMg91k",12.23
"2644","0mJlz4Hn6rI",10.29
"2645","0mJlz4Hn6rI",10.29
"2646","JtXdznEy6Y8",12.52
"2647","JtXdznEy6Y8",12.52
"2648","KoTUrYdP1Pw",22.08
"2649","3hgrw7QQpnE",7.3
"2650","BZtf44DBnRs",33.12
"2651","ma5b3ZOJXAc",23.15
"2652","ZNrJrIVm16Y",14.19
"2653","7q98UZ3rTNA",23.06
"2654","0DMMfv4TiYw",28.42
"2655","rOP3nvxj14A",2.07
"2656","WTPt07NO61A",6.03
"2657","VufDd-QL1c0",13.37
"2658","CCBtyeS2Vw4",24.15
"2659","9x39kfuu5v0",NA
"2660","3B63NMB0BjM",15.59
"2661","wHdIvjJ6aN8",10.04
"2662","I-Yd-_XIWJg",6.09
"2663","20evunLzSgk",7.02
"2664","FwdG6KqEiSM",12.26
"2665","5amWD-VBsoQ",10.08
"2666","Wp8TO7P-MPI",10.06
"2667","PhefIeYAVe0",22.56
"2668","-o8ensmApME",NA
"2669","t7FWAISfnrk",13.58
"2670","eRQkSxXJ0Wc",11.34
"2671","W2UvApvkYaI",5.37
"2672","o_bcPbZGWGE",NA
"2673","XYzhtOpoUQQ",11.28
"2674","GW_fdXHOWp4",16.31
"2675","mHkZb4svIF0",2.24
"2676","0U0uxls41ZI",3.36
"2677","PtqEBZVA-MM",41.44
"2678","IYZEu01yy-0",NA
"2679","OT5ugJ9wEi8",11.31
"2680","j5Sg9A2ldCY",19.43
"2681","m9HIaHLpr5o",15.31
"2682","NcKDmOLP17M",6.48
"2683","CleUrqPLCzU",14.31
"2684","ejrwe7a6XIU",NA
"2685","yC1DuisATOk",2.56
"2686","6FOQUhVYDEU",11.33
"2687","rdnxvPE5n3I",4.29
"2688","TvRhfaouBHs",2.14
"2689","I_1I3ZLUUKE",11.15
"2690","LMvIsyUzkZs",11.28
"2691","C6BQfnsXOtc",10.51
"2692","6AwkELJln5M",11.28
"2693","8c-aVBlt13Q",8.54
"2694","SIX1vtcQKgw",10.52
"2695","htw-_BJIzOQ",36.35
"2696","BHh-M3qi5Gw",5
"2697","xV0SMOVrUGk",6.19
"2698","9p6rVmpd_OA",12.1
"2699","GwRGgCM_A-Q",21.18
"2700","8uDp_0Xp6tM",10.26
"2701","I6xVuPZ29vg",27.06
"2702","SRww7Uao9fg",25.54
"2703","bkh8QiMA-MI",5.33
"2704","uokIve3dr4c",1.19
"2705","nFQKvjM9HCw",53.19
"2706","NcAtd8nxYk0",3.47
"2707","JtXdznEy6Y8",12.52
"2708","JtXdznEy6Y8",2.45
"2709","7umzgN4kpjE",4.37
"2710","Dk8Qy7L5ZaI",11.39
"2711","pJVY6lCc0hI",11.39
"2712","4-thgXnxfAU",0.08
"2713","l44PLl-zkP0",11.3
"2714","DLL-aF9vuOM",16.25
"2715","_yAaoe-XyEE",7.06
"2716","XBj7EpY8ha0",2.45
"2717","Uf44ekicJ_I",21.59
"2718","c4YVwT__fsM",12.22
"2719","13gNhlMRIDA",2.32
"2720","GjYmKN7kEgg",18.13
"2721","f0g0jzm0mYA",2.53
"2722","vO0HAEfpnno",10.01
"2723","c43auSRfn38",6.02
"2724","P4boyXQuUIw",11.2
"2725","2T6ly-SLLKk",26.23
"2726","YfKljh1IAJs",13.34
"2727","0WsjeJiAR4E",3.38
"2728","9NopnZvIqWg",1.43
"2729","qTPKGVrFtQU",10.14
"2730","7xqptNfRl3A",26.14
"2731","uVCY6PkgIR8",26.5
"2732","Z34SBGwdbq8",12.25
"2733","jhpZnLr_uzs",22.36
"2734","i9knmaFXE7Q",22.35
"2735","p7P6TTJ90LU",10.57
"2736","67S2RDPqoOU",1.25
"2737","nTDbIp3aUjk",NA
"2738","ZSJDC98ijw0",3.25
"2739","-mkZ0ISCe9M",4.44
"2740","ekxkIENeaNI",7.52
"2741","xuknn336NLI",4.37
"2742","XNqRoDhberg",11
"2743","UOwCT2fyCL8",1.04
"2744","zYGKQ_t-tfw",23.11
"2745","Fp2TlwW8Ejc",10.1
"2746","crQan1P4lS8",22.01
"2747","69zTLvF8ajc",3.51
"2748","KPQfTpe1n9w",10.42
"2749","8sfWpWPYyAc",26.49
"2750","tBao6xbRt3k",11.29
"2751","pckuS--UlV4",12.19
"2752","ld6zKknEHyo",54.53
"2753","HJAshq6G0J8",12.21
"2754","RLMJmJ_IdnQ",30.02
"2755","y4fATvydfck",0.25
"2756","ctj-tj8o41Q",NA
"2757","JqFzflBD5e0",3.46
"2758","rFkFncqovL0",3
"2759","4dhz0ilAHlw",10.48
"2760","CsOdmjax0iw",5.33
"2761","PMUTBXMZmsw",3.01
"2762","a3fca0A-ia0",NA
"2763","jX8tKYdz4zg",23.12
"2764","UJG71nXofQ0",1.46
"2765","OnQhPiAiKig",10.18
"2766","l1NKez6BzLM",0.11
"2767","d5dBDoXIJro",10.46
"2768","ZJEAvK6KYkA",10.32
"2769","AvWopzsOBNg",NA
"2770","ALVqeH-J2OE",NA
"2771","ZkLxpKqhqVw",10.06
"2772","3IzuFRJ5RKc",8.02
"2773","q766A1uQL9w",11.44
"2774","OVOi5zD92W0",1.45
"2775","xtRVJIyJxDo",10.43
"2776","xp_DY4PqG1c",16.47
"2777","DTZawxHLv94",20.58
"2778","cc_fvXtstNE",13.57
"2779","73AhZcf1HUw",3.49
"2780","tzf64HPOsBE",NA
"2781","lmAA-PstohQ",10.38
"2782","Ar_DEncDODU",13.01
"2783","PYCpGZ5tM5E",12.4
"2784","TdZHJpY7sN0",10.58
"2785","O8eyDETkMJc",25.47
"2786","SV99jL1LSt4",10.52
"2787","cPEhLT9fEc0",30.31
"2788","gmiYWTmFRVE",2.04
"2789","ISccloDvj_0",44.58
"2790","AwaIHmVIJsw",4.15
"2791","oJ09xdxzIJQ",8.04
"2792","4SKq9SEBvxM",NA
"2793","-2jZeTeG13o",12.48
"2794","6v0bEvuaJYE",11.42
"2795","KRkgdXLI2UQ",13.01
"2796","2REkk9SCRn0",4.06
"2797","07zPYL0fgJI",28.03
"2798","07zPYL0fgJI",28.03
"2799","Xa3VOcESXK4",NA
"2800","u9B0zcqGNUk",0.07
"2801","COdl45v2juk",2.36
"2802","8tNIsbdB9II",41.48
"2803","9p1dMg0_PtA",10.24
"2804","sGLz-oHUwsE",25.57
"2805","wW17Rp2i1QQ",11.55
"2806","1EmuzAK55AA",3.4
"2807","JbTUFZg4N1Y",11.08
"2808","OKmFbWCd3r4",1.02
"2809","Tk338VXcb24",2.27
"2810","Jur-AyOHNNU",3.35
"2811","n1_hGHK_tK4",12.53
"2812","3SrZbbci2ak",10.15
"2813","rKjZung2W3I",22.55
"2814","sQfk5HykiEk",7.26
"2815","WTfPAiedj-o",12.54
"2816","xHi1VHg_ss0",12.08
"2817","dY_3ggKg0Bc",8.4
"2818","3_SHbp8x1W4",0.51
"2819","ccxZCdrf-0Q",10.1
"2820","TM7whOx02Hc",0.19
"2821","q-keAwnqwRQ",1.27
"2822","cY9cPUPcQC0",9.03
"2823","mWyx7WAHHXU",13.49
"2824","5FpUGS4_UkQ",2.21
"2825","sB5zlHMsM7k",8.02
"2826","u6XAPnuFjJc",10.48
"2827","1i5q33-kswU",1.52
"2828","ciVSMQ5LlzY",2.18
"2829","fyAQmWrSA88",26.14
"2830","_CWiWp9DlU8",0.46
"2831","zxP2mgdlaAA",4.13
"2832","u6VtXvMnGjA",43.51
"2833","3iZjIF3_USc",11.41
"2834","gb0Hq9IpaOU",0.1
"2835","gb0Hq9IpaOU",0.1
"2836","ZNlKBP4vFJs",12.04
"2837","zDZFcDGpL4U",11.41
"2838","j3HEy0O2kIs",12.17
"2839","3OGH6PlOiAw",7.44
"2840","X5yGezXvyqk",0.1
"2841","jqG74QmQ2EA",12.36
"2842","Mew6G_og-PI",2.13
"2843","u7-0Spa2xug",10.06
"2844","kGOZL3Yb_Hs",2.44
"2845","MFFqjA6oK9g",19.14
"2846","MFFqjA6oK9g",19.14
"2847","QHvWxtNR9ko",14.02
"2848","QHvWxtNR9ko",14.02
"2849","BQMo_9k3aLA",15.13
"2850","JCMemwSVPKQ",0.25
"2851","uVYA0dy6dlU",10.12
"2852","uVYA0dy6dlU",10.12
"2853","jG26cPUBeME",22.56
"2854","Og5-Pm4HNlI",6.2
"2855","EGnXekYXejs",22.44
"2856","EGnXekYXejs",22.44
"2857","ltdAJjjuExA",11.14
"2858","ltdAJjjuExA",11.14
"2859","EFe-ZstvW14",22.23
"2860","LmBRityAORQ",1.32
"2861","LmBRityAORQ",1.32
"2862","Gjev8RkqO1k",10.29
"2863","Gjev8RkqO1k",10.29
"2864","gb0Hq9IpaOU",0.1
"2865","gb0Hq9IpaOU",0.1
"2866","iI4kKG0rWdY",23.07
"2867","1Evwgu369Jw",2.54
"2868","EGnXekYXejs",22.44
"2869","EGnXekYXejs",22.44
"2870","MFFqjA6oK9g",19.14
"2871","MFFqjA6oK9g",19.14
"2872","uVYA0dy6dlU",10.12
"2873","uVYA0dy6dlU",11.14
"2874","ltdAJjjuExA",11.14
"2875","ltdAJjjuExA",1.32
"2876","LmBRityAORQ",1.32
"2877","LmBRityAORQ",1.32
"2878","Gjev8RkqO1k",10.29
"2879","Gjev8RkqO1k",10.29
"2880","x9sCBCXrp8E",12.36
"2881","QHvWxtNR9ko",14.02
"2882","QHvWxtNR9ko",14.02
"2883","c6xhzpxD5Lg",24.11
"2884","2pPFDLeXobA",1.49
"2885","xGNRzqkkWw4",4.27
"2886","VNBQfar1x2s",12.31
"2887","ozOqPoQkEeI",1.43
"2888","-AI3unv0T7s",NA
"2889","SQ-VA6oeA10",0.17
"2890","UyajqvuCBJM",3.48
"2891","Oza8xE3tp_M",18.15
"2892","EnS2bi7G_mg",23.12
"2893","KtAcw6rRFQ0",0.14
"2894","OhtOIt7rzgo",19
"2895","aiXjIsAoVXU",NA
"2896","-AhUawes0P4",0.06
"2897","o41SG8x8E-4",12.41
"2898","a-8-yFnLatk",NA
"2899","f6U7YFPrz6Y",8.58
"2900","PKYVvPNhRR0",8.09
"2901","hZREFIZueeg",2.48
"2902","IxO3ReWkJ6Y",NA
"2903","Hi14ku84oSM",0.16
"2904","WNH2PGjce88",NA
"2905","Jjqd697mGpY",0.08
"2906","ChQz36AAyPo",0.13
"2907","HzsTh3e0j7E",0.8
"2908","db_7-xddxIk",NA
"2909","XRDX1OjmkwU",NA
"2910","x4NEZfO6ms0",2.16
"2911","21_o6IHTLRI",4.3
"2912","4n7fosK9UyY",2.28
"2913","Osvay_H7WQs",23.12
"2914","lv-H8_1JZzA",0.04
"2915","21AcP5S1kYQ",NA
"2916","cDSmyeeL9ew",22.18
"2917","50enhol6P80",0.28
"2918","xnF1Cf49KCk",59.07
"2919","07zPYL0fgJI",28.03
"2920","07zPYL0fgJI",28.03
"2921","uHGOKsCKyug",NA
"2922","3HA0yGQDh7c",0.48
"2923","Qn4QmXJhFpA",10.35
"2924","bZ8Z2EulIo8",NA
"2925","fMcr1Uf8ynA",NA
"2926","lnAPSsJCFng",4.34
"2927","k5YPByzSiqs",2.45
"2928","LYsAfoj4nDY",0.56
"2929","XOJWu-Iifc4",0.07
"2930","Tgzyn7ygL6A",12.05
"2931","KIybcP_f690",NA
"2932","SWNuE3DF9x8",3.12
"2933","lX44CAz-JhU",4.46
"2934","ru0K8uYEZWw",14.25
"2935","a358Eiz4L3g",14.25
"2936","tY4j1AYVJd4",28.57
"2937","1WnclkPMGTc",10.25
"2938","FNApaFRSSyc",7.32
"2939","gS-WFdKx7ZA",NA
"2940","VLTlNCr26cQ",NA
"2941","yMNgy0cQFiA",NA
"2942","9bb6ikObPR0",23.06
"2943","_RJgrV_YmGk",NA
"2944","Ez906SYM9vk",NA
"2945","fADNJvtUYDw",4.33
"2946","-Pvf-TLdBxU",2.19
"2947","fYSazphh_C8",3.49
"2948","g8E2m4viH4I",10.34
"2949","qqAiTifcH58",NA
"2950","xfgKjAAfRIs",25.41
"2951","IOxfzqIUirs",12.02
"2952","V258MgQ3jbA",12.44
"2953","u4fXHELbP2k",7.08
"2954","-lqProimDac",5.24
"2955","DzAu_4-jsSA",7.08
"2956","FcwhmtuJFi4",5.24
"2957","HipIMSqQPMc",12.21
"2958","l8qUuz3f6AQ",23.32
"2959","CELpb3CrFb0",14.5
"2960","gMkGXxX6e2A",12.38
"2961","Xy-5YG9WRMk",3.31
"2962","WvjugV0E0c4",3.58
"2963","1gmTncfA5JY",2.32
"2964","XUtbqhq9Xtk",11.04
"2965","5IDaNUu56ZM",10.38
"2966","VznqIU8sYPk",11.37
"2967","e4VAPHdxJWs",16.06
"2968","cY8Sf6Bjz88",13.22
"2969","8dtoN9_iDOI",10.17
"2970","le8d198s6mA",6.28
"2971","Bcge0VuFwSo",9.43
"2972","jIDpYBYzV8U",2.34
"2973","DAV0wk9z5f4",24.18
"2974","p7XAW5NzwiA",12
"2975","TunnVx2lsmA",12.01
"2976","CffkPAm2EMg",39.26
