word,frequency
u,852
animals,180
animal,93
093e,59
20,53
0947,48
0928,45
name,40
0930,35
0915,35
39,33
0902,32
10,32
part,28
094d,27
kids,26
english,25
092e,24
2019,24
wild,23
094b,23
voiceovers,23
hood,23
092a,23
091c,23
top,22
names,21
0940,21
pet,21
pets,20
0935,20
hindi,18
0939,18
world,18
093f,17
sounds,17
dog,17
amp,16
zoo,16
0938,16
funny,15
5,15
learn,14
0438,14
0924,14
0932,12
feeding,12
dogs,12
0917,12
learning,11
domestic,11
meet,11
story,11
0926,11
tour,10
amazing,10
believe,10
quot,10
2,10
room,10
schleich,10
food,9
new,9
092f,9
people,8
video,8
scientific,8
birds,8
compilation,8
collection,8
children,8
one,8
saved,8
gladiator,7
reptile,7
vs,7
1,7
0941,7
best,7
043a,7
haul,7
fe0f,7
farm,7
toy,7
lives,7
092c,7
sound,7
043d,7
tiger,6
toys,6
00a0,6
review,6
ed,6
cute,6
shelter,6
0440,6
fun,6
0442,6
cat,6
0906,6
09be,6
big,6
exist,6
0430,6
091a,6
sea,6
papo,5
unbelievable,5
help,5
gameplay,5
cats,5
home,5
live,5
09b0,5
0948,5
update,5
got,5
0443,5
rottweiler,5
horse,5
09c7,5
090f,5
white,5
love,5
0916,5
0445,4
0435,4
may,4
creatures,4
gets,4
bedtime,4
easy,4
feed,4
videos,4
09bf,4
african,4
humans,4
water,4
3,4
unusual,4
young,4
like,4
043e,4
0936,4
0432,4
09a8,4
0441,4
look,4
family,4
ever,4
hd,4
nursery,4
0905,4
abuse,4
lion,4
night,4
0627,4
life,4
00bd,4
baby,4
safari,4
0433,4
0436,4
sheep,4
091f,4
0964,4
pictures,3
cow,3
talent,3
hit,3
dairy,3
203c,3
minecraft,3
tongues,3
8,3
charlotte,3
jackpot,3
farming,3
unique,3
fish,3
ones,3
rescue,3
day,3
pc,3
wolf,3
09ae,3
genetics,3
0937,3
start,3
24,3
babies,3
society,3
0444,3
064a,3
044b,3
vlog,3
january,3
settling,3
fails,3
end,3
back,3
cutest,3
displaced,3
two,3
09c1,3
barry,3
0907,3
0908,3
process,3
watch,3
0942,3
0001f984,3
class,3
death,3
rescued,3
things,3
cm,3
x,3
aquatic,3
drawing,3
real,3
could,3
ultimate,3
092b,3
extinct,3
went,3
song,3
police,3
ocean,3
games,3
2018,3
daily,3
acting,3
emotional,3
vol,3
secrets,3
set,3
17,3
12,3
11,3
pdf,3
unboxing,3
colors,3
combine,2
black,2
balto,2
vaping,2
recovery,2
another,2
4,2
species,2
viomatic,2
science,2
know,2
0001f9f8,2
figurine,2
confused,2
management,2
toddlers,2
good,2
caught,2
jack,2
bait,2
rhymes,2
figurines,2
beatboxer,2
0923,2
beautiful,2
us,2
county,2
pierce,2
rare,2
puppy,2
special,2
0641,2
0644,2
horniman,2
0001f63b,2
app,2
away,2
horses,2
human,2
peck,2
0001f525,2
facebook,2
fruits,2
en,2
el,2
july,2
play,2
savanna,2
beauty,2
hip,2
humane,2
hyenas,2
favorite,2
2020,2
savannah,2
seen,2
guide,2
expensive,2
dan,2
made,2
harlem,2
043c,2
pom,2
list,2
043f,2
london,2
understanding,2
flowers,2
couple,2
buying,2
09b2,2
viral,2
emerged,2
09b8,2
23,2
28,2
read,2
laugh,2
figures,2
museum,2
voices,2
strongest,2
0995,2
099c,2
actually,2
2605,2
adorable,2
0996,2
routine,2
terra,2
suburban,2
hand,2
dodo,2
digital,2
try,2
even,2
spot,2
095c,2
instagram,2
liv,2
deal,2
0001f923,2
episode,2
change,2
indian,2
produc,2
models,2
kitchen,2
birth,2
sense,2
hilarious,2
ps4,2
store,2
years,2
awareness,2
found,2
20e3,2
arena,2
preschool,2
0431,2
shopping,2
forest,2
gardens,2
9,2
constructor,2
062a,2
strangest,2
facts,2
richest,2
twitter,2
smart,2
planet,2
moments,2
heads,2
funniest,2
bgt,2
snakes,2
lost,2
details,2
born,2
0920,2
jungle,2
monkeys,2
veeyan,2
reptiles,2
advanced,2
vegetables,2
fight,2
ming,2
celebrities,2
find,2
nighty,2
peta,2
snare,2
snake,2
shame,2
career,2
35,2
catch,2
battle,2
091d,2
0001f43c,2
0914,2
kala,2
collecta,2
19,2
16,2
14,2
15,2
13,2
0913,2
0001f436,2
ear,2
fort,2
huge,2
weirder,2
hebrew,2
charged,1
body,1
044f,1
program,1
grove,1
lobster,1
stories,1
metro,1
bs,1
0e04,1
sees,1
rooster,1
hurricane,1
healthy,1
never,1
sick,1
playtime,1
wildanimal,1
peoples,1
plus,1
lends,1
gameplay39,1
basement,1
information,1
09ad,1
trajano,1
mods,1
become,1
evs,1
semi,1
entertainment,1
building,1
mal,1
man,1
tiktok,1
small,1
regret,1
wagons,1
rb,1
papotoys,1
st,1
abro,1
handle,1
voiceover,1
mission,1
silly,1
deputies,1
raw,1
itz,1
long,1
nueva,1
hurry,1
indonesia,1
giving,1
09aa,1
welfare,1
month,1
million,1
eventually,1
chandrababu,1
pregnant,1
priceless,1
rocks,1
ready,1
seek,1
goose,1
kingdom,1
pond,1
elk,1
044c,1
nearly,1
lilly,1
come,1
bitterly,1
enclosure,1
bbc,1
nama,1
lol,1
christoph,1
closet,1
09e7,1
banana,1
domésticos,1
offers,1
beatbox,1
bootleg,1
duke,1
ajpw,1
rescuers,1
newborn,1
dig,1
turtle,1
millionaire,1
2030,1
gallon,1
friend,1
intense,1
game,1
online,1
superpowers,1
venom,1
rainbow,1
lawsuit,1
natural,1
coach,1
easily,1
skulls,1
full,1
faunaview,1
knew,1
bugs,1
lowest,1
mengenal,1
reacts,1
nation,1
control,1
golden,1
fattest,1
owners,1
news14,1
insanely,1
kung,1
damage,1
boulevard,1
britain,1
med,1
medicine,1
miraculously,1
east,1
monkey,1
records,1
side,1
waterfall,1
lottery,1
passed,1
0648,1
possibly,1
better,1
lego,1
portuguese,1
favorites,1
outside,1
dinosaurs,1
0646,1
ancestors,1
0001f431,1
freeze,1
blew,1
understand,1
chart,1
0001f43e,1
bahasa,1
0001f63a,1
near,1
stable,1
owning,1
saddest,1
places,1
reality,1
needs,1
stay,1
known,1
movement,1
future,1
recur,1
carnivorous,1
juguemos,1
ep,1
fastest,1
scarier,1
pictur,1
0001f631,1
migration,1
plz,1
09a6,1
robloide,1
em,1
robot,1
zebras,1
elly,1
action,1
englishl,1
prohibited,1
earth,1
africa,1
zooba,1
miss,1
express,1
champions,1
beatboxing,1
099f,1
sheikh,1
milkfish,1
kangaroos,1
nowthis,1
cuddling,1
money,1
krugerpark,1
prices,1
judges,1
biteforce,1
creature,1
android,1
kid,1
bears,1
cobra,1
0943,1
dumb,1
09b7,1
solution,1
sometimes,1
severely,1
filled,1
barn,1
roman,1
marathi,1
grin,1
case,1
friendliest,1
entire,1
unfortunate,1
bibb,1
shelters,1
aprendiendo,1
094c,1
let,1
bodybuilders,1
last,1
com,1
farms,1
june,1
cadbury,1
fishroom,1
bringing,1
killing,1
taxidermy,1
macon,1
mod,1
chaining,1
fact,1
mojofun,1
animojis,1
often,1
king,1
men,1
se,1
phone,1
uncovered,1
dorian,1
cheap,1
pat,1
year,1
rhyme,1
subject,1
dad,1
claiming,1
dies,1
deadly,1
investigating,1
0e18,1
matted,1
ls,1
poultry,1
service,1
26a0,1
40,1
tack,1
worlds,1
47,1
49,1
pt,1
09e6,1
existed,1
fishing,1
going,1
breeds,1
sugar,1
hero,1
myths,1
century,1
evacuees,1
female,1
tonguesouttuesday,1
093c,1
diego,1
august,1
animated,1
09ac,1
mistakes,1
246b,1
chained,1
great,1
herbivore,1
mi,1
sanskrit,1
0639,1
rubber,1
crocodile,1
peliharaan,1
0986,1
0631,1
0633,1
group,1
markings,1
yoki,1
stick,1
engels,1
supper,1
addo,1
hares,1
lps,1
160,1
rawlove,1
nature,1
ideas,1
finals,1
toddler,1
style,1
27,1
26,1
22,1
21,1
trying,1
de,1
making,1
adopt,1
0001f603,1
tech,1
draw,1
brown,1
rex,1
minutes,1
power,1
dirty,1
celebs,1
puppies,1
photos,1
train,1
catfish,1
donkey,1
twycross,1
scary,1
09,1
unglamorous,1
animais,1
0001f414,1
thingshildren,1
herbivorous,1
thylacine,1
show,1
gta,1
kill,1
cant,1
much,1
clinic,1
ultra,1
bear,1
free,1
des,1
costa,1
0993,1
magicians,1
tv,1
123s,1
e,1
secret,1
044d,1
09b9,1
howler,1
language,1
hide,1
kid2teentv,1
drama,1
chopra,1
0001f4aa,1
weird,1
mascota,1
airyap,1
hard,1
genetic,1
creed,1
destroy,1
spotted,1
pipi,1
amphibians,1
kidsonetelugu,1
ur,1
talk,1
stop,1
call,1
stealing,1
ered,1
0001f4a9,1
cryogenically,1
0645,1
adopters,1
0001f4a7,1
neiges,1
0001f4a5,1
360,1
soungs,1
figma,1
cheetah,1
hartmann,1
uncle,1
upgrade,1
income,1
zoos,1
huevo,1
aquariums,1
supplies,1
desc,1
hf,1
pit,1
dead,1
care,1
brick,1
truth,1
something,1
095e,1
grass,1
lit,1
buried,1
prequel,1
news,1
permanent,1
looking,1
co,1
liy,1
western,1
contest,1
awesome,1
global,1
wont,1
inggris,1
flooding,1
scene,1
boat,1
couples,1
hugging,1
palak,1
give,1
self,1
venomous,1
available,1
0001f412,1
raining,1
exam,1
dollar,1
far,1
animales,1
overpopulation,1
title,1
selfie,1
2562,1
apartment,1
09c0,1
0903,1
sadie,1
dino,1
royale,1
drawings,1
losses,1
absolute,1
fs,1
listen,1
bite,1
shark,1
explained,1
subscribe,1
relics,1
clear,1
geniuses,1
dalam,1
viet,1
easydrawings,1
driver,1
0001f981,1
remastered,1
30,1
31,1
32,1
33,1
34,1
niemann,1
around,1
wonders,1
ps3,1
village,1
reunited,1
bata,1
0001f42d,1
0001f495,1
shop,1
biologically,1
bull,1
tv9,1
architects,1
collections,1
watcher,1
laws,1
3d,1
schliech,1
inch,1
sidewalk,1
painting,1
safariltd,1
agt,1
irwin,1
living,1
expectations,1
thingsatures,1
grooming,1
cowgirl,1
klutz,1
gives,1
glider,1
park,1
helps,1
rarely,1
062d,1
099a,1
escaped,1
099b,1
plush,1
parte,1
band,1
florida,1
0001f41b,1
little,1
rica,1
mobs,1
fossils,1
woman,1
pregnancy,1
26d3,1
legal,1
testudines,1
insane,1
population,1
rdr,1
till,1
state,1
spca,1
ride,1
cam,1
interesting,1
battat,1
presented,1
strongly,1
stolen,1
0997,1
go,1
02,1
hewan,1
ki,1
first,1
steve,1
showing,1
gmbh,1
tagln,1
chucky,1
00bc,1
cows,1
00be,1
trip,1
agri,1
biggest,1
mutations,1
montana,1
hyena,1
way,1
zootampa,1
buy,1
mom,1
scenery,1
mojo,1
old,1
missing,1
thing,1
abcs,1
evil,1
ash,1
kept,1
weirdest,1
bossier,1
challenges,1
survive,1
blizzard,1
movie,1
reptihabita,1
trailer,1
borax,1
bitten,1
folo,1
deko,1
tourists,1
martinsville,1
ios,1
would,1
saddled,1
ghetto,1
anyone,1
harfang,1
elephants,1
increase,1
nose,1
secreto,1
say,1
suara,1
form,1
leopard,1
package,1
dangerous,1
14671,1
san,1
lesson,1
abused,1
toned,1
user,1
comments,1
prince,1
rebuild,1
fox,1
bird,1
flathead,1
chomp,1
texas,1
fu,1
laughing,1
impossible,1
camo,1
mama,1
roadside,1
adoption,1
zé,1
thought,1
heroes,1
im,1
upgrades,1
catching,1
low,1
unit,1
auditions,1
today,1
092d,1
spencer,1
lions,1
exposing,1
incredible,1
amazon,1
etc,1
clue,1
spend,1
city,1
almost,1
true,1
non,1
potent,1
homemade,1
time,1
friendly,1
martinh,1
car,1
simulator,1
make,1
043b,1
chewing,1
thrown,1
comedy,1
hot,1
valencia,1
vision,1
carnivore,1
wildlife,1
aggressive,1
jalal,1
digging,1
photo,1
seizing,1
showcase,1
0927,1
severe,1
daddy,1
xboxone,1
goat,1
corn,1
2668,1
eats,1
beat,1
filed,1
preschooler,1
homeless,1
encyclopedia,1
moment,1
ranch,1
dens,1
collect,1
disney,1
cancer,1
settings,1
pittie,1
realistic,1
mother,1
hour,1
examples,1
turns,1
graphic,1
37,1
official,1
advances,1
rement,1
outrageously,1
voted,1
must,1
091e,1
someone,1
cheats,1
luminosos,1
lets,1
tiny,1
see,1
catches,1
vocabulary,1
assassin,1
español,1
friskies,1
18,1
0001f430,1
project,1
0001f439,1
0918,1
close,1
durst,1
faced,1
cleaning,1
pacific,1
lucie,1
0001f42f,1
sale,1
chimpanzee,1
tried,1
introduction,1
expressions,1
launch,1
george,1
appropriate,1
mike,1
0001f535,1
rock,1
