"video_id","publishedAt","channelId","title","description","thumbnails.default.url","thumbnails.default.width","thumbnails.default.height","thumbnails.medium.url","thumbnails.medium.width","thumbnails.medium.height","thumbnails.high.url","thumbnails.high.width","thumbnails.high.height","channelTitle","liveBroadcastContent","viewCount","likeCount","dislikeCount","favoriteCount","commentCount"
"JcVDXHeD59c","2018-03-30T03:05:12.000Z","UC0WP5P-ufpRfjbNrmOWwLBQ","The Weeknd - Privilege (Official Audio)","My Dear Melancholy, Available now from The Weeknd. http://theweeknd.co/mdmYD Connect with The Weeknd https://facebook.com/theweeknd ...","https://i.ytimg.com/vi/JcVDXHeD59c/default.jpg","120","90","https://i.ytimg.com/vi/JcVDXHeD59c/mqdefault.jpg","320","180","https://i.ytimg.com/vi/JcVDXHeD59c/hqdefault.jpg","480","360","The Weeknd","none",15707002,150247,2484,0,5382
"rsEne1ZiQrk","2018-03-30T03:07:19.000Z","UC0WP5P-ufpRfjbNrmOWwLBQ","The Weeknd - Call Out My Name (Official Audio)","My Dear Melancholy, Available now from The Weeknd. http://theweeknd.co/mdmYD Connect with The Weeknd https://facebook.com/theweeknd ...","https://i.ytimg.com/vi/rsEne1ZiQrk/default.jpg","120","90","https://i.ytimg.com/vi/rsEne1ZiQrk/mqdefault.jpg","320","180","https://i.ytimg.com/vi/rsEne1ZiQrk/hqdefault.jpg","480","360","The Weeknd","none",105760604,1034270,28180,0,32100
"R0rKB_bsUNg","2018-03-30T03:06:44.000Z","UC0WP5P-ufpRfjbNrmOWwLBQ","The Weeknd - Wasted Times (Official Audio)","My Dear Melancholy, Available now from The Weeknd. http://theweeknd.co/mdmYD Connect with The Weeknd https://facebook.com/theweeknd ...","https://i.ytimg.com/vi/R0rKB_bsUNg/default.jpg","120","90","https://i.ytimg.com/vi/R0rKB_bsUNg/mqdefault.jpg","320","180","https://i.ytimg.com/vi/R0rKB_bsUNg/hqdefault.jpg","480","360","The Weeknd","none",38036836,303092,6860,0,8420
"o6ytLPKscrU","2019-12-06T04:00:33.000Z","UC0WP5P-ufpRfjbNrmOWwLBQ","The Weeknd - Blinding Lights (Official Lyric Video)","The official lyric video for The Weeknd ""Blinding Lights"" - available everywhere now: http://theweeknd.co/blindinglightsYD <U+25BB>Subscribe to The Weeknd on ...","https://i.ytimg.com/vi/o6ytLPKscrU/default.jpg","120","90","https://i.ytimg.com/vi/o6ytLPKscrU/mqdefault.jpg","320","180","https://i.ytimg.com/vi/o6ytLPKscrU/hqdefault.jpg","480","360","The Weeknd","none",7163593,113206,1546,0,4594
"wKDU5pXhf5o","2018-03-30T03:05:28.000Z","UC0WP5P-ufpRfjbNrmOWwLBQ","The Weeknd - Hurt You feat. Gesaffelstein (Official Audio)","""Hurt You"" feat. Gesaffelstein My Dear Melancholy, Available now from The Weeknd. http://theweeknd.co/mdmYD Connect with The Weeknd ...","https://i.ytimg.com/vi/wKDU5pXhf5o/default.jpg","120","90","https://i.ytimg.com/vi/wKDU5pXhf5o/mqdefault.jpg","320","180","https://i.ytimg.com/vi/wKDU5pXhf5o/hqdefault.jpg","480","360","The Weeknd","none",36197578,250949,5488,0,7277
"OlStmta0Vh4","2018-03-30T03:06:27.000Z","UC0WP5P-ufpRfjbNrmOWwLBQ","The Weeknd - I Was Never There feat. Gesaffelstein (Official Audio)","""I Was Never There"" feat. Gesaffelstein My Dear Melancholy, Available now from The Weeknd. http://theweeknd.co/mdmYD Connect with The Weeknd ...","https://i.ytimg.com/vi/OlStmta0Vh4/default.jpg","120","90","https://i.ytimg.com/vi/OlStmta0Vh4/mqdefault.jpg","320","180","https://i.ytimg.com/vi/OlStmta0Vh4/hqdefault.jpg","480","360","The Weeknd","none",29669355,252346,5144,0,9502
"IfCuarZqJzM","2019-05-05T15:21:12.000Z","UC0WP5P-ufpRfjbNrmOWwLBQ","SZA, The Weeknd, Travis Scott - Power Is Power (Official Video)","Listen to “Power Is Power” by SZA, The Weeknd, Travis Scott off 'For The Throne' everywhere: http://smarturl.it/forthethronealbum Amazon Music: ...","https://i.ytimg.com/vi/IfCuarZqJzM/default.jpg","120","90","https://i.ytimg.com/vi/IfCuarZqJzM/mqdefault.jpg","320","180","https://i.ytimg.com/vi/IfCuarZqJzM/hqdefault.jpg","480","360","The Weeknd","none",24023239,506613,13709,0,16260
"umvomiY7804","2011-12-28T04:32:01.000Z","UC0WP5P-ufpRfjbNrmOWwLBQ","The Weeknd - Outside","http://theweeknd.co/BeautyBehindTheMadness THE MADNESS FALL TOUR 2015: http://republicrec.co/BBTMtickets.","https://i.ytimg.com/vi/umvomiY7804/default.jpg","120","90","https://i.ytimg.com/vi/umvomiY7804/mqdefault.jpg","320","180","https://i.ytimg.com/vi/umvomiY7804/hqdefault.jpg","480","360","The Weeknd","none",10455790,46320,1192,0,2986
"t2_YyRBYZjM","2011-06-16T01:47:59.000Z","UC0WP5P-ufpRfjbNrmOWwLBQ","The Weeknd - The Birds (Part 1)","http://theweeknd.co/BeautyBehindTheMadness THE MADNESS FALL TOUR 2015: http://republicrec.co/BBTMtickets.","https://i.ytimg.com/vi/t2_YyRBYZjM/default.jpg","120","90","https://i.ytimg.com/vi/t2_YyRBYZjM/mqdefault.jpg","320","180","https://i.ytimg.com/vi/t2_YyRBYZjM/hqdefault.jpg","480","360","The Weeknd","none",11063794,53232,1100,0,3249
"YVCV6hyv7ac","2011-06-25T04:20:13.000Z","UC0WP5P-ufpRfjbNrmOWwLBQ","The Weeknd - Trust Issues (Remix)","http://theweeknd.co/BeautyBehindTheMadness THE MADNESS FALL TOUR 2015: http://republicrec.co/BBTMtickets.","https://i.ytimg.com/vi/YVCV6hyv7ac/default.jpg","120","90","https://i.ytimg.com/vi/YVCV6hyv7ac/mqdefault.jpg","320","180","https://i.ytimg.com/vi/YVCV6hyv7ac/hqdefault.jpg","480","360","The Weeknd","none",24907184,156703,2919,0,7355
"YWIhwplfx4Q","2011-08-20T22:15:45.000Z","UC0WP5P-ufpRfjbNrmOWwLBQ","The Weeknd - The Zone (feat. Drake)","http://theweeknd.co/BeautyBehindTheMadness THE MADNESS FALL TOUR 2015: http://republicrec.co/BBTMtickets.","https://i.ytimg.com/vi/YWIhwplfx4Q/default.jpg","120","90","https://i.ytimg.com/vi/YWIhwplfx4Q/mqdefault.jpg","320","180","https://i.ytimg.com/vi/YWIhwplfx4Q/hqdefault.jpg","480","360","The Weeknd","none",18809103,80016,2089,0,6593
"sX9DgavXiN4","2011-03-20T23:55:11.000Z","UC0WP5P-ufpRfjbNrmOWwLBQ","The Weeknd - High For This","http://theweeknd.co/BeautyBehindTheMadness THE MADNESS FALL TOUR 2015: http://republicrec.co/BBTMtickets.","https://i.ytimg.com/vi/sX9DgavXiN4/default.jpg","120","90","https://i.ytimg.com/vi/sX9DgavXiN4/mqdefault.jpg","320","180","https://i.ytimg.com/vi/sX9DgavXiN4/hqdefault.jpg","480","360","The Weeknd","none",68729363,346354,7064,0,13434
"rtLBud9zPF0","2012-01-18T02:41:54.000Z","UC0WP5P-ufpRfjbNrmOWwLBQ","The Weeknd - Echoes Of Silence","http://theweeknd.co/BeautyBehindTheMadness THE MADNESS FALL TOUR 2015: http://republicrec.co/BBTMtickets.","https://i.ytimg.com/vi/rtLBud9zPF0/default.jpg","120","90","https://i.ytimg.com/vi/rtLBud9zPF0/mqdefault.jpg","320","180","https://i.ytimg.com/vi/rtLBud9zPF0/hqdefault.jpg","480","360","The Weeknd","none",5483100,35771,660,0,2216
"TV1r4m8c9SI","2011-12-25T07:39:38.000Z","UC0WP5P-ufpRfjbNrmOWwLBQ","The Weeknd - Montreal","http://theweeknd.co/BeautyBehindTheMadness THE MADNESS FALL TOUR 2015: http://republicrec.co/BBTMtickets.","https://i.ytimg.com/vi/TV1r4m8c9SI/default.jpg","120","90","https://i.ytimg.com/vi/TV1r4m8c9SI/mqdefault.jpg","320","180","https://i.ytimg.com/vi/TV1r4m8c9SI/hqdefault.jpg","480","360","The Weeknd","none",10105629,49193,970,0,3478
"J3vav5Sfhrw","2018-04-02T23:29:20.000Z","UC0WP5P-ufpRfjbNrmOWwLBQ","The Weeknd - Call Out My Name (Official Lyric Video)","Call Out My Name (Official Lyric Video). Director: Joachim Johnson Producer: Rebecca Hearn Editor: Dylan Coughran My Dear Melancholy, Available now from ...","https://i.ytimg.com/vi/J3vav5Sfhrw/default.jpg","120","90","https://i.ytimg.com/vi/J3vav5Sfhrw/mqdefault.jpg","320","180","https://i.ytimg.com/vi/J3vav5Sfhrw/hqdefault.jpg","480","360","The Weeknd","none",15885382,329455,8685,0,11687
"WsdmtOYtxNk","2011-03-21T01:51:55.000Z","UC0WP5P-ufpRfjbNrmOWwLBQ","The Weeknd - The Knowing","http://theweeknd.co/BeautyBehindTheMadness THE MADNESS FALL TOUR 2015: http://republicrec.co/BBTMtickets.","https://i.ytimg.com/vi/WsdmtOYtxNk/default.jpg","120","90","https://i.ytimg.com/vi/WsdmtOYtxNk/mqdefault.jpg","320","180","https://i.ytimg.com/vi/WsdmtOYtxNk/hqdefault.jpg","480","360","The Weeknd","none",9560132,42189,933,0,3698
"5TAko3RH0bk","2011-03-21T01:50:27.000Z","UC0WP5P-ufpRfjbNrmOWwLBQ","The Weeknd - The Morning","http://theweeknd.co/BeautyBehindTheMadness THE MADNESS FALL TOUR 2015: http://republicrec.co/BBTMtickets.","https://i.ytimg.com/vi/5TAko3RH0bk/default.jpg","120","90","https://i.ytimg.com/vi/5TAko3RH0bk/mqdefault.jpg","320","180","https://i.ytimg.com/vi/5TAko3RH0bk/hqdefault.jpg","480","360","The Weeknd","none",39046754,189911,5184,0,9170
"WVg1mbxTkFo","2011-03-24T03:13:31.000Z","UC0WP5P-ufpRfjbNrmOWwLBQ","The Weeknd - Coming Down","http://theweeknd.co/BeautyBehindTheMadness THE MADNESS FALL TOUR 2015: http://republicrec.co/BBTMtickets.","https://i.ytimg.com/vi/WVg1mbxTkFo/default.jpg","120","90","https://i.ytimg.com/vi/WVg1mbxTkFo/mqdefault.jpg","320","180","https://i.ytimg.com/vi/WVg1mbxTkFo/hqdefault.jpg","480","360","The Weeknd","none",11573215,59235,1317,0,3837
"weweLG6Or-g","2013-07-31T00:59:44.000Z","UC0WP5P-ufpRfjbNrmOWwLBQ","The Weeknd - Love In The Sky","http://theweeknd.co/BeautyBehindTheMadness THE MADNESS FALL TOUR 2015: http://republicrec.co/BBTMtickets.","https://i.ytimg.com/vi/weweLG6Or-g/default.jpg","120","90","https://i.ytimg.com/vi/weweLG6Or-g/mqdefault.jpg","320","180","https://i.ytimg.com/vi/weweLG6Or-g/hqdefault.jpg","480","360","The Weeknd","none",2072374,27836,363,0,2282
"EDFEQyx7o4k","2012-01-03T01:45:08.000Z","UC0WP5P-ufpRfjbNrmOWwLBQ","The Weeknd - Initiation","http://theweeknd.co/BeautyBehindTheMadness THE MADNESS FALL TOUR 2015: http://republicrec.co/BBTMtickets.","https://i.ytimg.com/vi/EDFEQyx7o4k/default.jpg","120","90","https://i.ytimg.com/vi/EDFEQyx7o4k/mqdefault.jpg","320","180","https://i.ytimg.com/vi/EDFEQyx7o4k/hqdefault.jpg","480","360","The Weeknd","none",5940018,32735,764,0,3141
"y08R20KflNM","2018-03-30T03:07:03.000Z","UC0WP5P-ufpRfjbNrmOWwLBQ","The Weeknd - Try Me (Official Audio)","My Dear Melancholy, Available now from The Weeknd. http://theweeknd.co/mdmYD Connect with The Weeknd https://facebook.com/theweeknd ...","https://i.ytimg.com/vi/y08R20KflNM/default.jpg","120","90","https://i.ytimg.com/vi/y08R20KflNM/mqdefault.jpg","320","180","https://i.ytimg.com/vi/y08R20KflNM/hqdefault.jpg","480","360","The Weeknd","none",47965528,295023,7802,0,7374
"fCPkgAIANys","2011-05-25T21:02:36.000Z","UC0WP5P-ufpRfjbNrmOWwLBQ","The Weeknd - Rolling Stone","http://theweeknd.co/BeautyBehindTheMadness THE MADNESS FALL TOUR 2015: http://republicrec.co/BBTMtickets.","https://i.ytimg.com/vi/fCPkgAIANys/default.jpg","120","90","https://i.ytimg.com/vi/fCPkgAIANys/mqdefault.jpg","320","180","https://i.ytimg.com/vi/fCPkgAIANys/hqdefault.jpg","480","360","The Weeknd","none",7600874,39881,682,0,3024
"PGCVhhUxnp8","2011-02-25T02:57:36.000Z","UC0WP5P-ufpRfjbNrmOWwLBQ","The Weeknd - What You Need","http://theweeknd.co/BeautyBehindTheMadness THE MADNESS FALL TOUR 2015: http://republicrec.co/BBTMtickets.","https://i.ytimg.com/vi/PGCVhhUxnp8/default.jpg","120","90","https://i.ytimg.com/vi/PGCVhhUxnp8/mqdefault.jpg","320","180","https://i.ytimg.com/vi/PGCVhhUxnp8/hqdefault.jpg","480","360","The Weeknd","none",34100633,172565,3339,0,8626
"-iW1-BuJ_Hc","2012-01-12T01:44:36.000Z","UC0WP5P-ufpRfjbNrmOWwLBQ","The Weeknd - Next","http://theweeknd.co/BeautyBehindTheMadness THE MADNESS FALL TOUR 2015: http://republicrec.co/BBTMtickets.","https://i.ytimg.com/vi/-iW1-BuJ_Hc/default.jpg","120","90","https://i.ytimg.com/vi/-iW1-BuJ_Hc/mqdefault.jpg","320","180","https://i.ytimg.com/vi/-iW1-BuJ_Hc/hqdefault.jpg","480","360","The Weeknd","none",27562086,129833,3311,0,5604
"9FE-Pwm2cyc","2011-08-19T21:26:14.000Z","UC0WP5P-ufpRfjbNrmOWwLBQ","The Weeknd - The Birds (Part 2)","http://theweeknd.co/BeautyBehindTheMadness THE MADNESS FALL TOUR 2015: http://republicrec.co/BBTMtickets.","https://i.ytimg.com/vi/9FE-Pwm2cyc/default.jpg","120","90","https://i.ytimg.com/vi/9FE-Pwm2cyc/mqdefault.jpg","320","180","https://i.ytimg.com/vi/9FE-Pwm2cyc/hqdefault.jpg","480","360","The Weeknd","none",8909812,42659,1198,0,3503
"NID-2orTN8U","2012-01-06T06:56:05.000Z","UC0WP5P-ufpRfjbNrmOWwLBQ","The Weeknd - Same Old Song","http://theweeknd.co/BeautyBehindTheMadness THE MADNESS FALL TOUR 2015: http://republicrec.co/BBTMtickets.","https://i.ytimg.com/vi/NID-2orTN8U/default.jpg","120","90","https://i.ytimg.com/vi/NID-2orTN8U/mqdefault.jpg","320","180","https://i.ytimg.com/vi/NID-2orTN8U/hqdefault.jpg","480","360","The Weeknd","none",9728831,61081,1391,0,3404
"o9PuAm7d0PA","2011-03-05T20:20:13.000Z","UC0WP5P-ufpRfjbNrmOWwLBQ","The Weeknd - Wicked Games","http://theweeknd.co/BeautyBehindTheMadness THE MADNESS FALL TOUR 2015: http://republicrec.co/BBTMtickets.","https://i.ytimg.com/vi/o9PuAm7d0PA/default.jpg","120","90","https://i.ytimg.com/vi/o9PuAm7d0PA/mqdefault.jpg","320","180","https://i.ytimg.com/vi/o9PuAm7d0PA/hqdefault.jpg","480","360","The Weeknd","none",65740490,298839,7116,0,14045
"NdDeWJRWsqY","2014-12-23T05:42:27.000Z","UC0WP5P-ufpRfjbNrmOWwLBQ","The Weeknd &quot;Earned It&quot; (Fifty Shades Of Grey) Official Lyric Video","http://theweeknd.co/BeautyBehindTheMadness THE MADNESS FALL TOUR 2015: http://republicrec.co/BBTMtickets.","https://i.ytimg.com/vi/NdDeWJRWsqY/default.jpg","120","90","https://i.ytimg.com/vi/NdDeWJRWsqY/mqdefault.jpg","320","180","https://i.ytimg.com/vi/NdDeWJRWsqY/hqdefault.jpg","480","360","The Weeknd","none",39412349,251102,6536,0,3939
"pdH1kXzquQo","2011-08-19T15:07:21.000Z","UC0WP5P-ufpRfjbNrmOWwLBQ","The Weeknd - Lonely Star","http://theweeknd.co/BeautyBehindTheMadness THE MADNESS FALL TOUR 2015: http://republicrec.co/BBTMtickets.","https://i.ytimg.com/vi/pdH1kXzquQo/default.jpg","120","90","https://i.ytimg.com/vi/pdH1kXzquQo/mqdefault.jpg","320","180","https://i.ytimg.com/vi/pdH1kXzquQo/hqdefault.jpg","480","360","The Weeknd","none",9061605,37466,854,0,2674
"0Suprl56Owg","2011-08-19T20:27:24.000Z","UC0WP5P-ufpRfjbNrmOWwLBQ","The Weeknd - Thursday","http://theweeknd.co/BeautyBehindTheMadness THE MADNESS FALL TOUR 2015: http://republicrec.co/BBTMtickets.","https://i.ytimg.com/vi/0Suprl56Owg/default.jpg","120","90","https://i.ytimg.com/vi/0Suprl56Owg/mqdefault.jpg","320","180","https://i.ytimg.com/vi/0Suprl56Owg/hqdefault.jpg","480","360","The Weeknd","none",8006898,32195,823,0,2799
"YK9N-Xh32eE","2012-01-09T06:44:46.000Z","UC0WP5P-ufpRfjbNrmOWwLBQ","The Weeknd - The Fall","http://theweeknd.co/BeautyBehindTheMadness THE MADNESS FALL TOUR 2015: http://republicrec.co/BBTMtickets.","https://i.ytimg.com/vi/YK9N-Xh32eE/default.jpg","120","90","https://i.ytimg.com/vi/YK9N-Xh32eE/mqdefault.jpg","320","180","https://i.ytimg.com/vi/YK9N-Xh32eE/hqdefault.jpg","480","360","The Weeknd","none",5385533,22358,507,0,1965
"HOdNMwTNNhA","2011-03-21T02:43:11.000Z","UC0WP5P-ufpRfjbNrmOWwLBQ","The Weeknd - Loft Music","http://theweeknd.co/BeautyBehindTheMadness THE MADNESS FALL TOUR 2015: http://republicrec.co/BBTMtickets.","https://i.ytimg.com/vi/HOdNMwTNNhA/default.jpg","120","90","https://i.ytimg.com/vi/HOdNMwTNNhA/mqdefault.jpg","320","180","https://i.ytimg.com/vi/HOdNMwTNNhA/hqdefault.jpg","480","360","The Weeknd","none",15556572,69799,1423,0,4760
"8ex38L8xtNI","2011-03-21T01:39:53.000Z","UC0WP5P-ufpRfjbNrmOWwLBQ","The Weeknd - House Of Balloons / Glass Table Girls","http://theweeknd.co/BeautyBehindTheMadness THE MADNESS FALL TOUR 2015: http://republicrec.co/BBTMtickets.","https://i.ytimg.com/vi/8ex38L8xtNI/default.jpg","120","90","https://i.ytimg.com/vi/8ex38L8xtNI/mqdefault.jpg","320","180","https://i.ytimg.com/vi/8ex38L8xtNI/hqdefault.jpg","480","360","The Weeknd","none",18260590,85763,2564,0,6295
"ZHBYGpAlNog","2018-04-09T16:24:00.000Z","UC0WP5P-ufpRfjbNrmOWwLBQ","He Was Never There, Docupoem","The Weeknd - He Was Never There Director: Joachim Johnson Producer: Rebecca Hearn Editor: Dylan Coughran Scoring: mybestfriendjacob My Dear ...","https://i.ytimg.com/vi/ZHBYGpAlNog/default.jpg","120","90","https://i.ytimg.com/vi/ZHBYGpAlNog/mqdefault.jpg","320","180","https://i.ytimg.com/vi/ZHBYGpAlNog/hqdefault.jpg","480","360","The Weeknd","none",2364999,127001,1328,0,7679
"6FFSCF0gXt0","2011-12-31T07:26:39.000Z","UC0WP5P-ufpRfjbNrmOWwLBQ","The Weeknd - XO / The Host","http://theweeknd.co/BeautyBehindTheMadness THE MADNESS FALL TOUR 2015: http://republicrec.co/BBTMtickets.","https://i.ytimg.com/vi/6FFSCF0gXt0/default.jpg","120","90","https://i.ytimg.com/vi/6FFSCF0gXt0/mqdefault.jpg","320","180","https://i.ytimg.com/vi/6FFSCF0gXt0/hqdefault.jpg","480","360","The Weeknd","none",6938117,33926,785,0,2789
"FXT1oKrgq0o","2011-12-22T22:35:25.000Z","UC0WP5P-ufpRfjbNrmOWwLBQ","The Weeknd - D.D.","http://theweeknd.co/BeautyBehindTheMadness THE MADNESS FALL TOUR 2015: http://republicrec.co/BBTMtickets.","https://i.ytimg.com/vi/FXT1oKrgq0o/default.jpg","120","90","https://i.ytimg.com/vi/FXT1oKrgq0o/mqdefault.jpg","320","180","https://i.ytimg.com/vi/FXT1oKrgq0o/hqdefault.jpg","480","360","The Weeknd","none",5734052,40302,1784,0,3127
"vPp5Ty9EE6k","2012-02-24T09:13:18.000Z","UC0WP5P-ufpRfjbNrmOWwLBQ","The Weeknd - The Knowing (Official Video)","http://theweeknd.co/BeautyBehindTheMadness THE MADNESS FALL TOUR 2015: http://republicrec.co/BBTMtickets.","https://i.ytimg.com/vi/vPp5Ty9EE6k/default.jpg","120","90","https://i.ytimg.com/vi/vPp5Ty9EE6k/mqdefault.jpg","320","180","https://i.ytimg.com/vi/vPp5Ty9EE6k/hqdefault.jpg","480","360","The Weeknd","none",6284410,45504,1112,0,5647
"_bSXY75R3Wc","2011-08-19T18:24:56.000Z","UC0WP5P-ufpRfjbNrmOWwLBQ","The Weeknd - Life Of The Party","http://theweeknd.co/BeautyBehindTheMadness THE MADNESS FALL TOUR 2015: http://republicrec.co/BBTMtickets.","https://i.ytimg.com/vi/_bSXY75R3Wc/default.jpg","120","90","https://i.ytimg.com/vi/_bSXY75R3Wc/mqdefault.jpg","320","180","https://i.ytimg.com/vi/_bSXY75R3Wc/hqdefault.jpg","480","360","The Weeknd","none",3747234,16852,334,0,1154
"CqHKfscXS64","2011-08-20T04:26:03.000Z","UC0WP5P-ufpRfjbNrmOWwLBQ","The Weeknd - Gone","http://theweeknd.co/BeautyBehindTheMadness THE MADNESS FALL TOUR 2015: http://republicrec.co/BBTMtickets.","https://i.ytimg.com/vi/CqHKfscXS64/default.jpg","120","90","https://i.ytimg.com/vi/CqHKfscXS64/mqdefault.jpg","320","180","https://i.ytimg.com/vi/CqHKfscXS64/hqdefault.jpg","480","360","The Weeknd","none",11699000,58077,1660,0,3816
"jxhjY8e7CRY","2014-04-29T01:43:28.000Z","UC0WP5P-ufpRfjbNrmOWwLBQ","The Weeknd Backstage Warmups","http://theweeknd.co/BeautyBehindTheMadness THE MADNESS FALL TOUR 2015: http://republicrec.co/BBTMtickets.","https://i.ytimg.com/vi/jxhjY8e7CRY/default.jpg","120","90","https://i.ytimg.com/vi/jxhjY8e7CRY/mqdefault.jpg","320","180","https://i.ytimg.com/vi/jxhjY8e7CRY/hqdefault.jpg","480","360","The Weeknd","none",2809790,38139,351,0,3069
"yI-zb_aP0So","2011-03-21T03:45:39.000Z","UC0WP5P-ufpRfjbNrmOWwLBQ","The Weeknd - The Party &amp; The After Party","http://theweeknd.co/BeautyBehindTheMadness THE MADNESS FALL TOUR 2015: http://republicrec.co/BBTMtickets.","https://i.ytimg.com/vi/yI-zb_aP0So/default.jpg","120","90","https://i.ytimg.com/vi/yI-zb_aP0So/mqdefault.jpg","320","180","https://i.ytimg.com/vi/yI-zb_aP0So/hqdefault.jpg","480","360","The Weeknd","none",19331693,82501,2119,0,5977
"dXbJ8-38yHw","2011-08-19T23:58:07.000Z","UC0WP5P-ufpRfjbNrmOWwLBQ","The Weeknd - Heaven Or Las Vegas","http://theweeknd.co/BeautyBehindTheMadness THE MADNESS FALL TOUR 2015: http://republicrec.co/BBTMtickets.","https://i.ytimg.com/vi/dXbJ8-38yHw/default.jpg","120","90","https://i.ytimg.com/vi/dXbJ8-38yHw/mqdefault.jpg","320","180","https://i.ytimg.com/vi/dXbJ8-38yHw/hqdefault.jpg","480","360","The Weeknd","none",2299387,11327,285,0,1082
"6CnP8ghhZPQ","2015-11-06T05:00:00.000Z","UC0WP5P-ufpRfjbNrmOWwLBQ","The Weeknd - Can&#39;t Feel My Face (Martin Garrix Remix)","Download/Stream Here: Music / iTunes: http://republicrec.co/CFMFGarrixRemix Music / Apple: http://republicrec.co/CFMFGarrixRemixAM Amazon: ...","https://i.ytimg.com/vi/6CnP8ghhZPQ/default.jpg","120","90","https://i.ytimg.com/vi/6CnP8ghhZPQ/mqdefault.jpg","320","180","https://i.ytimg.com/vi/6CnP8ghhZPQ/hqdefault.jpg","480","360","The Weeknd","none",3931628,52941,1092,0,1430
"HqyBbd2ZMBw","2012-11-08T06:50:10.000Z","UC0WP5P-ufpRfjbNrmOWwLBQ","The Weeknd - The Zone feat. Drake (Official Video)","http://theweeknd.co/BeautyBehindTheMadness THE MADNESS FALL TOUR 2015: http://republicrec.co/BBTMtickets.","https://i.ytimg.com/vi/HqyBbd2ZMBw/default.jpg","120","90","https://i.ytimg.com/vi/HqyBbd2ZMBw/mqdefault.jpg","320","180","https://i.ytimg.com/vi/HqyBbd2ZMBw/hqdefault.jpg","480","360","The Weeknd","none",5935665,35438,935,0,3194
"2fhjdtQDcOo","2015-10-20T22:31:42.000Z","UC0WP5P-ufpRfjbNrmOWwLBQ","The Weeknd - The Hills remix feat. Eminem ( A Virtual Reality Experience)","Presented by Apple Music x GoPro x United Realities x Nabil GoPro spherical content requires Google Chrome or the YouTube App on Mobile. For mobile, best ...","https://i.ytimg.com/vi/2fhjdtQDcOo/default.jpg","120","90","https://i.ytimg.com/vi/2fhjdtQDcOo/mqdefault.jpg","320","180","https://i.ytimg.com/vi/2fhjdtQDcOo/hqdefault.jpg","480","360","The Weeknd","none",2641685,32699,1316,0,2107
"eN84vAqO9NY","2013-05-16T23:50:56.000Z","UC0WP5P-ufpRfjbNrmOWwLBQ","The Weeknd - Kiss Land","http://theweeknd.co/BeautyBehindTheMadness THE MADNESS FALL TOUR 2015: http://republicrec.co/BBTMtickets.","https://i.ytimg.com/vi/eN84vAqO9NY/default.jpg","120","90","https://i.ytimg.com/vi/eN84vAqO9NY/mqdefault.jpg","320","180","https://i.ytimg.com/vi/eN84vAqO9NY/hqdefault.jpg","480","360","The Weeknd","none",10343225,61694,2176,0,7699
"PrwB6qsL6fU","2015-11-06T05:00:03.000Z","UC0WP5P-ufpRfjbNrmOWwLBQ","The Weeknd - The Hills (RL Grime Remix)","Download/Stream Here: Music / iTunes: http://republicrec.co/TheHillsRLGrimeRemix Music / Apple: http://republicrec.co/TheHillsRLGrimeRxAM Amazon: ...","https://i.ytimg.com/vi/PrwB6qsL6fU/default.jpg","120","90","https://i.ytimg.com/vi/PrwB6qsL6fU/mqdefault.jpg","320","180","https://i.ytimg.com/vi/PrwB6qsL6fU/hqdefault.jpg","480","360","The Weeknd","none",2374997,29422,718,0,758
"VwvL1Yvp72M","2014-04-26T18:53:04.000Z","UC0WP5P-ufpRfjbNrmOWwLBQ","The Weeknd x Paris","http://theweeknd.co/BeautyBehindTheMadness THE MADNESS FALL TOUR 2015: http://republicrec.co/BBTMtickets.","https://i.ytimg.com/vi/VwvL1Yvp72M/default.jpg","120","90","https://i.ytimg.com/vi/VwvL1Yvp72M/mqdefault.jpg","320","180","https://i.ytimg.com/vi/VwvL1Yvp72M/hqdefault.jpg","480","360","The Weeknd","none",305351,3203,66,0,194
"Q277kO4OREQ","2012-05-10T06:29:05.000Z","UC0WP5P-ufpRfjbNrmOWwLBQ","The Weeknd x Club Paradise","http://theweeknd.co/BeautyBehindTheMadness THE MADNESS FALL TOUR 2015: http://republicrec.co/BBTMtickets.","https://i.ytimg.com/vi/Q277kO4OREQ/default.jpg","120","90","https://i.ytimg.com/vi/Q277kO4OREQ/mqdefault.jpg","320","180","https://i.ytimg.com/vi/Q277kO4OREQ/hqdefault.jpg","480","360","The Weeknd","none",467543,4696,75,0,832
"YXd31241sEk","2013-09-07T02:12:12.000Z","UC0WP5P-ufpRfjbNrmOWwLBQ","Kiss Land Fall Tour 2013","http://theweeknd.co/BeautyBehindTheMadness THE MADNESS FALL TOUR 2015: http://republicrec.co/BBTMtickets.","https://i.ytimg.com/vi/YXd31241sEk/default.jpg","120","90","https://i.ytimg.com/vi/YXd31241sEk/mqdefault.jpg","320","180","https://i.ytimg.com/vi/YXd31241sEk/hqdefault.jpg","480","360","The Weeknd","none",103271,2360,25,0,234
"saEEMD997ns","2014-03-30T22:26:05.000Z","UC0WP5P-ufpRfjbNrmOWwLBQ","Drake and The Weeknd &quot;Would You Like A Tour&quot; OVO &amp; XO","http://theweeknd.co/BeautyBehindTheMadness THE MADNESS FALL TOUR 2015: http://republicrec.co/BBTMtickets.","https://i.ytimg.com/vi/saEEMD997ns/default.jpg","120","90","https://i.ytimg.com/vi/saEEMD997ns/mqdefault.jpg","320","180","https://i.ytimg.com/vi/saEEMD997ns/hqdefault.jpg","480","360","The Weeknd","none",433351,6594,66,0,367
"3XIYasaR1SQ","2015-08-30T03:33:30.000Z","UC0WP5P-ufpRfjbNrmOWwLBQ","Beauty Behind The Madness","http://theweeknd.co/BeautyBehindTheMadness THE MADNESS FALL TOUR 2015: http://republicrec.co/BBTMtickets.","https://i.ytimg.com/vi/3XIYasaR1SQ/default.jpg","120","90","https://i.ytimg.com/vi/3XIYasaR1SQ/mqdefault.jpg","320","180","https://i.ytimg.com/vi/3XIYasaR1SQ/hqdefault.jpg","480","360","The Weeknd","none",205150,6914,33,0,527
"yAphJASuKhk","2012-10-29T18:39:58.000Z","UC0WP5P-ufpRfjbNrmOWwLBQ","The Weeknd Trilogy - November 13","http://theweeknd.co/BeautyBehindTheMadness THE MADNESS FALL TOUR 2015: http://republicrec.co/BBTMtickets.","https://i.ytimg.com/vi/yAphJASuKhk/default.jpg","120","90","https://i.ytimg.com/vi/yAphJASuKhk/mqdefault.jpg","320","180","https://i.ytimg.com/vi/yAphJASuKhk/hqdefault.jpg","480","360","The Weeknd","none",567704,5034,60,0,739
"Wq6V9YpE1aE","2013-06-25T16:41:51.000Z","UC0WP5P-ufpRfjbNrmOWwLBQ","The Weeknd - Kiss Land (Official Video)","http://theweeknd.co/BeautyBehindTheMadness THE MADNESS FALL TOUR 2015: http://republicrec.co/BBTMtickets.","https://i.ytimg.com/vi/Wq6V9YpE1aE/default.jpg","120","90","https://i.ytimg.com/vi/Wq6V9YpE1aE/mqdefault.jpg","320","180","https://i.ytimg.com/vi/Wq6V9YpE1aE/hqdefault.jpg","480","360","The Weeknd","none",2363161,29772,636,0,2859
"euQdiW6_gCo","2013-09-08T19:00:33.000Z","UC0WP5P-ufpRfjbNrmOWwLBQ","Kiss Land - Wicker Park, Chicago","http://theweeknd.co/BeautyBehindTheMadness THE MADNESS FALL TOUR 2015: http://republicrec.co/BBTMtickets.","https://i.ytimg.com/vi/euQdiW6_gCo/default.jpg","120","90","https://i.ytimg.com/vi/euQdiW6_gCo/mqdefault.jpg","320","180","https://i.ytimg.com/vi/euQdiW6_gCo/hqdefault.jpg","480","360","The Weeknd","none",104594,2726,33,0,212
"3JLJNPNvlmA","2012-10-09T23:35:29.000Z","UC0WP5P-ufpRfjbNrmOWwLBQ","The Weeknd Trilogy - November 13","http://theweeknd.co/BeautyBehindTheMadness THE MADNESS FALL TOUR 2015: http://republicrec.co/BBTMtickets.","https://i.ytimg.com/vi/3JLJNPNvlmA/default.jpg","120","90","https://i.ytimg.com/vi/3JLJNPNvlmA/mqdefault.jpg","320","180","https://i.ytimg.com/vi/3JLJNPNvlmA/hqdefault.jpg","480","360","The Weeknd","none",601338,6417,48,0,1340
"rO8CRdqxqJQ","2012-07-09T12:12:10.000Z","UC0WP5P-ufpRfjbNrmOWwLBQ","The Weeknd x Flying Lotus @ XOYO","http://theweeknd.co/BeautyBehindTheMadness THE MADNESS FALL TOUR 2015: http://republicrec.co/BBTMtickets.","https://i.ytimg.com/vi/rO8CRdqxqJQ/default.jpg","120","90","https://i.ytimg.com/vi/rO8CRdqxqJQ/mqdefault.jpg","320","180","https://i.ytimg.com/vi/rO8CRdqxqJQ/hqdefault.jpg","480","360","The Weeknd","none",199719,1679,53,0,176
"FyTg-SYbOmc","2013-08-31T03:55:06.000Z","UC0WP5P-ufpRfjbNrmOWwLBQ","Roman Polanski","http://theweeknd.co/BeautyBehindTheMadness THE MADNESS FALL TOUR 2015: http://republicrec.co/BBTMtickets.","https://i.ytimg.com/vi/FyTg-SYbOmc/default.jpg","120","90","https://i.ytimg.com/vi/FyTg-SYbOmc/mqdefault.jpg","320","180","https://i.ytimg.com/vi/FyTg-SYbOmc/hqdefault.jpg","480","360","The Weeknd","none",263057,3651,75,0,476
"YVjvGIqa1X8","2013-09-17T21:44:53.000Z","UC0WP5P-ufpRfjbNrmOWwLBQ","Kiss Land - Melrose Ave. Los Angeles","http://theweeknd.co/BeautyBehindTheMadness THE MADNESS FALL TOUR 2015: http://republicrec.co/BBTMtickets. Mural by: I.C.U. Art www.ICUArt.com ...","https://i.ytimg.com/vi/YVjvGIqa1X8/default.jpg","120","90","https://i.ytimg.com/vi/YVjvGIqa1X8/mqdefault.jpg","320","180","https://i.ytimg.com/vi/YVjvGIqa1X8/hqdefault.jpg","480","360","The Weeknd","none",162877,2858,45,0,155
"f52hVHvMEOQ","2012-10-22T22:28:28.000Z","UC0WP5P-ufpRfjbNrmOWwLBQ","The Weeknd Trilogy - November 13","http://theweeknd.co/BeautyBehindTheMadness THE MADNESS FALL TOUR 2015: http://republicrec.co/BBTMtickets.","https://i.ytimg.com/vi/f52hVHvMEOQ/default.jpg","120","90","https://i.ytimg.com/vi/f52hVHvMEOQ/mqdefault.jpg","320","180","https://i.ytimg.com/vi/f52hVHvMEOQ/hqdefault.jpg","480","360","The Weeknd","none",568449,4828,66,0,971
"Xpvm4wb88ug","2013-09-09T19:25:55.000Z","UC0WP5P-ufpRfjbNrmOWwLBQ","The Fall Tour - 1st Show","http://theweeknd.co/BeautyBehindTheMadness THE MADNESS FALL TOUR 2015: http://republicrec.co/BBTMtickets.","https://i.ytimg.com/vi/Xpvm4wb88ug/default.jpg","120","90","https://i.ytimg.com/vi/Xpvm4wb88ug/mqdefault.jpg","320","180","https://i.ytimg.com/vi/Xpvm4wb88ug/hqdefault.jpg","480","360","The Weeknd","none",88983,1757,21,0,232
"4mCGZeS5BWM","2013-05-13T21:59:51.000Z","UC0WP5P-ufpRfjbNrmOWwLBQ","John Carpenter","http://theweeknd.co/BeautyBehindTheMadness THE MADNESS FALL TOUR 2015: http://republicrec.co/BBTMtickets.","https://i.ytimg.com/vi/4mCGZeS5BWM/default.jpg","120","90","https://i.ytimg.com/vi/4mCGZeS5BWM/mqdefault.jpg","320","180","https://i.ytimg.com/vi/4mCGZeS5BWM/hqdefault.jpg","480","360","The Weeknd","none",349767,4851,63,0,704
"EpMV80K6IxY","2013-09-14T00:55:13.000Z","UC0WP5P-ufpRfjbNrmOWwLBQ","The Airport","http://theweeknd.co/BeautyBehindTheMadness THE MADNESS FALL TOUR 2015: http://republicrec.co/BBTMtickets.","https://i.ytimg.com/vi/EpMV80K6IxY/default.jpg","120","90","https://i.ytimg.com/vi/EpMV80K6IxY/mqdefault.jpg","320","180","https://i.ytimg.com/vi/EpMV80K6IxY/hqdefault.jpg","480","360","The Weeknd","none",233707,3684,92,0,382
"z3hBxQWMZuI","2013-09-14T17:12:25.000Z","UC0WP5P-ufpRfjbNrmOWwLBQ","The Flower Shop","http://theweeknd.co/BeautyBehindTheMadness THE MADNESS FALL TOUR 2015: http://republicrec.co/BBTMtickets.","https://i.ytimg.com/vi/z3hBxQWMZuI/default.jpg","120","90","https://i.ytimg.com/vi/z3hBxQWMZuI/mqdefault.jpg","320","180","https://i.ytimg.com/vi/z3hBxQWMZuI/hqdefault.jpg","480","360","The Weeknd","none",184168,2611,70,0,198
"Q4AAIdI2yks","2013-09-15T22:50:48.000Z","UC0WP5P-ufpRfjbNrmOWwLBQ","The Restaurant","http://theweeknd.co/BeautyBehindTheMadness THE MADNESS FALL TOUR 2015: http://republicrec.co/BBTMtickets.","https://i.ytimg.com/vi/Q4AAIdI2yks/default.jpg","120","90","https://i.ytimg.com/vi/Q4AAIdI2yks/mqdefault.jpg","320","180","https://i.ytimg.com/vi/Q4AAIdI2yks/hqdefault.jpg","480","360","The Weeknd","none",157280,1706,78,0,153
