video_id,comment_text,,,,,,,
hzGrwaFztrE,Anyone reading comments before watching.  I used to scrolling while watching  i always do,,,,,,,
hzGrwaFztrE,"""Money doesn't change people, it reveals them""?",,,,,,,
hzGrwaFztrE,Im not through the movie yet but that girl is suspect...,,,,,,,
hzGrwaFztrE,Entertaining, albeit far fetched.,,,,,,
hzGrwaFztrE,Ooooh, I wanted to see him meet his parents again... ):,,,,,,
hzGrwaFztrE,I love downloading n watchin' movies in here.,,,,,,,
hzGrwaFztrE,Not a big one to talk much about,,,,,,,
hzGrwaFztrE,I read a book that was kind of like this it was called stolen girl,,,,,,,
hzGrwaFztrE,Mind blowing movie I have ever had seen,,,,,,,
hzGrwaFztrE,Shye. was really a true friend ?.,,,,,,,
hzGrwaFztrE,"""Money doesn't change people. It reveals them"".... best lesson ever.",,,,,,,
hzGrwaFztrE,bitcoin - only important thing being said,,,,,,,
hzGrwaFztrE,In the end i got a chance to start over, living honest life and make an honest living,,,,,,
hzGrwaFztrE,It's killing me the fact that they didn't show him seeing his mom again. That's just cruel man,,,,,,,
hzGrwaFztrE,I just watched the whole movie during work hour was. Great cuz time passed by,,,,,,,
hzGrwaFztrE,amazing movieeee.. liked it,,,,,,,
hzGrwaFztrE,Ain’t going to lie , the movie did get some facts right,,,,,,
hzGrwaFztrE,Anyone here to improve their english,,,,,,,
hzGrwaFztrE,i recommend yoy to watch it best hacking movie. with real Life examples..,,,,,,,
hzGrwaFztrE,No words to express the feeling I had wen I watched...fire man ,,,,,,,
hzGrwaFztrE,Worth to watch,,,,,,,
hzGrwaFztrE,basically he was stealing thing's i mean crime but wt a fun if get caught quickly will turn into hell,,,,,,,
hzGrwaFztrE,We love you Sye  You came back even when it wasn't your fault nd alex needed to apologise . ,,,,,,,
hzGrwaFztrE,Ps- ALWAYS REMEMBER ,,,,,,,
hzGrwaFztrE,Love is trash, ,,,,,,
hzGrwaFztrE,Bitches need cash .,,,,,,,
hzGrwaFztrE,Always watch who you sell your soul too.,,,,,,,
hzGrwaFztrE,"""URGHH WE SHOULD BE CELEBRATING!""",,,,,,,
hzGrwaFztrE,"""Celebrating what? Failure?""",,,,,,,
hzGrwaFztrE,"""ITS MY BIRTHDAY""",,,,,,,
hzGrwaFztrE,Great movie, well worth the watch. Somewhat expected twist at the end, but still good.,,,,,
hzGrwaFztrE,I recommend using this if you need netflix premium:,,,,,,,
hzGrwaFztrE,,,,,,,,
hzGrwaFztrE,#NAME?,,,,,,,
hzGrwaFztrE,,,,,,,,
hzGrwaFztrE,its so great that it exists in 2020...,,,,,,,
hzGrwaFztrE,Amazing Movieeee,,,,,,,
hzGrwaFztrE,Got some lession from this movie,,,,,,,
hzGrwaFztrE,Great twist towards the end,,,,,,,
hzGrwaFztrE,1:01:50 soooooo hong kong lmao he wants to see his lawyer,,,,,,,
hzGrwaFztrE,wow this is great it  gave me a feeling that i never had in my life an life can be a puzzle in some case an drag u into some bonded shit wow i love this,,,,,,,
hzGrwaFztrE,Sye is nice.. ?? May I know what's the title of this one?,,,,,,,
hzGrwaFztrE,Well that's the thing which i was looking for ,,,,,,,
hzGrwaFztrE,Loved it?,,,,,,,
hzGrwaFztrE,I've  seen a ton of movies in my day and a ton that are CRAP.. This was a GEM all the way,,,,,,,
hzGrwaFztrE,Loved it.  I wish I see him rich.,,,,,,,
hzGrwaFztrE,That is actually not a bad watch ??,,,,,,,
hzGrwaFztrE,all i can say is wow!!,,,,,,,
hzGrwaFztrE,they should of called this theif.,,,,,,,
hzGrwaFztrE,It's really a great movie?guys must watch this movie and this movie taught me that don't  always get greedy for money. BE HONEST, DO HARDWORK BCOZ LYF IS BEAUTIFUL?keep learning ?,,,,,,
hzGrwaFztrE,This is so epic... (in a good way),,,,,,,
hzGrwaFztrE,The moment the girl came along it was trouble. The 2 were doing great.,,,,,,,
hzGrwaFztrE,I wanted to watch this only for half hour ,,,,,,,
hzGrwaFztrE,But this movie made me watched whole till it gets completed.,,,,,,,
hzGrwaFztrE,The.only thing I wanted to tell is that worth watching,,,,,,,
hzGrwaFztrE,So because of her...his best friend died and everything was supposed to be okay,,,,,,,
hzGrwaFztrE,I love the movie. The story line is great, I'm impressed I found a movie  this good in YouTube,,,,,,
hzGrwaFztrE,Actually I need a best friend like shye,,,,,,,
hzGrwaFztrE,Wow, love ????,,,,,,
hzGrwaFztrE,"""Drug addict make a mistake while, Drug dealer commit the crime""""?",,,,,,,
hzGrwaFztrE,I've seen this back in 2017 and I'm back again,,,,,,,
hzGrwaFztrE,No word !!! Just amazing ??? I love it .....,,,,,,,
hzGrwaFztrE,Very good movie.,,,,,,,
hzGrwaFztrE,Good watch. I just feel bad about Sye. Wish his death was just a setup too and that he's still alive in the end.,,,,,,,
hzGrwaFztrE,Hacking is good when it's for a good purpose, I'm so glad towards the good work of cyber_intell on inst?gr?m who got back our hacked inst?gr?m page password from enemies,,,,,,
hzGrwaFztrE,this is really a good one ...,,,,,,,
hzGrwaFztrE,Really an amazing movie ,,,,,,,
hzGrwaFztrE,I never comment after seeing movie ,,,,,,,
hzGrwaFztrE,But this time i should say that this was osmmm guyss,,,,,,,
hzGrwaFztrE,That UNCLE is making me nervous!,,,,,,,
hzGrwaFztrE,Wow, that was a cool movie,,,,,,
hzGrwaFztrE,Letting know this to anyone finding somethin to watch.. this is one of my classic movies I've been watchin it over and over..,,,,,,,
hzGrwaFztrE,Seen this a few times. Great movie. Very inspirational and a good storyline.,,,,,,,
hzGrwaFztrE,Awesome ?,,,,,,,
hzGrwaFztrE,Just kids i would have opened an offshore account.,,,,,,,
hzGrwaFztrE,Nice movie, long live Turkic connection!,,,,,,
hzGrwaFztrE,I suspected that from the jump ? good movie,,,,,,,
hzGrwaFztrE,I'll also trying to open dark web.... Lolx??,,,,,,,
hzGrwaFztrE,Such a great film?,,,,,,,
hzGrwaFztrE,THAT was an awesome ass movie!,,,,,,,
hzGrwaFztrE,THANKS for that!,,,,,,,
hzGrwaFztrE,I'll be subscribing to your channel.. In hopes you upload more full ( great) movies like THIS!??,,,,,,,
hzGrwaFztrE,I was ready to get mad but in the end....,,,,,,,
hzGrwaFztrE,Interesting. Im 23 minutes in and it hasnt dulled even once. It is well made , and i  have a feeling theres a nugget of wisdom to be realized at the end. .....I hope.,,,,,,
hzGrwaFztrE,Make an app,,,,,,,
hzGrwaFztrE,Ifeel i just want to start a new life after seeing this.  From now on i will stop using our neighbor's wifi? lmao,,,,,,,
hzGrwaFztrE,Amazing. ? . Just Amazing ?,,,,,,,
hzGrwaFztrE,suddenly he remembered his mommy after he got arrested and thrown inside a Thai prison and without going to the judicial court..???,,,,,,,
hzGrwaFztrE,Thanks for sharing,  very interesting À to Z. ?,,,,,,
hzGrwaFztrE,To live life truthfully, one must be honest about who she/he was in order breathe the life you wanted to live freely.....,,,,,,
hzGrwaFztrE,Exactly movie is fab man.,,,,,,,
hzGrwaFztrE,Damn that was so good ,,,,,,,
hzGrwaFztrE,Anyone else think he was too quick to forgive that bih,,,,,,,
hzGrwaFztrE,I need Shye as my Friend!,,,,,,,
hzGrwaFztrE,ILike this movie. Thank You for uploading ?,,,,,,,
hzGrwaFztrE,7:07 Dark Souls 2 lol,,,,,,,
hzGrwaFztrE,Seriously, no words...watch it once you'll love it.. amazing..?,,,,,,
hzGrwaFztrE, the movie!,,,,,,,
hzGrwaFztrE,Read no further... MOVIE is a Gem. Couldn't stop watching kept me up till 2.30am.,,,,,,,
hzGrwaFztrE,amazing movie... a science fiction movie nice ending...miss u shye ?,,,,,,,
hzGrwaFztrE,Shye define what the true friendship.... ??,,,,,,,
hzGrwaFztrE,For anyone looking for a legit review, pretty decent movie.  Enjoyed it. Nice storyline and twist. Good quality audio. No skipped parts.,,,,,,
hzGrwaFztrE,Better then most free full utube movies.,,,,,,,
hzGrwaFztrE,Thanks for free movie ? i love it there is a lesson ,,,,,,,
hzGrwaFztrE,I little bit scared hahahaha,,,,,,,
hzGrwaFztrE,Great movie, just keep watching,,,,,,
hzGrwaFztrE,Wonderful??,,,,,,,
hzGrwaFztrE,just wow Amazing :) ilove it,,,,,,,
hzGrwaFztrE,Excellent movie All Around worth the watch,,,,,,,
hzGrwaFztrE,Enjoyed it ?,,,,,,,
hzGrwaFztrE,Definitely a movie worth watching! Kept my interest!,,,,,,,
hzGrwaFztrE,After reading the comments . I am watching,,,,,,,
hzGrwaFztrE,Thank u for the movie!,,,,,,,
hzGrwaFztrE,Was seriously good!,,,,,,,
hzGrwaFztrE,this was a good movie but for some reason i just knew the girl was working with the police,,,,,,,
hzGrwaFztrE,Cool movie. Pretty cool ending. Thanks for uploading.,,,,,,,
hzGrwaFztrE,Good movie, Thank you YouTube!,,,,,,
hzGrwaFztrE,Worth watching. ?,,,,,,,
hzGrwaFztrE,EXCELENT MOVIE !!! ? for youtube movie,,,,,,,
hzGrwaFztrE,wow! amzing movie,,worth to watch meaningfull in real life,,,,,
hzGrwaFztrE,He's look a little bit like hunter Hayes ?,,,,,,,
hzGrwaFztrE,Yea gud one. Safe to watch with my mom.,,,,,,,
hzGrwaFztrE,I love this movie even tho i watched this in 2019 nearly 2020 i loved it so much I would love a 2nd part of this movie.,,,,,,,
hzGrwaFztrE,Wow what a movie just loved it,,,,,,,
hzGrwaFztrE,Wow,,,,,,,
hzGrwaFztrE,Cerita sumpah best , plot twist dia memang umph , ending amat amatlah bagus , tq for upload , iloveyou .,,,
hzGrwaFztrE,I watched this movie at the end of 2019 that mean last night of 2019. GOOD BYE 2019,,,,,,,
hzGrwaFztrE,It's an amazing film  . The film has a good moral . I think everyone and  specially  the adults should watch this movie  . This film is not only about the story and the downfall of  a hacker  . The story has a deep inner meaning  . To know it you have to watch the movie with great  interest  . But that's very true — the story can automatically captures   one's mind  . I love it  ?,,,,,,,
hzGrwaFztrE,Close to Bonnie & Clyde in a different time line, great movie,,,,,,
hzGrwaFztrE,wonderful movie with a nice msg,,,,,,,
hzGrwaFztrE,haven't watch it yet, but based on the comments thanks for uploading.,,,,,,
hzGrwaFztrE,Wawww great moviee ...I just love it ?,,,,,,,
hzGrwaFztrE,Good movie, good cut, good action, and good acting. Sure, fantasy hacking (I wish it were that easy!!!), fantasy plot (the Zed character is a joke), but very entertaining with a cute little twist at the happy end, worth watching.
hzGrwaFztrE,Saw it b4, but so long ago... I just remembered it was really good & worth watching the 1st time... so watching it again! Really worth the watch, so I really recommend it! ??????????,,,,,
hzGrwaFztrE,One among the best science fiction movies??,,,,,,,
hzGrwaFztrE,Man This Was A Good Movie!!!,,,,,,,
hzGrwaFztrE,What about Sye?!!,,,,,,,
hzGrwaFztrE,Yeah, worthy !,,,,,,
hzGrwaFztrE,"All of this was all about the  ""Uncle"" who uses kira to get closer to alex and lure Z out and get arrested.",,,,,,,
hzGrwaFztrE,,,,,,,,
hzGrwaFztrE,I feel bad for SYE thoo he fucked up by using the black card etc. ,,,,,,,
hzGrwaFztrE,Awesomo! The movie is great,,,,,,,
hzGrwaFztrE,GREAT MOVIE BUT GREAT NOT FOR THOSE WHO ARE NOT INTERESTED IN SUCH MOVIES,,,,,,,
hzGrwaFztrE,Well done ?,,,,,,,
hzGrwaFztrE,Their phone's tho,,,,,,,
hzGrwaFztrE,Nyc movie,,,,,,,
hzGrwaFztrE,Awesome movie... cheers for that...,,,,,,,
hzGrwaFztrE,Good show ! Up there with the other criminal shows like Scarface , Blow. 11:39 the honey trap,,,,,,
hzGrwaFztrE,Worth watching,,,?,,,,
hzGrwaFztrE,Thank y'all for telling me about the movies,,,,,,,
hzGrwaFztrE,This is a seriously good movie and it's free. Thanks for the upload!,,,,,,,
hzGrwaFztrE,I celebrate my Christmas watching this amazing movie ?,,,,,,,
hzGrwaFztrE,I feel so sorry for SYE ,,,,,,,
hzGrwaFztrE,No words to say just amazing...,,,,,,,
hzGrwaFztrE,Wasted 1:47:34 hour my life on this boredo movie.,,,,,,,
hzGrwaFztrE,There's a great lesson in this movie! ??,,,,,,,
hzGrwaFztrE,Solid film. Time well spent!,,,,,,,
hzGrwaFztrE,how about sye?,,,,,,,
hzGrwaFztrE,Its just woowwww,,,,,,,
hzGrwaFztrE,Thanks !! ,,,,,,,
hzGrwaFztrE,wait, this was based on true events?,,,,,,
hzGrwaFztrE,Good movie, I watched whole,,,,,,
hzGrwaFztrE,So interesting...,,,,,,,
hzGrwaFztrE,The movie was great ?,,,,,,,
hzGrwaFztrE,I m not understand in English,but still looked?,,,,,,
hzGrwaFztrE,Nice Movie,,,,,,,
hzGrwaFztrE,i'm new frnd,,,,,,,
hzGrwaFztrE,,,,,,,,
hzGrwaFztrE,need same response from you ,,,,,,,
hzGrwaFztrE,,,,,,,,
hzGrwaFztrE,Thank,,,,,,,
hzGrwaFztrE,"If only Kira's truth revealed earlier, so that will be a good plot twist... it changes from ""save Kira"" to ""save Alex""",,,,,,,
hzGrwaFztrE,Alain wear!!! Hand over it now!!!!,,,,,,,
hzGrwaFztrE,Hahahahhahq it's just a movie,,,,,,,
hzGrwaFztrE,Best movie.. must watch.,,,,,,,
hzGrwaFztrE,So what happened to all the money he had?,,,,,,,
hzGrwaFztrE,Just watch…...!,,,,,,,
hzGrwaFztrE,hands up!! more movies pls,,,,,,,
hzGrwaFztrE,sai i d man he is more in business for long time,,,,,,,
hzGrwaFztrE,Bravo!,,,,,,,
hzGrwaFztrE,Best movie I've seen in a while! 5??????????,,,,,,,
hzGrwaFztrE,I love this movie.,,,,,,,
hzGrwaFztrE,It's really good move.,,,,,,,
hzGrwaFztrE,Best movie i seen in a while.  Good job,,,,,,,
hzGrwaFztrE,100% best movie ever!,,,,,,,
hzGrwaFztrE,I'm I the only one who MISS SEY......  ,,,,,,,
hzGrwaFztrE,<3  ,'(,,,,,,
hzGrwaFztrE,Good story man!,,,,,,,
hzGrwaFztrE,Nice movie to watch. ,,,,,,,
hzGrwaFztrE,I feel sorry for Shyie (friend of Alex) ,,,,,,,
hzGrwaFztrE,So Kira I found you. ? something wasn't going right haw,,,,,,,
hzGrwaFztrE,HACKER part 2 downloading ..........50% ,,,,,,,
hzGrwaFztrE,This was a get movie!!!,,,,,,,
hzGrwaFztrE,I like this story this about thue love.anything happen u still love her,,,,,,,
hzGrwaFztrE,This is an amazing movie!!!,,,,,,,
hzGrwaFztrE,After watching james burn here i am keep skipping another movie ?,,,,,,,
hzGrwaFztrE,Amazing movie...i loved it??,,,,,,,
hzGrwaFztrE,No word!.,,,,,,,
hzGrwaFztrE,Good movie. Worth a watch.,,,,,,,
hzGrwaFztrE,this movie was so fye,,,,,,,
hzGrwaFztrE,Great Flick...,,,,,,,
hzGrwaFztrE,Awesome!,,,,,,,
hzGrwaFztrE,i love this movie. thanks,,,,,,,
hzGrwaFztrE,Great movie!! TY,,,,,,,
hzGrwaFztrE,what a great movie...,,,,,,,
hzGrwaFztrE,I wanted yo see him hug his parents....,,,,,,,
hzGrwaFztrE,Great role model.,,,,,,,
hzGrwaFztrE,it would be very wonderful if he shot or do something to the girl too the end.....,,,,,,,
hzGrwaFztrE,Finally a movie u can watch with ur family,,,,,,,
hzGrwaFztrE,Very interesting....luvly movie,,,,,,,
hzGrwaFztrE,Tom Holland 2,,,,,,,
hzGrwaFztrE,Best movie to watch. I enjoyed it... Alex.. Sye and Kira love u guyz ,,,,,,,
hzGrwaFztrE,wow. Amazing ?,,,,,,,
hzGrwaFztrE,I did not regret watching this.,,,,,,,
hzGrwaFztrE,Beautiful movie to watch,,,,,,,
hzGrwaFztrE,Excellent movie!!!,,,,,,,
hzGrwaFztrE,Woooow this movie is lit,,,,,,,
hzGrwaFztrE,Great movie!  Worth watching twice....!,,,,,,,
hzGrwaFztrE,Wow this is nice movie..!better than ever..!love her and love him,,,,,,,
hzGrwaFztrE,I thought that the police is sending robots to attack them ._.,,,,,,,
hzGrwaFztrE,And they will stop the robot with obviously hacking._.,,,,,,,
hzGrwaFztrE,After I watched this movie Love your work dont money ?,,,,,,,
hzGrwaFztrE,! just tell the movie isn’t good or bad!?,,,,,,,
hzGrwaFztrE,A slow start, but worth it on the long run.,,,,,,
hzGrwaFztrE,worth it real one,,,,,,,
hzGrwaFztrE,This is a nice movie,,,,,,,
hzGrwaFztrE,With all that cash and they never invested?,,,,,,,
hzGrwaFztrE,I think it is interesting they use service industry people to get the bankers info.,,,,,,,
hzGrwaFztrE,I am 18 minutes in,  Si is a cop undercover,,,,,,
hzGrwaFztrE,movie is awesome but what about phsy ,who killed him,,,,,,
hzGrwaFztrE,Watching this movie in the new year eve 2020,,,,,,,
hzGrwaFztrE,Help me to COMPLETE my mission ??.....Just do it...u know what u have to do,,,,,,,
hzGrwaFztrE,worth watching!,,,,,,,
hzGrwaFztrE,Best movie ive seen on youtube ?,,,,,,,
hzGrwaFztrE,Excellent, thank you.,,,,,,
hzGrwaFztrE,Hacker in the house,,,,,,,
hzGrwaFztrE,Omg im so sad shye is dead ?????,,,,,,,
hzGrwaFztrE,And now I want to explore DARKWEB’???,,,,,,,
hzGrwaFztrE,1:34:30 randy orton??,,,,,,,
hzGrwaFztrE,such an awesome story ??,,,,,,,
hzGrwaFztrE,3 star movie, yassssss,,,,,,
hzGrwaFztrE,Such a good movie. Never bored me. So many twists and turns.,,,,,,,
hzGrwaFztrE,5 star.,,,,,,,
hzGrwaFztrE,Not too bad. It felt like it was rushed towards the end but still worth watching.,,,,,,,
hzGrwaFztrE,best movie 2k19,,,,,,,
hzGrwaFztrE,This movie is Lit ??,,,,,,,
hzGrwaFztrE,My Uncle Help me...?,,,,,,,
hzGrwaFztrE,Good flick. ?,,,,,,,
hzGrwaFztrE,Sad.They wasted every cent on crap.,,,,,,,
hzGrwaFztrE,Woawwwww so interest to watch,,,,,,,
hzGrwaFztrE,EXCELLENT MOVIE.,,,,,,,
hzGrwaFztrE,We want more movies like this man please ...so dope movie,,,,,,,
hzGrwaFztrE,i didnt expect this watch to be awesome?,,,,,,,
hzGrwaFztrE,??,,,,,,,
hzGrwaFztrE,Simplicity is the way to go,,,,,,,
hzGrwaFztrE,Could have been a great movie but the end is a big let down. IMHO.,,,,,,,
hzGrwaFztrE,Watching,,,,,,,
hzGrwaFztrE,amazing,,,,,,,
hzGrwaFztrE,Love this movie,,,,,,,
hzGrwaFztrE,Like karo 100 sall jiyo,,,,,,,
hzGrwaFztrE,those who have liked the movie plzz watch the 37 episode series anime deathnote,,,,,,,
hzGrwaFztrE,Damn,,,,,,,
hzGrwaFztrE,What a movie mindblowing,,,,,,,
hzGrwaFztrE,A movie  to watch!..,,,,,,,
hzGrwaFztrE,Wonderful movie, excellent ending,,,,,,
hzGrwaFztrE,This is the real definition of a movie,,,,,,,
hzGrwaFztrE,Deep??,,,,,,,
hzGrwaFztrE,the girl is a spy to hunt down zedd,,,,,,,
hzGrwaFztrE,This movie is worth my time n anyones time out there. Interesting...,,,,,,,
hzGrwaFztrE,Bryce is that you? I FLIPPED,,,,,,,
hzGrwaFztrE,amazing movie,,,,,,,
hzGrwaFztrE,How can you buy a phone from a street vendor for just 600 Bhats (Thai currency)?,,,,,,,
hzGrwaFztrE,This movie is the bomb,,,,,,,
hzGrwaFztrE,It is a good movie. No click bait. Rely cool!!!,,,,,,,
hzGrwaFztrE,the best movie..,,,,,,,
hzGrwaFztrE,27/1/2020,,,,,,,
hzGrwaFztrE,Omg im so sad shye is dead ,,,,,,,
hzGrwaFztrE,Beautiful??,,,,,,,
hzGrwaFztrE,In this movie really excellent contents....and the aftermath of hacker is  very well because of now he is been a honest....,,,,,,,
hzGrwaFztrE,Superb movie.....my first English movie???,,,,,,,
hzGrwaFztrE,money does not change you. it reveals who you are. Z,,,,,,,
hzGrwaFztrE,Worth watching !,,,,,,,
hzGrwaFztrE,awesome movie super ending,,,,,,,
hzGrwaFztrE,Actually  hack everything on me not my mind and heart,,,,,,,
hzGrwaFztrE,what is a movie name bro,,,,,,,
hzGrwaFztrE,End was like a crap,,,,,,,
hzGrwaFztrE,Remake from  who am i,,,,,,,
hzGrwaFztrE,I must say what an Amazing movie,,,,,,,
hzGrwaFztrE,Yes I liked it,,,,,,,
hzGrwaFztrE,Love it,,,,,,,
hzGrwaFztrE,Fantastic movie, love it?,,,,,,
hzGrwaFztrE,dis the life i always want  fast n long enough to enjoy world not slow n long loved sai,,,,,,,
hzGrwaFztrE,yes, was pretty good,,,,,,
hzGrwaFztrE,this movie taught me a leson to not do illegal thingsa nd stay with your loved ones i wonder what happend after they went i fell kida bad,,,,,,,
hzGrwaFztrE,?,,,,,,,
hzGrwaFztrE,I'll download this?,,,,,,,
hzGrwaFztrE,PERFECT MOVIE I EVER WATCHED ON TODAY'S CHANGING LIFESTYLE BE PATIENCE & LIVE NORMAL LIFE,,,,,,,
hzGrwaFztrE,,,,,,,,
hzGrwaFztrE,Nice!,,,,,,,
hzGrwaFztrE,Good movie with lots of twists and turns.,,,,,,,
hzGrwaFztrE,Nice movie...loved it?,,,,,,,
hzGrwaFztrE,Sci Fi?,,,,,,,
hzGrwaFztrE,Its a nice movie ,,,,,,,
hzGrwaFztrE,Great.... I love this movie ,,,,,,,
hzGrwaFztrE,4th time watching it...,,,,,,,
hzGrwaFztrE,Good movie but I just don't  know why in the hell he gave that lady at the computer store that card instead of giving her cash,,,,,,,
hzGrwaFztrE,Some of the smartest wealthy started out as poor. No Money makes you come up with brilliant ideas , and if are not streetwise you can be in trouble.,,,,,,
hzGrwaFztrE,Really good movie,,,,,,,
hzGrwaFztrE,What a end really ?,,,,,,,
hzGrwaFztrE,Great movie! Anyone in youtube looking for a movie worth watching, this is the one!,,,,,,
hzGrwaFztrE,His mom is hot,,,,,,,
hzGrwaFztrE,Algum brasileiro aqui também?,,,,,,,
hzGrwaFztrE,while watching movie ...i was thinking about ...doing carrier in hacking, but ending disappointed me...but its really good movie to watch,,,,,,
hzGrwaFztrE,Why keep that cash, why not bank it in offshore accounts.,,,,,,
hzGrwaFztrE,Please upload more English movies,,,,,,,
hzGrwaFztrE,"Excellent movie. We can get a lesson in this. ""Money can reveals who you are"".",,,,,,,
hzGrwaFztrE,That little boy in the intro died not the kid featured in the movie,,,,,,,
hzGrwaFztrE,this movie is a big example of lifes reality.you make your life to hell to heaven or Heven to hell,,,,,,,
hzGrwaFztrE,This really was Gucci Mayne transformation?,,,,,,,
hzGrwaFztrE,i was done at the cat fight at the DVD player truck sale 50:00,,,,,,,
hzGrwaFztrE,my favourite movie ??,,,,,,,
hzGrwaFztrE,It's a good movie,,,,,,,
hzGrwaFztrE,Where are the other movies,,,,,,,
hzGrwaFztrE,This movie actually has a meaning full ending! One of the best movies I’ve seen in awhile!,,,,,,,
hzGrwaFztrE,Huh.lol.good movie.,,,,,,,
hzGrwaFztrE,Worth watching!!!!!,,,,,,,
hzGrwaFztrE,,,,,,,,
hzGrwaFztrE,Super bro ,,,,,,,
hzGrwaFztrE,Ivacy vpn keeps you secure and safe online.  Get safe in $0.99/month.,,,,,,,
hzGrwaFztrE,I loved it,,,,,,,
hzGrwaFztrE,I like this ?,,,,,,,
hzGrwaFztrE,Watch it, you will like,,,,,,
hzGrwaFztrE,,,,,,,,
hzGrwaFztrE,my first comments to any movie ever guys most recommended best then any bull*****t out there,,,,,,,
hzGrwaFztrE,How greed can put u through the misery.... lost frd..  lost life...  Well a good lesson.,,,,,,,
hzGrwaFztrE,3rd time watching this,,,,,,,
hzGrwaFztrE,Wow nice ,,,,,,,
hzGrwaFztrE,Great movie,,,,,,,
hzGrwaFztrE,Great movie,,,,,,,
hzGrwaFztrE,hmm.... hacker, you say.,,,,,,
hzGrwaFztrE,,,,,,,,
hzGrwaFztrE,Good movie, thanks.,,,,,,
hzGrwaFztrE,Thanks for adding this on youtube ! Love it !,,,,,,,
hzGrwaFztrE,lesson learn ?,,,,,,,
hzGrwaFztrE,Love it,,,,,,,
hzGrwaFztrE,nice movie (Hakker),,,,,,,
hzGrwaFztrE,Wow what a nice story,,,,,,,
hzGrwaFztrE,Nice,,,,,,,
hzGrwaFztrE,sye didn't say that he love alex more than friends. ?,,,,,,,
hzGrwaFztrE,I real like this movie great story??,,,,,,,
hzGrwaFztrE,recommend,,,,,,,
hzGrwaFztrE,01:18:00 AM,,,,,,,
hzGrwaFztrE,Hey ,,,,,,,
hzGrwaFztrE,It,,,,,,,
hzGrwaFztrE,Was,,,,,,,
hzGrwaFztrE,Awesome,,,,,,,
hzGrwaFztrE,This is a beautiful movie?,,,,,,,
hzGrwaFztrE,Thé end beautiful ,,,,,,,
hzGrwaFztrE,"I already knew and watched this movie .. It is a true to life  story of a hacker "" D A R K W E B "" ..",,,,,,,
hzGrwaFztrE,Great Movie,,,,,,,
hzGrwaFztrE,Tank you for sharing this great movie, wee hope Julian Assange  to bee free for to tel us the true, tanks,,,,,
hzGrwaFztrE,Mantap,,,,,,,
hzGrwaFztrE,Great movie 10/10,,,,,,,
hzGrwaFztrE,Amazing movie ??,,,,,,,
hzGrwaFztrE,1:38:29 this movie should end here. That girl twist was dumb.,,,,,,,
hzGrwaFztrE,Rajkumari is mad after watching this movie,,,,,,,
hzGrwaFztrE,Wow,,,,,,,
hzGrwaFztrE,If I became a hacker and never went to college, it's either the bad guys will kill me or my Mom will. Either way, I'd die ? So I just better be going go college,,,,,
hzGrwaFztrE,What was the kiras real name its untold yet man damn what a movie no waste of time liked,,,,,,,
hzGrwaFztrE,I want this kind of movies arghh,,,,,,,
hzGrwaFztrE,It is glorifying crime.,,,,,,,
hzGrwaFztrE,,,,,,,,
hzGrwaFztrE,I like it.,,,,,,,
hzGrwaFztrE,awsome,,,,,,,
hzGrwaFztrE,great movie,,,,,,,
hzGrwaFztrE,HAHA,,,,,,,
hzGrwaFztrE,IS THERE ANY TELUGU VERSION AVAILABLE,,,,,,,
hzGrwaFztrE,great movie,,,,,,,
hzGrwaFztrE,so, there are people who earn money in these ways?,,,,,,
hzGrwaFztrE,I am a hacker....,,,,,,,
hzGrwaFztrE,What the F  2years of imprisonment?,,,,,,,
hzGrwaFztrE,Superb?,,,,,,,
hzGrwaFztrE,Superb?,,,,,,,
hzGrwaFztrE,Great Movie,,,,,,,
hzGrwaFztrE,nice movie to watch there is a moral lesson to learn,,,,,,,
hzGrwaFztrE,Good.,,,,,,,
hzGrwaFztrE,Xoss ,,,,,,,
hzGrwaFztrE,This movie is good,,,,,,,
hzGrwaFztrE,The best movie I ever watched,,,,,,,
hzGrwaFztrE,The Movie was kind of weird but i got attached to the characters so i kinda enjoyed it. Overall Well done!,,,,,,,
hzGrwaFztrE,Good one,,,,,,,
hzGrwaFztrE,So nice my God.,,,,,,,
hzGrwaFztrE,Probably the best Canadian film I have seen.  Thank you for posting.,,,,,,,
hzGrwaFztrE,Love the twist ?,,,,,,,
hzGrwaFztrE,Do NOT sub!,,,,,,,
hzGrwaFztrE,My heart broke when i saw sye was died.,,,,,,,
hzGrwaFztrE,Is the dark web real ? and those it still operate  ?,,,,,,,
hzGrwaFztrE,This movie is straight ,,,,,,,
hzGrwaFztrE,all nice.enjoy,thanks,,,,,,
hzGrwaFztrE,Only 4 minutes in. And I say this. It Rocks.  The tempo is good.  The ideology good. Waiting to see how the story plays out.,,,,,,,
hzGrwaFztrE,The only thing that i hated in this movie was its predictability...rest everything is too good,,,,,,,
hzGrwaFztrE,As a conservative movie critic (after watching this movie)  I give this movie a 7.3 out of 10.,,,,,,,
hzGrwaFztrE,It is one of the best movie I have watched in my life,,,,,,,
hzGrwaFztrE,Good movie? worth to watch?,,,,,,,
hzGrwaFztrE,A good movie but can make a BETTER ENDING TO IT.....,,,,,,,
hzGrwaFztrE,Greed is evil.,,,,,,,
hzGrwaFztrE,I love this.... all time,,,,,,,
hzGrwaFztrE,If you're planning to watch this movie. Go for it and you will not regret it!,,,,,,,
hzGrwaFztrE,Can I get this movie in Hindi ....?,,,,,,,
hzGrwaFztrE,What is the name of movi bro.,,,,,,,
hzGrwaFztrE,good movie...,,,,,,,
hzGrwaFztrE,It's not easy to enter in dark web.. They are showing it too much easy.. But movie is good,,,,,,,
hzGrwaFztrE,Amazing movie,,,,,,,
hzGrwaFztrE,Very nice movie!! ?,,,,,,,
hzGrwaFztrE,One think never believe girl....,,,,,,,
hzGrwaFztrE,Awesome movie... I honestly didn't skip even a second... Now i have lots of mosquito bites...,,,,,,,
hzGrwaFztrE,Ganda ng hacker,,,,,,,
hzGrwaFztrE,Is this movie supposed to be inspirational? Glorifying the lifestyle of criminals and fraudsters? I haven’t seen movies about someone really doing great things in the world - it appears that only vices are glorified in cinema.,,,,,,,
hzGrwaFztrE,Thank you for this kind of movie.,,,,,,,
hzGrwaFztrE,Nice movie ?,,,,,,,
hzGrwaFztrE,Poor parent,,,,,,,
hzGrwaFztrE,i was a hacker once and i also got jailed for it eventually ,i live in bangladesh,,,,,,
hzGrwaFztrE,Best movie,,,,,,,
hzGrwaFztrE,i liked this movie,,,,,,,
hzGrwaFztrE,why did Alex's eyes look like sleepy all the time since meeting with Kira?,,,,,,,
hzGrwaFztrE,this movie is kinda similar to Mr.Robot,,,,,,,
hzGrwaFztrE,Judulnya apa,,,,,,,
hzGrwaFztrE,Sye  is a way better talker than Alex....he always looks so nervous,,,,,,,
hzGrwaFztrE,black HO's are the real hackers.,,,,,,,
hzGrwaFztrE,I bet her uncle is Zed ?,,,,,,,
hzGrwaFztrE,Just finished watching this .....and I must say it is a good movie ... I enjoyed it...wasn't expecting it to end that way...but it turned out good....to bad life doesn't work like that...there isn't happy endings most of the time....,,,,,,,
hzGrwaFztrE,Great someday i want to be like them hahahahaha,,,,,,,
hzGrwaFztrE,This movie is so amazing?,,,,,,,
hzGrwaFztrE,Brainless hacker..they gonna track u down!!,,,,,,,
hzGrwaFztrE,2 years imprisonment I'm almost cry ??,,,,,,,
hzGrwaFztrE,girl always gna f ur life dnt ditch ur best frend,,, she gave them idea they f,,,,
hzGrwaFztrE,Who calls from a pay phone,  no burners.,,,,,,
hzGrwaFztrE,naha maraneh teh?, ieu jelek pisan. Aslina, buka tah mata lebar-lebar. Ningali asu! Ningali pake hati!,,,,,
hzGrwaFztrE,,,,,,,,
hzGrwaFztrE,This movie is produced by the person of Kazakhstan. His name is Akan Satay. At the end of film can you see name of the corporation SATAIFILM .,,,,,,,
hzGrwaFztrE,Is this movie based on real incidents?,,,,,,,
hzGrwaFztrE,,,,,,,,
hzGrwaFztrE,awesome movie,,,,,,,
hzGrwaFztrE,Hindi me upload karo,,,,,,,
hzGrwaFztrE,decent movie good whatch,,,,,,,
hzGrwaFztrE,From Ph. Nice movie,,,,,,,
hzGrwaFztrE,https://lookmovieonline.com/,,,,,,,
hzGrwaFztrE,O.k film,,,,,,,
hzGrwaFztrE,Best movie,,,,,,,
hzGrwaFztrE,good movie..... from Bangladesh,,,,,,,
hzGrwaFztrE,Im become hacker someday ,,,,,,,
hzGrwaFztrE,Watching 2k19,,,,,,,
hzGrwaFztrE,,,,,,,,
hzGrwaFztrE,Thanks,,,,,,,
hzGrwaFztrE,movies name,,,,,,,
hzGrwaFztrE,Now this is what we call is a sci fi movie,,,,,,,
hzGrwaFztrE,Who did kill his friend,,,,,,,
hzGrwaFztrE,So good,,,,,,,
hzGrwaFztrE,10:27:00 PM,,,,,,,
hzGrwaFztrE,Bg lng t hn d n rvil ust ng@ scret n....,,,,,,,
hzGrwaFztrE,I Love Canada so much. More than any country in the world though am not a Canadian but I relly want to be...,,,,,,,
hzGrwaFztrE,Many years ago I discovered alcohol and drug abuse now I watch this,,,,,,,
hzGrwaFztrE,,,,,,,,
hzGrwaFztrE,Not sc-fi,,,,,,,
hzGrwaFztrE,Post a new movie...y everyone post same video.... disgusting!!!,,,,,,,
hzGrwaFztrE,Awesome movie,,,,,,,
hzGrwaFztrE,Well I wish I get involved in asuch thing and make all this cash ?,,,,,,,
hzGrwaFztrE,LOTSA SPOILERS IN THE COMMENTS GUYS,,,,,,,
hzGrwaFztrE,THIS MOVIE IS AMAZING ??. Worth watching,,,,,,,
hzGrwaFztrE,Actually just hate kira so much,,,,,,,
hzGrwaFztrE,What is the movie name,,,,,,,
hzGrwaFztrE,4nn,,,,,,,
hzGrwaFztrE,Good job,,,,,,,
hzGrwaFztrE,I am from India??. I love this movie.,,,,,,,
hzGrwaFztrE,yar ya urdu mah h kia,,,,,,,
hzGrwaFztrE,ess ka name to btana,,,,,,,
hzGrwaFztrE,Awesome movie..,,,,,,,
hzGrwaFztrE,Actually took me 3 days to watch tho,,,,,,,
hzGrwaFztrE,I cried so bad,,,,,,,
hzGrwaFztrE,So cool,,,,,,,
hzGrwaFztrE,?,,,,,,,
hzGrwaFztrE,Wao wt a movie,just loved it, should watch,,,,,
hzGrwaFztrE, it,,,,,,,
hzGrwaFztrE,let us save money. connect, watching 2nd day of Januari. bye 2019. great movie ??,,,,,,
hzGrwaFztrE,10,000$ ?,,,,,,
hzGrwaFztrE,Omgggg why didn’t he go to school ,,,,,,,
hzGrwaFztrE,nice movie worth watching it,,,,,,,
hzGrwaFztrE,Awesome awesome,,,,,,,
hzGrwaFztrE,Liked it.. Loved it.. Worth a watch.,,,,,,,
hzGrwaFztrE,"It seems to me a little hard to believe that an organization anyone whatsoever, legal or illegal, would spend so much money around just one ""genius"" guy... ",,,,,,,
hzGrwaFztrE,Still remains an enhancing breathtaking movie, I enjoyed it, tks for uploading, I liked, subscribed, and shared... ,-)),
hzGrwaFztrE,Ending is good . But i was supposed expicting more awesome ending . Like they both getting married and lived a happy life . Then there was a happy ending . Lmao,,,,,,,
hzGrwaFztrE,I love hacker,,,,,,,
hzGrwaFztrE,Dark Web AKA: The Gob'ment. Simple,,,,,,,
hzGrwaFztrE,awsome,,,,,,,
hzGrwaFztrE,All about fraud not as easy as on the movies once you used my credit card sms will get through right now in phone..,,,,,,,
hzGrwaFztrE,,,,,,,,
hzGrwaFztrE,,,,,,,,
hzGrwaFztrE,Nice movie,,,,,,,
hzGrwaFztrE,Yeah i like it,,,,,,,
hzGrwaFztrE,alex is a cutie,,,,,,,
hzGrwaFztrE,i rhink it is good,,,,,,,
hzGrwaFztrE,Nice movie .... ?,,,,,,,
hzGrwaFztrE,Name of the movie,,,,,,,
hzGrwaFztrE,"I would subtitle this one ""Mission Impossible Lite"". No stunts, vapid plot, but entertaining. After ""Terminator Dark Fart"" and the Disney fiascos, it stacks up, but the bar has never been lower. Entertaining movie. The locations were beautiful, but one does wish the protagonist would have jumped out of a helicopter at least.",,,,,,,
hzGrwaFztrE,Coment kon kon pdh k dekhta h movie,,,,,,,
hzGrwaFztrE,Who killed sye,,,,,,,
hzGrwaFztrE,Gotta hate when the captions don't match what they say!,,,,,,,
hzGrwaFztrE,Good movie,,,,,,,
hzGrwaFztrE,Bhai Geetha govidanm kb aye gii,,,,,,,
hzGrwaFztrE,Good movie !,,,,,,,
hzGrwaFztrE,I have 1 question PLS SOMEONE ASNWER IT BEFORE I WATCH THIS,,,,,,,
hzGrwaFztrE,Is this movie scary or is it just a normal movie???,,,,,,,
hzGrwaFztrE,PLS ANSWER IF IT'S SCARY I'M NOT GOING TO WATCH IT BC I WILL GET NIGHTMARES,,,,,,,
hzGrwaFztrE,So Sye got killed bcos of Uncle's plan?,,,,,,,
hzGrwaFztrE,at 37. 53 min. he says , What's the worst that can happen, in reference to hooking up with a woman.? Hahahahaha, that's funny. Sure, if one doesn't mind going on a rollercoaster ride seven to 10 days a month, like it or not ! Hehe,,
hzGrwaFztrE,Can someone tell me how to open darkweb?,,,,,,,
hzGrwaFztrE,I watched it ,,,,,,,
hzGrwaFztrE,Very nice movie,,,,,,,
hzGrwaFztrE,Good movie,,,,,,,
hzGrwaFztrE,Good movie,,,,,,,
hzGrwaFztrE,bhosadi ke  he,,,,,,,
hzGrwaFztrE,Good movie,,,,,,,
hzGrwaFztrE,good movie,,,,,,,
hzGrwaFztrE,i like this movie,,,,,,,
hzGrwaFztrE,Ss,,,,,,,
hzGrwaFztrE,good movie,,,,,,,
hzGrwaFztrE,Movie name,,,,,,,
hzGrwaFztrE,He Just cant GET enough of MONEY... If i were him.. Just quit that job and go home with family,,,,,,,
hzGrwaFztrE,Darkweb is no joke,,,,,,,
hzGrwaFztrE,49:55 Alex proved he is a kid and immature too, for a sweet candy looking girl, he can go against his best pal who did hold his hand when he was trying to sell those watches like some vegetable vendor, or below than that, Alex is a vergin mojito, who needs some action.,,
hzGrwaFztrE,It for the losers.what do you think they are.work hard and live honest life.the move sucks.dont watch it.,,,,,,,
hzGrwaFztrE,I highly recommend this one, very genius...sometimes, I want to explore the dark web but because of this movie,...not anymore.I don't want to earn easy money and become lazy doing nothing....addiction is very hazard so, better earn good for a living thou...no crime and no imprisonment,,,
hzGrwaFztrE,*,,,,,,,
hzGrwaFztrE,Movie name please,,,,,,,
hzGrwaFztrE,I need money also,,,,,,,
hzGrwaFztrE,Have watched this before and will again,,,,,,,
hzGrwaFztrE,good movie I like it,,,,,,,
hzGrwaFztrE,Good,,,,,,,
hzGrwaFztrE,Nice movie ,,,,,,,
hzGrwaFztrE,Not bad !,,,,,,,
hzGrwaFztrE,Good,,,,,,,
hzGrwaFztrE,Why the writer made him spent years in jail,,,,,,,
hzGrwaFztrE,,,,,,,,
hzGrwaFztrE,Not cool, loved the movie tho,,,,,,
hzGrwaFztrE,Bad acting,,,,,,,
hzGrwaFztrE,I NEED 2 PART OF THIS MOVIE,,,,,,,
hzGrwaFztrE,Recommended,,,,,,,
hzGrwaFztrE,,,,,,,,
hzGrwaFztrE,I really Enjoyed this Movie...,,,,,,,
hzGrwaFztrE,Fantastic?,,,,,,,
hzGrwaFztrE,Definitely wasn't lying about this movie. Superb Movie!!! Watch nd u'll c.??,,,,,,,
hzGrwaFztrE,it's amazing. but i fell sad though.,,,,,,,
hzGrwaFztrE,it's worth watching,,,,,,,
hzGrwaFztrE,its a nice movie. lessons of life,,,,,,,
hzGrwaFztrE,must watch,,,,,,,
hzGrwaFztrE,If you know me, you would not believe what I have said after I watched the movie ,,,,,,
hzGrwaFztrE,Black website is gone? Oh no ! That's not good. And than I checked myself, what was that about? I realized, because group like that keeps a balance. Nor all of them are criminals, if they commit a crime, its because due the action of ,people who backed up by system.  Now you know!,,
hzGrwaFztrE,why was that guys face so wrinkly,,,,,,,
hzGrwaFztrE,Really... this is my favorite movie... whatever I respect this hacker,,,,,,,
hzGrwaFztrE,how can i download this movie.i tried many ways but impossible to download,,,,,,,
hzGrwaFztrE,Superb movie,,,,,,,
hzGrwaFztrE,Nice movie,,,,,,,
hzGrwaFztrE,Zed mad ugly he looks like a zombie ,,,,,,,
hzGrwaFztrE,Bad ass movie seen before I'm seeing it again.,,,,,,,
hzGrwaFztrE,Nice movie,,,,,,,
hzGrwaFztrE,Indian passport,,,,,,,
hzGrwaFztrE,Anyone from sri lanka??,,,,,,,
hzGrwaFztrE,r.i.p sye,,,,,,,
hzGrwaFztrE,So dayumn guwd,,,,,,,
hzGrwaFztrE,Not a bad movie for youtube.,,,,,,,
hzGrwaFztrE,Hello friends,,,,,,,
hzGrwaFztrE,Super movie,,,,,,,
hzGrwaFztrE,Nevere trust women never,,,,,,,
hzGrwaFztrE,Nice movie,,,,,,,
hzGrwaFztrE,Thai was a really good movie.  Callan McAuliffe (Alden) now on the Walking Dead did a super job in this movie.  Very much worth the watch.,,,,,,,
hzGrwaFztrE,Nice movie i liked it,,,,,,,
hzGrwaFztrE,What a movie.,,,,,,,
hzGrwaFztrE,Totally knew she was working with cops. To get to Z. Note she never slept with him. That doest fly. That's why he met her. And it's where movies breakdown. A movie is 2 hours they were together years. He would have figured,,,,,,,
hzGrwaFztrE,Why did his bestfriend need to die. ,,,,,,,
hzGrwaFztrE,This was the best movie ive seen in a while i knew kira had some shit going. It was going too sweet, tooo smooth. Amazing movie,,,,,,
hzGrwaFztrE,Nice,,,,,,,
hzGrwaFztrE,whats wrong with alex? he was too dumb to trust that girl.,,,,,,,
hzGrwaFztrE,at 56:47 Indian Passport...,,,,,,,
hzGrwaFztrE,This is my favourite movie,,,,,,,
hzGrwaFztrE,This movie thought us a lesson....never believe girls,,,,,,,
hzGrwaFztrE,Really worth it to watch and it's not a waste of time ?,,,,,,,
hzGrwaFztrE,Vikash kumar,,,,,,,
hzGrwaFztrE,ZOiDBerg didn't like this movie.,,,,,,,
hzGrwaFztrE,Right. 2 years he was going crazy in a Thai prison and he could just drive away like that? Such stupidity. He would have been a basket.,,,,,,,
hzGrwaFztrE,Thats not HACKER is Whoami,,,,,,,
hzGrwaFztrE,The bestfriend men ??,,,,,,,
hzGrwaFztrE,Anyone here that can create a website haha let's make some money,,,,,,,
hzGrwaFztrE,Corney.,,,,,,,
hzGrwaFztrE,Ending is boring,,,,,,,
hzGrwaFztrE,Compelling movie. 6/10. It became obvious that she was not who she seemed to be from the intro.  But, they didnt know her real target... Uncle, huh? Good fantasy.,,,,,
hzGrwaFztrE,i am the same way as these guy was...,,,,,,,
hzGrwaFztrE,Very nice movie,,,,,,,
hzGrwaFztrE,Nice movie,,,,,,,
hzGrwaFztrE,This is teaching us bad things and bad habit. This is saytans movie.,,,,,,,
hzGrwaFztrE,"This movie is painful to watch...how are these ""bright people"" so stupid? Is this part of the story or a standard misconception amongst all over night successful criminals? whatever it is ...it's very predictable and boring, why even watch something so dull is there noone out there that rise's above their childish emotions and ""new rich status""? Failure is so lame.",,,,,,,
hzGrwaFztrE,Fake bolshet,,,,,,,
hzGrwaFztrE,very nice,,,,,,,
hzGrwaFztrE,Who are the hackers in America.? EVERYONE in some way or other,,,,,,,
hzGrwaFztrE,Guuuuuud,,,,,,,
hzGrwaFztrE,Its a good movie,the script is good and easy to follow the acteurs, but the zed person was for me a failler, so the end to, i wanted a suprisely ending in this movie. But by all, it is a good free movie, comparing with the other shit on youtube  and those movies getting dubd, aarg i hate it!luckely i understand  englisch?Thanx for uploading this movie?
hzGrwaFztrE,Great movie ...... 10 .... its not sci fi but is really great...,,,,,,,
hzGrwaFztrE,Superb movie, I liked it so much,,,,,,
hzGrwaFztrE,Dont steal from a thief, moral lesson, earn money you worked hard for ..... vanity and greed brings you nothing.,,,,,
hzGrwaFztrE,I literally think this is the best Canadian made movie ever. Literally.,,,,,,,
hzGrwaFztrE,Dont like it. Waste my time. So predictable. ,,,,,,,
hzGrwaFztrE,And i hate her,,,,,,,
hzGrwaFztrE,Waste,,,,,,,
hzGrwaFztrE,Movie is best but hindi version ,,,,,,,
hzGrwaFztrE,.,,,,,,,
hzGrwaFztrE,.,,,,,,,
hzGrwaFztrE,.,,,,,,,
hzGrwaFztrE,In a nutshell don't trust girls,,,,,,,
hzGrwaFztrE,The comments are not lying, it’s a good movie,,,,,,
hzGrwaFztrE,Stupid movie.,,,,,,,
LPtkV2Kgk3E,Bhai movie ,,,,,,,
LPtkV2Kgk3E,Dhekhane wale,,,,,,,
LPtkV2Kgk3E,Like kare ????????,,,,,,,
LPtkV2Kgk3E,This movie is powerful,,,,,,,
LPtkV2Kgk3E,O  oh my God,,,,,,,
LPtkV2Kgk3E,Tribals ko isi tarha India me lanchhit kiya jaata hai Education me.,,,,,,,
LPtkV2Kgk3E,,,,,,,,
LPtkV2Kgk3E,Babasaheb ki wajese aur Indian Constitution ke wajese hum Tribals ko age barne ka mouka hai,,,,,,,
LPtkV2Kgk3E,love it... don't understand the language but I felt it,,,,,,,
LPtkV2Kgk3E,Saal ka last day Alvida 2019,,,,,,,
LPtkV2Kgk3E,Best Movie Ever Yaar What A Movie,,,,,,,
LPtkV2Kgk3E,Kadar sir u r the great love u,,,,,,,
LPtkV2Kgk3E,I saw this movie already in 2006 now 2nd watching today,,,,,,,
LPtkV2Kgk3E,Subtitle indonesia,,,,,,,
LPtkV2Kgk3E,I am fain,,,,,,,
LPtkV2Kgk3E,Meera bhaai is my everything,,,,,,,
LPtkV2Kgk3E,Sunil shetty  ...fans..hit..like....??,,,,,,,
LPtkV2Kgk3E,Outstanding movie,,,,,,,
LPtkV2Kgk3E,I love my brothers. Thanks,,,,,,,
LPtkV2Kgk3E,I love you my brother more than my life.,,,,,,,
LPtkV2Kgk3E,God bless you brother.,,,,,,,
LPtkV2Kgk3E,And keep you safe forever.,,,,,,,
LPtkV2Kgk3E,Thank you,,,,,,,
LPtkV2Kgk3E,YouTube ma only one Film ?? Nice,,,,,,,
LPtkV2Kgk3E,2019,,,,,,,
LPtkV2Kgk3E,Nais movi,,,,,,,
LPtkV2Kgk3E,Sunil shetty is an amazing actor. He used to be one of my favourite action star back in the 90s,,,,,,,
LPtkV2Kgk3E,Ham bai bai kabe be alge na raha like bai.,,,,,,,
LPtkV2Kgk3E,1:23:09 why didn't he burn him!?? why he burried him....,,,,,,,
LPtkV2Kgk3E,Miss You Sunil sir.... ???,,,,,,,
LPtkV2Kgk3E,Don't why bollywood stop making these type of films we pakistani love's these type of movies so much emotions,,,,,,,
LPtkV2Kgk3E,03:54:00 AM,,,,,,,
LPtkV2Kgk3E,I love my daughter angel  as Sunil loves his daughter(sahil naseer hajini writer poet),,,,,,,
LPtkV2Kgk3E,Kadar....Baba..love. you,,,,,,,
LPtkV2Kgk3E,Is film mein Jaisi acting Sunil Shetty Ne ki hai koi nahin kar sakta bahut Khatarnak acting ki hai 1. 20 minute ke baad to himmat nahi padti dekhne ki film,,,,,,,
LPtkV2Kgk3E,"3,12,2019",,,,,,,
LPtkV2Kgk3E,Nice movie yaar,,,,,,,
LPtkV2Kgk3E,"Sayyad, Owaisi",,,,,,,
LPtkV2Kgk3E,2019,,,,,,,
LPtkV2Kgk3E,hotslut.ru ,,,,,,,
LPtkV2Kgk3E,04:03:00 AM,,,,,,,
LPtkV2Kgk3E,01:32:00 AM,,,,,,,
LPtkV2Kgk3E,Flem ya seruu tpi tek indondia ya gk ada,,,,,,,
LPtkV2Kgk3E,?????,,,,,,,
LPtkV2Kgk3E,??? ?????? ??? ???? ?????? ??,,,,,,,
LPtkV2Kgk3E,??omg,,,,,,,
LPtkV2Kgk3E,Sun eel sutty is mile se u the the,,,,,,,
LPtkV2Kgk3E,Super film,,,,,,,
LPtkV2Kgk3E,I love brother,,,,,,,
LPtkV2Kgk3E,Anna super .action and emotional seens,,,,,,,
LPtkV2Kgk3E,I love you sunil sir kon kon sunil ji se pyar krte ha like kre,,,,,,,
LPtkV2Kgk3E,Grand films 1997 de sunil shetty top top top,,,,,,,
LPtkV2Kgk3E,Love you....Bhai??????,,,,,,,
LPtkV2Kgk3E,08/02/20,,,,,,,
LPtkV2Kgk3E,2019 mein kaun kaun Sun Raha Hai,,,,,,,
LPtkV2Kgk3E,I love this movie,,,,,,,
LPtkV2Kgk3E,Who watching in June 2019..,,,,,,,
LPtkV2Kgk3E,If this movie release in this time.. it must going 2/3 hundred billion..,,,,,,,
LPtkV2Kgk3E,Good luck with that one girl who is going njdd hii good friend,,,,,,,
LPtkV2Kgk3E,Jo apne bhaiko dilse pyar karte ho like kare,,,,,,,
LPtkV2Kgk3E,Beautiful movie thank you so much,,,,,,,
LPtkV2Kgk3E,What a movie !,,,,,,,
LPtkV2Kgk3E,Ek like to banta hai ?,,,,,,,
LPtkV2Kgk3E,Super move Sunil setty safe brother,,,,,,,
LPtkV2Kgk3E,Why no subtitles.i really love Indiaan movies but there is no way to love something that u can't understand,,,,,,,
LPtkV2Kgk3E,hotslut.ru ,,,,,,,
LPtkV2Kgk3E,04:03:00 AM,,,,,,,
LPtkV2Kgk3E,Come back Sunil shethy ??,,,,,,,
LPtkV2Kgk3E,Baji,,,,,,,
LPtkV2Kgk3E,hotslut.ru ,,,,,,,
LPtkV2Kgk3E,03:13:00 AM,,,,,,,
LPtkV2Kgk3E,hotslut.ru ,,,,,,,
LPtkV2Kgk3E,04:37:00 AM,,,,,,,
LPtkV2Kgk3E,Mdamirail,,,,,,,
LPtkV2Kgk3E,I love suniel shetty action all time,,,,,,,
LPtkV2Kgk3E,Kon kon dekh raha h isko 2019 me please like kar do yar ???????????????,,,,,,,
LPtkV2Kgk3E,miss my brother lost him few month ago????,,,,,,,
LPtkV2Kgk3E,Superb..,,,,,,,
LPtkV2Kgk3E,hotslut.ru ,,,,,,,
LPtkV2Kgk3E,01:45:00 AM,,,,,,,
LPtkV2Kgk3E,1997 - Movie released,,,,,,,
LPtkV2Kgk3E,1997 - My Birthday,,,,,,,
LPtkV2Kgk3E,I appreciate every film maker ,,,,,,,
LPtkV2Kgk3E,From Afghanistan,,,,,,,
LPtkV2Kgk3E,01:26:00 AM,,,,,,,
LPtkV2Kgk3E,Nice move,,,,,,,
LPtkV2Kgk3E,BALWAAN BA,,,,,,,
LPtkV2Kgk3E,thanks,,,,,,,
LPtkV2Kgk3E,hotslut.ru ,,,,,,,
LPtkV2Kgk3E,01:43:00 AM,,,,,,,
LPtkV2Kgk3E,I miss you sunil bro,,,,,,,
LPtkV2Kgk3E,hotslut.ru ,,,,,,,
LPtkV2Kgk3E,03:45:00 AM,,,,,,,
LPtkV2Kgk3E,???? ?????,,,,,,,
LPtkV2Kgk3E,Filinkii iigu horreeyay ee hindiya aan daawaday Caruurnimadii 2000 -illaa 2001,,,,,,,
LPtkV2Kgk3E,Qui regarde en 2020 comme moi?,,,,,,,
LPtkV2Kgk3E,hotslut.ru ,,,,,,,
LPtkV2Kgk3E,01:24:00 AM,,,,,,,
LPtkV2Kgk3E,hotslut.ru ,,,,,,,
LPtkV2Kgk3E,04:44:00 AM,,,,,,,
LPtkV2Kgk3E,hotslut.ru ,,,,,,,
LPtkV2Kgk3E,01:01:00 AM,,,,,,,
LPtkV2Kgk3E,Yes,,,,,,,
LPtkV2Kgk3E,572,,,,,,,
LPtkV2Kgk3E,690478,,,,,,,
LPtkV2Kgk3E,12:39:00 AM,,,,,,,
LPtkV2Kgk3E,hotslut.ru ,,,,,,,
LPtkV2Kgk3E,05:19:00 AM,,,,,,,
LPtkV2Kgk3E,Geetuy,,,,,,,
LPtkV2Kgk3E,Nice ? ?,,,,,,,
LPtkV2Kgk3E,I miss you ,,,,,,,
LPtkV2Kgk3E,Sunil setty,,,,,,,
LPtkV2Kgk3E,Please ,,,,,,,
LPtkV2Kgk3E,Bhai 2 waiting. ......,,,,,,,
LPtkV2Kgk3E,2020,,,,,,,
LPtkV2Kgk3E,hotslut.ru ,,,,,,,
LPtkV2Kgk3E,01:06:00 AM,,,,,,,
LPtkV2Kgk3E,Hello,,,,,,,
LPtkV2Kgk3E,GOOD,,,,,,,
LPtkV2Kgk3E,it love my brother,,,,,,,
LPtkV2Kgk3E,hotslut.ru ,,,,,,,
LPtkV2Kgk3E,12:12:00 AM,,,,,,,
LPtkV2Kgk3E,04:39:00 AM,,,,,,,
LPtkV2Kgk3E,LOVe,,,,,,,
LPtkV2Kgk3E,Supr hit moocs phle ka or ab la moog to smch me the data he,,,,,,,
LPtkV2Kgk3E,Bhai the scene ever ever bhai,,,,,,,
LPtkV2Kgk3E,hotslut.ru ,,,,,,,
LPtkV2Kgk3E,04:57:00 AM,,,,,,,
LPtkV2Kgk3E,hotslut.ru ,,,,,,,
LPtkV2Kgk3E,01:23:00 AM,,,,,,,
LPtkV2Kgk3E,Bhai the scena ever ever bhai,,,,,,,
LPtkV2Kgk3E,Best sunil shethy,,,,,,,
LPtkV2Kgk3E,Sunil shetty is best movie,,,,,,,
LPtkV2Kgk3E,https://youtu.be/vnqocCf5lB8,,,,,,,
LPtkV2Kgk3E,hotslut.ru ,,,,,,,
LPtkV2Kgk3E,03:58:00 AM,,,,,,,
LPtkV2Kgk3E,hotslut.ru ,,,,,,,
LPtkV2Kgk3E,01:17:00 AM,,,,,,,
LPtkV2Kgk3E,hotslut.ru ,,,,,,,
LPtkV2Kgk3E,02:41:00 AM,,,,,,,
LPtkV2Kgk3E,Ghgeu,,,,,,,
LPtkV2Kgk3E,Gopal,,,,,,,
LPtkV2Kgk3E,hello,,,,,,,
LPtkV2Kgk3E,A1,,,,,,,
LPtkV2Kgk3E,Sunil - the iron man...,,,,,,,
LPtkV2Kgk3E,Sahu,,,,,,,
LPtkV2Kgk3E,hotslut.ru ,,,,,,,
LPtkV2Kgk3E,01:49:00 AM,,,,,,,
LPtkV2Kgk3E,Ghatak cinema,,,,,,,
LPtkV2Kgk3E,pehle v zulm hota tha..,,,,,,,
LPtkV2Kgk3E,avi v zulm hota hai..,,,,,,,
LPtkV2Kgk3E,waqt badal gaya..,,,,,,,
LPtkV2Kgk3E,zulmi wohi reh gaya..,,,,,,,
LPtkV2Kgk3E,Super hit movie. At box office,,,,,,,
LPtkV2Kgk3E,Good family movie,,,,,,,
LPtkV2Kgk3E,Mo irshad,,,,,,,
LPtkV2Kgk3E,Dhaervmeer,,,,,,,
LPtkV2Kgk3E,Supap veido,,,,,,,
LPtkV2Kgk3E,Nice film to Sunil Shetty,,,,,,,
LPtkV2Kgk3E,These Movies R Very Nice,,,,,,,
LPtkV2Kgk3E,Sunil Shetty is the best fan,,,,,,,
LPtkV2Kgk3E,90ts movie hits,,,,,,,
LPtkV2Kgk3E,what a fantastic movie ... very nice ... ??,,,,,,,
LPtkV2Kgk3E,Mohammed ansarulla,,,,,,,
LPtkV2Kgk3E,ye movie kon kaun 2019 me dekh raha hai please like kare,,,,,,,
LPtkV2Kgk3E,https://youtu.be/biDKkn9ERQU,,,,,,,
LPtkV2Kgk3E,12:26:00 AM,,,,,,,
LPtkV2Kgk3E,i am karan,,,,,,,
LPtkV2Kgk3E,???????? aku sedihhh bgttttt.....????,,,,,,,
LPtkV2Kgk3E,Nice film,,,,,,,
LPtkV2Kgk3E,Haiii,,,,,,,
LPtkV2Kgk3E,who,,,,,,,
LPtkV2Kgk3E,Nice movice,,,,,,,
LPtkV2Kgk3E,2019 till now,,,,,,,
LPtkV2Kgk3E,hotslut.ru ,,,,,,,
LPtkV2Kgk3E,01:50:00 AM,,,,,,,
LPtkV2Kgk3E,2020  ma kon  kon  dek ra ha g ,,,,,,,
LPtkV2Kgk3E,best movie,,,,,,,
LPtkV2Kgk3E,Please come to back  sunil setti,,,,,,,
LPtkV2Kgk3E,V,,,,,,,
LPtkV2Kgk3E,BSP,,,,,,,
LPtkV2Kgk3E,May hero,,,,,,,
LPtkV2Kgk3E,Sabniy,,,,,,,
LPtkV2Kgk3E,beautiful movie,,,,,,,
LPtkV2Kgk3E,Bachpan Mein Yeh movie dekhi thi Aur Aaj Fir Dekhi bahut hi badiya film hai Wahan lodiya Degi ke6666,,,,,,,
LPtkV2Kgk3E,4 on vul from kmkon kl,,,,,,,
LPtkV2Kgk3E,2020,,,,,,,
LPtkV2Kgk3E,????????????????????????????????,,,,,,,
LPtkV2Kgk3E,Hi,,,,,,,
LPtkV2Kgk3E,super hit movie h sunil shetty uncle ji,,,,,,,
LPtkV2Kgk3E,Antonio di Silva high school?????,,,,,,,
LPtkV2Kgk3E,hotslut.ru ,,,,,,,
LPtkV2Kgk3E,01:02:00 AM,,,,,,,
LPtkV2Kgk3E,hotslut.ru ,,,,,,,
LPtkV2Kgk3E,02:55:00 AM,,,,,,,
LPtkV2Kgk3E,Hello,,,,,,,
LPtkV2Kgk3E,Yaar mera toh Anson ata hai ??.,,,,,,,
LPtkV2Kgk3E,Garib kaise mahabat kare amiro se.,,,,,,,
LPtkV2Kgk3E,Love u bhai.....,,,,,,,
LPtkV2Kgk3E,      Nice movie Sunil shetty ???,,,,,,,
LPtkV2Kgk3E,Tiger so good,,,,,,,
LPtkV2Kgk3E,Vry nyc movie luv u sunil shetty,,,,,,,
LPtkV2Kgk3E,I miss you,,,,,,,
