"video_id","publishedAt","channelId","title","description","thumbnails.default.url","thumbnails.default.width","thumbnails.default.height","thumbnails.medium.url","thumbnails.medium.width","thumbnails.medium.height","thumbnails.high.url","thumbnails.high.width","thumbnails.high.height","channelTitle","liveBroadcastContent","viewCount","favoriteCount","commentCount","likeCount","dislikeCount"
"Lub8x-mMjyQ","2016-07-01T09:00:00.000Z","UCVXEfYCFdyQ9nkoNJY-uYWA","<U+0422><U+0440><U+0438> <U+0431><U+043E><U+0433><U+0430><U+0442><U+044B><U+0440><U+044F> <U+043D><U+0430> <U+0434><U+0430><U+043B><U+044C><U+043D><U+0438><U+0445> <U+0431><U+0435><U+0440><U+0435><U+0433><U+0430><U+0445>. <U+041F><U+043E><U+043B><U+043D><U+0430><U+044F> <U+0432><U+0435><U+0440><U+0441><U+0438><U+044F> <U+043E><U+0442> <U+043F><U+0440><U+0430><U+0432><U+043E><U+043E><U+0431><U+043B><U+0430><U+0434><U+0430><U+0442><U+0435><U+043B><U+044F>. <U+041C><U+0443><U+043B><U+044C><U+0442><U+0444><U+0438><U+043B><U+044C><U+043C><U+044B> 2016","<U+0422><U+0440><U+0438> <U+0431><U+043E><U+0433><U+0430><U+0442><U+044B><U+0440><U+044F> <U+0438> <U+043F><U+0440><U+0438><U+043D><U+0446><U+0435><U+0441><U+0441><U+0430> <U+0415><U+0433><U+0438><U+043F><U+0442><U+0430> http://bit.ly/TB_prinzessa_Egipta Yandex-market <U+0422><U+0440><U+0438> <U+0431><U+043E><U+0433><U+0430><U+0442><U+044B><U+0440><U+044F>: ...","https://i.ytimg.com/vi/Lub8x-mMjyQ/default.jpg","120","90","https://i.ytimg.com/vi/Lub8x-mMjyQ/mqdefault.jpg","320","180","https://i.ytimg.com/vi/Lub8x-mMjyQ/hqdefault.jpg","480","360","<U+0422><U+0440><U+0438> <U+0431><U+043E><U+0433><U+0430><U+0442><U+044B><U+0440><U+044F>","none",42651068,0,95,NA,NA
"yB8SZgYlIy4","2016-07-27T19:30:23.000Z","UCZRxLhqRhPp6PMZxtq0vSOA","<U+0414><U+041C><U+0411>-001 (2000) <U+0444><U+0438><U+043B><U+044C><U+043C>","<U+0421><U+0442><U+0443><U+0434><U+0435><U+043D><U+0442> <U+0428><U+0442><U+044B><U+043A> <U+0441><U+043E><U+0431><U+043B><U+0430><U+0437><U+043D><U+0438><U+043B> <U+043F><U+0440><U+043E><U+0444><U+0435><U+0441><U+0441><U+043E><U+0440><U+0441><U+043A><U+0443><U+044E> <U+0436><U+0435><U+043D><U+0443>; <U+0440><U+0430><U+0431><U+043E><U+0447><U+0438><U+0439> <U+043F><U+0430><U+0440><U+0435><U+043D><U+044C> <U+0411><U+043E><U+043C><U+0431><U+0430> <U+0441><U+043F><U+0430><U+043B><U+0438><U+043B> <U+0434><U+043E> <U+0442><U+043B><U+0430> <U+0440><U+043E><U+0434><U+043D><U+043E><U+0439> <U+0437><U+0430><U+0432><U+043E><U+0434>; <U+0437><U+0430><U+0432><U+0441><U+0435><U+0433><U+0434><U+0430><U+0442><U+0430><U+0439>...","https://i.ytimg.com/vi/yB8SZgYlIy4/default.jpg","120","90","https://i.ytimg.com/vi/yB8SZgYlIy4/mqdefault.jpg","320","180","https://i.ytimg.com/vi/yB8SZgYlIy4/hqdefault.jpg","480","360","<U+0421><U+0435><U+0440><U+0438><U+0430><U+043B> ""<U+0421><U+043E><U+043B><U+0434><U+0430><U+0442><U+044B>""","none",1455410,0,861,10508,1124
"E7nXegidi0M","2016-12-15T08:21:54.000Z","UCv6pNpCfp3CBTlcZuBIRA-g","<U+041D><U+043E><U+0432><U+043E><U+0433><U+043E><U+0434><U+043D><U+0438><U+0435> <U+043F><U+0440><U+0438><U+043A><U+043B><U+044E><U+0447><U+0435><U+043D><U+0438><U+044F> <U+041C><U+0430><U+0448><U+0438> <U+0438> <U+0412><U+0438><U+0442><U+0438> / MASHA AND VITIYA&#39;S ADVENTURES ON NEW YEAR&#39;S EVE","<U+0412><U+0435><U+0441><U+0451><U+043B><U+044B><U+0439> <U+043D><U+043E><U+0432><U+043E><U+0433><U+043E><U+0434><U+043D><U+0438><U+0439> <U+0444><U+0438><U+043B><U+044C><U+043C> <U+0434><U+043B><U+044F> <U+0434><U+0435><U+0442><U+0435><U+0439> <U+0438> <U+043E> <U+0434><U+0435><U+0442><U+044F><U+0445>.","https://i.ytimg.com/vi/E7nXegidi0M/default.jpg","120","90","https://i.ytimg.com/vi/E7nXegidi0M/mqdefault.jpg","320","180","https://i.ytimg.com/vi/E7nXegidi0M/hqdefault.jpg","480","360","LFV","none",804281,0,232,2806,380
"ELV4UJ8-9_k","2016-07-27T20:22:49.000Z","UCZRxLhqRhPp6PMZxtq0vSOA","<U+0414><U+041C><U+0411>-003 (2001) <U+0444><U+0438><U+043B><U+044C><U+043C>","<U+0414><U+0435><U+043C><U+0431><U+0435><U+043B><U+044F> <U+043F><U+043E><U+0441><U+043B><U+0430><U+043B><U+0438> <U+0411><U+043E><U+043C><U+0431><U+0443> <U+043A><U+0443><U+043F><U+0438><U+0442><U+044C> <U+044F><U+0431><U+043B><U+043E><U+043A>, <U+0431><U+0430><U+043D><U+0430><U+043D><U+043E><U+0432> <U+0438> <U+043F><U+0440><U+043E><U+0447><U+0435><U+0439> <U+0431><U+043E><U+0433><U+0430><U+0442><U+043E><U+0439> <U+0432><U+0438><U+0442><U+0430><U+043C><U+0438><U+043D><U+0430><U+043C><U+0438> <U+0436><U+0440><U+0430><U+0447><U+043A><U+0438>. <U+0411><U+043E><U+043C><U+0431><U+0430> <U+043F><U+0440><U+0438><U+043D><U+0435><U+0441> <U+0432><U+0435><U+0434><U+0440><U+043E> <U+0433><U+0440><U+0438><U+0431><U+043E><U+0432>,...","https://i.ytimg.com/vi/ELV4UJ8-9_k/default.jpg","120","90","https://i.ytimg.com/vi/ELV4UJ8-9_k/mqdefault.jpg","320","180","https://i.ytimg.com/vi/ELV4UJ8-9_k/hqdefault.jpg","480","360","<U+0421><U+0435><U+0440><U+0438><U+0430><U+043B> ""<U+0421><U+043E><U+043B><U+0434><U+0430><U+0442><U+044B>""","none",369308,0,14,1197,187
"pWX9DPMgPpU","2016-11-29T18:14:46.000Z","UCSUMyPPmunaDKk0YHxCK-cw","The Crown and The Dragon: The Paladin Cycle - Adventure Movie","A beautiful but naive young noblewoman must fulfill her calling to become the long foretold Paladin—in a land of treachery, sorcery, and dragons. Subscribe to ...","https://i.ytimg.com/vi/pWX9DPMgPpU/default.jpg","120","90","https://i.ytimg.com/vi/pWX9DPMgPpU/mqdefault.jpg","320","180","https://i.ytimg.com/vi/pWX9DPMgPpU/hqdefault.jpg","480","360","Viewster","none",263852,0,0,1975,222
"cK-bAc6T9Oo","2016-07-27T20:51:36.000Z","UCZRxLhqRhPp6PMZxtq0vSOA","<U+0414><U+041C><U+0411>-005: <U+0421><U+043D><U+043E><U+0432><U+0430> <U+0432> <U+0431><U+043E><U+044E> (2001) <U+0444><U+0438><U+043B><U+044C><U+043C>","<U+0418> <U+0432><U+043E><U+0442> <U+043C><U+044B> <U+043D><U+0430><U+0431><U+043B><U+044E><U+0434><U+0430><U+0435><U+043C> <U+0443><U+0434><U+0438><U+0432><U+0438><U+0442><U+0435><U+043B><U+044C><U+043D><U+043E><U+0435>, <U+0432><U+0437><U+0430><U+0445><U+043B><U+0435><U+0431> <U+0431><U+0440><U+0430><U+0442><U+0430><U+043D><U+0438><U+0435> <U+0430><U+0440><U+0442> — <U+0442><U+0443><U+0441><U+043E><U+0432><U+043A><U+0438> <U+0441> <U+043D><U+0438><U+0437><U+043E><U+0432><U+043E><U+0439> <U+0441><U+0442><U+0438><U+0445><U+0438><U+0435><U+0439>, <U+0443><U+0441><U+043B><U+043E><U+0432><U+043D><U+043E> <U+0433><U+043E><U+0432><U+043E><U+0440><U+044F>, <U+043C><U+0443><U+0436><U+0438><U+043A><U+043E><U+0432>...","https://i.ytimg.com/vi/cK-bAc6T9Oo/default.jpg","120","90","https://i.ytimg.com/vi/cK-bAc6T9Oo/mqdefault.jpg","320","180","https://i.ytimg.com/vi/cK-bAc6T9Oo/hqdefault.jpg","480","360","<U+0421><U+0435><U+0440><U+0438><U+0430><U+043B> ""<U+0421><U+043E><U+043B><U+0434><U+0430><U+0442><U+044B>""","none",1046107,0,25,2976,601
"adDkqD7GO8c","2016-07-27T20:32:51.000Z","UCZRxLhqRhPp6PMZxtq0vSOA","<U+0414><U+041C><U+0411>-004 (2001) <U+0444><U+0438><U+043B><U+044C><U+043C>","<U+0413><U+0435><U+043D><U+0448><U+0442><U+0430><U+0431> <U+043D><U+0430><U+0435><U+0445><U+0430><U+043B> <U+043D><U+0430> <U+0433><U+0435><U+043D><U+0435><U+0440><U+0430><U+043B><U+0430> <U+043D><U+0430><U+0448><U+0438><U+0445> <U+0433><U+0435><U+0440><U+043E><U+0435><U+0432>, <U+0447><U+0442><U+043E><U+0431><U+044B> <U+043D><U+043E><U+0440><U+043C><U+044B> <U+043F><U+043E> <U+043B><U+044B><U+0436><U+0430><U+043C> <U+0441><U+0434><U+0430><U+043B><U+0438>. <U+0410> <U+0441><U+0442><U+043E><U+044F><U+043B><U+043E> <U+043B><U+0435><U+0442><U+043E>. <U+0414><U+0435><U+0434><U+044B> <U+0441><U+043B><U+0435><U+0433><U+043B><U+0438> <U+0432> <U+043B><U+0430><U+0437><U+0430><U+0440><U+0435><U+0442>...","https://i.ytimg.com/vi/adDkqD7GO8c/default.jpg","120","90","https://i.ytimg.com/vi/adDkqD7GO8c/mqdefault.jpg","320","180","https://i.ytimg.com/vi/adDkqD7GO8c/hqdefault.jpg","480","360","<U+0421><U+0435><U+0440><U+0438><U+0430><U+043B> ""<U+0421><U+043E><U+043B><U+0434><U+0430><U+0442><U+044B>""","none",266948,0,1,823,143
"5XzuByiu4Lk","2016-07-27T20:06:56.000Z","UCZRxLhqRhPp6PMZxtq0vSOA","<U+0414><U+041C><U+0411>-002 (2000) <U+0444><U+0438><U+043B><U+044C><U+043C>","<U+0413><U+0440><U+0443><U+043F><U+043F><U+0430> <U+0441><U+043E><U+043B><U+0434><U+0430><U+0442> (<U+0441><U+0440><U+0435><U+0434><U+0438> <U+043A><U+043E><U+0442><U+043E><U+0440><U+044B><U+0445> - <U+041F><U+0443><U+043B><U+044F>) <U+043F><U+043E><U+0434> <U+0440><U+0443><U+043A><U+043E><U+0432><U+043E><U+0434><U+0441><U+0442><U+0432><U+043E><U+043C> <U+043F><U+0440><U+0430><U+043F><U+043E><U+0440><U+0449><U+0438><U+043A><U+0430> <U+041A><U+0430><U+0437><U+0430><U+043A><U+043E><U+0432><U+0430> <U+0432><U+0435><U+0437><U+0435><U+0442> <U+043D><U+0430> <U+0432><U+044B><U+0441><U+0442><U+0430><U+0432><U+043A><U+0443> <U+043E><U+0440><U+0443><U+0436><U+0438><U+044F> <U+0434><U+0432><U+0435> <U+0441><U+0435><U+043A><U+0440>...","https://i.ytimg.com/vi/5XzuByiu4Lk/default.jpg","120","90","https://i.ytimg.com/vi/5XzuByiu4Lk/mqdefault.jpg","320","180","https://i.ytimg.com/vi/5XzuByiu4Lk/hqdefault.jpg","480","360","<U+0421><U+0435><U+0440><U+0438><U+0430><U+043B> ""<U+0421><U+043E><U+043B><U+0434><U+0430><U+0442><U+044B>""","none",1288811,0,243,4052,940
"RvaNzkwYCWQ","2016-12-25T18:30:01.000Z","UCEPMc4mDN3Pce64bMm_3dyw","El Tacuache - Película Completa","Una Pelicula para morirse de risa!!! Todo comienza cuando El Tacuache se convierte en millonario gracias a la cuantiosa herencia que le deja su padrino de ...","https://i.ytimg.com/vi/RvaNzkwYCWQ/default.jpg","120","90","https://i.ytimg.com/vi/RvaNzkwYCWQ/mqdefault.jpg","320","180","https://i.ytimg.com/vi/RvaNzkwYCWQ/hqdefault.jpg","480","360","PopCine.tv","none",499826,0,273,4067,478
"p9_wDyAp1tI","2016-10-03T17:44:23.000Z","UCRrRj7-bHZKjhAx5w8j65TQ","<U+041F><U+043E><U+0447><U+0442><U+0430> (1929) <U+043C><U+0443><U+043B><U+044C><U+0442><U+0444><U+0438><U+043B><U+044C><U+043C>","<U+041F><U+043E> <U+043C><U+043E><U+0442><U+0438><U+0432><U+0430><U+043C> <U+043E><U+0434><U+043D><U+043E><U+0438><U+043C><U+0435><U+043D><U+043D><U+043E><U+0433><U+043E> <U+0441><U+0442><U+0438><U+0445><U+043E><U+0442><U+0432><U+043E><U+0440><U+0435><U+043D><U+0438><U+044F> <U+0421>.<U+042F>. <U+041C><U+0430><U+0440><U+0448><U+0430><U+043A><U+0430>. <U+041C><U+044B> <U+0437><U+043D><U+0430><U+0435><U+043C>, <U+043A><U+0430><U+043A> <U+043F><U+043E><U+043B><U+0443><U+0447><U+0438><U+0442><U+044C> <U+043E><U+0442> <U+0432><U+0438><U+0434><U+0435><U+043E> <U+043C><U+0430><U+043A><U+0441><U+0438><U+043C><U+0430><U+043B><U+044C><U+043D><U+044B><U+0439> <U+0434><U+043E><U+0445><U+043E><U+0434>....","https://i.ytimg.com/vi/p9_wDyAp1tI/default.jpg","120","90","https://i.ytimg.com/vi/p9_wDyAp1tI/mqdefault.jpg","320","180","https://i.ytimg.com/vi/p9_wDyAp1tI/hqdefault.jpg","480","360","<U+041A><U+043B><U+0430><U+0441><U+0441><U+0438><U+043A><U+0430> <U+0441><U+043E><U+0432><U+0435><U+0442><U+0441><U+043A><U+043E><U+0433><U+043E> <U+043A><U+0438><U+043D><U+043E> (<U+043E><U+0444><U+0438><U+0446><U+0438><U+0430><U+043B><U+044C><U+043D><U+044B><U+0439> <U+043A><U+0430><U+043D><U+0430><U+043B>)","none",4390,0,0,27,0
"HlP9uGQ56ag","2016-12-15T21:21:23.000Z","UCTKpdDNg-FgqRDg7TbIOgoQ","Mother (1926) movie","In this film, the mother of Pavel Vlasov is drawn into the revolutionary conflict when her husband and son find themselves on opposite sides during a worker's ...","https://i.ytimg.com/vi/HlP9uGQ56ag/default.jpg","120","90","https://i.ytimg.com/vi/HlP9uGQ56ag/mqdefault.jpg","320","180","https://i.ytimg.com/vi/HlP9uGQ56ag/hqdefault.jpg","480","360","All soviet movies on RVISION","none",171151,0,21,489,44
"_f0zgDvKUFQ","2016-12-12T18:20:31.000Z","UCTKpdDNg-FgqRDg7TbIOgoQ","Barbara the Fair with the Silken Hair (1969) movie","A Czar who attempts to trick a creature that demands tribute from him into taking a fisherman's baby instead of his newborn heir. Complications arise when the ...","https://i.ytimg.com/vi/_f0zgDvKUFQ/default.jpg","120","90","https://i.ytimg.com/vi/_f0zgDvKUFQ/mqdefault.jpg","320","180","https://i.ytimg.com/vi/_f0zgDvKUFQ/hqdefault.jpg","480","360","All soviet movies on RVISION","none",27355,0,8,152,10
"lXa1_X9XK4Q","2016-06-15T18:15:01.000Z","UCNR1KcWXj7zpWQFJtU3ddYg","Bhairav || <U+092D><U+0948><U+0930><U+092C> || Nepali Action Movie || Nikhil Upreti","Ratan Daruwalla Presents, Nepali Movie: Bhairav A Film by Nikhil Upreti Actors: Nikhil Upreti, Anu Shah, Murali Dhar,Jay Kishan Basnet, Nagendra Rijal, Robin ...","https://i.ytimg.com/vi/lXa1_X9XK4Q/default.jpg","120","90","https://i.ytimg.com/vi/lXa1_X9XK4Q/mqdefault.jpg","320","180","https://i.ytimg.com/vi/lXa1_X9XK4Q/hqdefault.jpg","480","360","Budha Subba Digital","none",7403749,0,2798,35453,5258
"5JUq9UvK8bc","2016-12-06T17:47:22.000Z","UCRrRj7-bHZKjhAx5w8j65TQ","<U+0426><U+0432><U+0435><U+0442><U+0443><U+0449><U+0430><U+044F> <U+044E><U+043D><U+043E><U+0441><U+0442><U+044C> (1939) <U+0434><U+043E><U+043A><U+0443><U+043C><U+0435><U+043D><U+0442><U+0430><U+043B><U+044C><U+043D><U+044B><U+0439> <U+0444><U+0438><U+043B><U+044C><U+043C>","<U+0421><U+043E><U+0432><U+0435><U+0442><U+0441><U+043A><U+0438><U+0439> <U+0434><U+043E><U+043A><U+0443><U+043C><U+0435><U+043D><U+0442><U+0430><U+043B><U+044C><U+043D><U+044B><U+0439> <U+0444><U+0438><U+043B><U+044C><U+043C> <U+043E> <U+043F><U+0430><U+0440><U+0430><U+0434><U+0435> <U+0444><U+0438><U+0437><U+043A><U+0443><U+043B><U+044C><U+0442><U+0443><U+0440><U+043D><U+0438><U+043A><U+043E><U+0432> <U+0432> <U+041C><U+043E><U+0441><U+043A><U+0432><U+0435> 18 <U+0438><U+044E><U+043B><U+044F> 1939 <U+0433><U+043E><U+0434><U+0430>. <U+041F><U+0435><U+0440><U+0432><U+044B><U+0439> <U+0441><U+043E><U+0432><U+0435><U+0442><U+0441><U+043A><U+0438><U+0439> <U+0446><U+0432><U+0435><U+0442><U+043D><U+043E><U+0439>...","https://i.ytimg.com/vi/5JUq9UvK8bc/default.jpg","120","90","https://i.ytimg.com/vi/5JUq9UvK8bc/mqdefault.jpg","320","180","https://i.ytimg.com/vi/5JUq9UvK8bc/hqdefault.jpg","480","360","<U+041A><U+043B><U+0430><U+0441><U+0441><U+0438><U+043A><U+0430> <U+0441><U+043E><U+0432><U+0435><U+0442><U+0441><U+043A><U+043E><U+0433><U+043E> <U+043A><U+0438><U+043D><U+043E> (<U+043E><U+0444><U+0438><U+0446><U+0438><U+0430><U+043B><U+044C><U+043D><U+044B><U+0439> <U+043A><U+0430><U+043D><U+0430><U+043B>)","none",2652,0,5,38,0
"HXCHQZ5qQVs","2016-09-15T14:13:43.000Z","UCSUMyPPmunaDKk0YHxCK-cw","Infestation - Full Documentary - Episode 02 Season 01","Jellygeddon is nigh! Subscribe to Viewster on YouTube! <U+25BB> http://bit.ly/ViewsterYT Watch more thrilling full Action Movies <U+25BB> http://bit.ly/15BR76z Dr. David Lodge ...","https://i.ytimg.com/vi/HXCHQZ5qQVs/default.jpg","120","90","https://i.ytimg.com/vi/HXCHQZ5qQVs/mqdefault.jpg","320","180","https://i.ytimg.com/vi/HXCHQZ5qQVs/hqdefault.jpg","480","360","Viewster","none",1156,0,0,11,0
"Mf_iQ4SO9yw","2016-11-22T18:53:04.000Z","UCYHHgSLnAvhpGszOpZZwnbg","Hercules","Hercules is on the road to the court of King Pelias of Iolcus to tutor Pelias' son Prince Iphitus in the use of arms. Pelias' beautiful daughter Princess Iole updates ...","https://i.ytimg.com/vi/Mf_iQ4SO9yw/default.jpg","120","90","https://i.ytimg.com/vi/Mf_iQ4SO9yw/mqdefault.jpg","320","180","https://i.ytimg.com/vi/Mf_iQ4SO9yw/hqdefault.jpg","480","360","RBM Pictures","none",244953,0,41,1216,118
"zZa297DBWI8","2016-12-01T20:33:51.000Z","UCRrRj7-bHZKjhAx5w8j65TQ","<U+0421><U+0442><U+0430><U+0447><U+043A><U+0430> (<U+0427><U+0451><U+0440><U+0442><U+043E><U+0432><U+043E> <U+0433><U+043D><U+0435><U+0437><U+0434><U+043E> / <U+0418><U+0441><U+0442><U+043E><U+0440><U+0438><U+044F> <U+0441><U+0442><U+0430><U+0447><U+043A><U+0438>) (1924) <U+0444><U+0438><U+043B><U+044C><U+043C>","<U+041E> <U+0441><U+0442><U+0430><U+0447><U+043A><U+0435> <U+043A><U+0430><U+043A> <U+043E><U+0434><U+043D><U+043E><U+0439> <U+0438><U+0437> <U+0444><U+043E><U+0440><U+043C> <U+0431><U+043E><U+0440><U+044C><U+0431><U+044B> <U+043F><U+0440><U+043E><U+043B><U+0435><U+0442><U+0430><U+0440><U+0438><U+0430><U+0442><U+0430> <U+043F><U+0440><U+043E><U+0442><U+0438><U+0432> <U+043A><U+0430><U+043F><U+0438><U+0442><U+0430><U+043B><U+0438><U+0441><U+0442><U+0438><U+0447><U+0435><U+0441><U+043A><U+043E><U+0439> <U+044D><U+043A><U+0441><U+043F><U+043B><U+0443><U+0430><U+0442><U+0430><U+0446><U+0438><U+0438>. <U+041D><U+0430> <U+043E><U+0434><U+043D><U+043E><U+043C> <U+0438><U+0437> <U+043A><U+0440><U+0443><U+043F><U+043D><U+0435><U+0439><U+0448>...","https://i.ytimg.com/vi/zZa297DBWI8/default.jpg","120","90","https://i.ytimg.com/vi/zZa297DBWI8/mqdefault.jpg","320","180","https://i.ytimg.com/vi/zZa297DBWI8/hqdefault.jpg","480","360","<U+041A><U+043B><U+0430><U+0441><U+0441><U+0438><U+043A><U+0430> <U+0441><U+043E><U+0432><U+0435><U+0442><U+0441><U+043A><U+043E><U+0433><U+043E> <U+043A><U+0438><U+043D><U+043E> (<U+043E><U+0444><U+0438><U+0446><U+0438><U+0430><U+043B><U+044C><U+043D><U+044B><U+0439> <U+043A><U+0430><U+043D><U+0430><U+043B>)","none",1916,0,5,23,0
"0AOkkH8K_VI","2016-10-22T13:24:37.000Z","UCJMrLeR-WZmwmYX-WLBiFKg","Naan Sigappu Manithan Tamil Full Movie | Vishal | Ronnie Screwvala | Siddharth Roy Kapoor","Indran, a narcoleptic, and Meera, the daughter of a rich businessman, are in love with each other. One day, as he suffers from a narcoleptic bout, she gets ...","https://i.ytimg.com/vi/0AOkkH8K_VI/default.jpg","120","90","https://i.ytimg.com/vi/0AOkkH8K_VI/mqdefault.jpg","320","180","https://i.ytimg.com/vi/0AOkkH8K_VI/hqdefault.jpg","480","360","UIE Movies","none",2098497,0,573,7470,1668
"bWkLEo7MXJM","2016-08-05T16:20:36.000Z","UCRrRj7-bHZKjhAx5w8j65TQ","<U+0418><U+0441><U+043F><U+0430><U+043D><U+0438><U+044F> / Spain (1939) <U+0434><U+043E><U+043A><U+0443><U+043C><U+0435><U+043D><U+0442><U+0430><U+043B><U+044C><U+043D><U+044B><U+0439> <U+0444><U+0438><U+043B><U+044C><U+043C>","<U+041F><U+043E><U+043B><U+043D><U+043E><U+043C><U+0435><U+0442><U+0440><U+0430><U+0436><U+043D><U+044B><U+0439> <U+0434><U+043E><U+043A><U+0443><U+043C><U+0435><U+043D><U+0442><U+0430><U+043B><U+044C><U+043D><U+044B><U+0439> <U+0444><U+0438><U+043B><U+044C><U+043C><U+043E> <U+043E> <U+0433><U+0440><U+0430><U+0436><U+0434><U+0430><U+043D><U+0441><U+043A><U+043E><U+0439> <U+0432><U+043E><U+0439><U+043D><U+0435> <U+0432> <U+0418><U+0441><U+043F><U+0430><U+043D><U+0438><U+0438> 1936-1939 <U+0433><U+0433>. <U+041A><U+0430><U+0440><U+0442><U+0438><U+043D><U+0430> ""<U+0418><U+0441><U+043F><U+0430><U+043D><U+0438><U+044F>"" <U+043F><U+043E><U+043B><U+0443><U+0447><U+0438><U+043B><U+0430>...","https://i.ytimg.com/vi/bWkLEo7MXJM/default.jpg","120","90","https://i.ytimg.com/vi/bWkLEo7MXJM/mqdefault.jpg","320","180","https://i.ytimg.com/vi/bWkLEo7MXJM/hqdefault.jpg","480","360","<U+041A><U+043B><U+0430><U+0441><U+0441><U+0438><U+043A><U+0430> <U+0441><U+043E><U+0432><U+0435><U+0442><U+0441><U+043A><U+043E><U+0433><U+043E> <U+043A><U+0438><U+043D><U+043E> (<U+043E><U+0444><U+0438><U+0446><U+0438><U+0430><U+043B><U+044C><U+043D><U+044B><U+0439> <U+043A><U+0430><U+043D><U+0430><U+043B>)","none",11734,0,55,122,10
"u0R7HE5j6mM","2016-12-18T18:06:24.000Z","UCTKpdDNg-FgqRDg7TbIOgoQ","Wolf Hunting in Russia (1910) documentary","The bunting party is divided into two contingents, one of which pursues the wolves on horseback with a set of dogs, whilst the individual members of the second ...","https://i.ytimg.com/vi/u0R7HE5j6mM/default.jpg","120","90","https://i.ytimg.com/vi/u0R7HE5j6mM/mqdefault.jpg","320","180","https://i.ytimg.com/vi/u0R7HE5j6mM/hqdefault.jpg","480","360","All soviet movies on RVISION","none",1500,0,0,10,0
"yXzjTdFNuS0","2016-10-22T10:30:01.000Z","UCnFpajlezRfiOMdw8Tt3z5A","Aha Na Pellanta Full Movie || Allari Naresh, Ritu Barmecha, Srihari","Watch Aha Na Pellanta Telugu Full Movie. Starring: Allari Naresh, Ritu Barmecha, Srihari, Anitha, Subba Raju, Krishna Bhagwan, Brahmanandam and Among ...","https://i.ytimg.com/vi/yXzjTdFNuS0/default.jpg","120","90","https://i.ytimg.com/vi/yXzjTdFNuS0/mqdefault.jpg","320","180","https://i.ytimg.com/vi/yXzjTdFNuS0/hqdefault.jpg","480","360","Niharika Movies","none",25801,0,12,97,14
"FxrqKGoRznk","2016-08-12T09:58:51.000Z","UC3Jc8KiWhGUlPSVW6YhO5Ug","SP KHAREL || <U+090F><U+0938> <U+092A><U+093F> <U+0916><U+0930><U+0947><U+0932> || THE REAL HERO || BHOJPURI FULL FILM","Subscribe Us: https://www.youtube.com/channel/UC3Jc8KiWhGUlPSVW6YhO5Ug?sub_confirmation=1 Like us onFacebook: ...","https://i.ytimg.com/vi/FxrqKGoRznk/default.jpg","120","90","https://i.ytimg.com/vi/FxrqKGoRznk/mqdefault.jpg","320","180","https://i.ytimg.com/vi/FxrqKGoRznk/hqdefault.jpg","480","360","BUDHA SUBBA MOVIES","none",8150,0,3,41,6
"D-9j2rNcpj4","2016-12-29T11:30:00.000Z","UCOxUhuST9-AltBvAHCQXgug","Sarvam Full Movie | Arya, Trisha Krishnan, J D Chakravarthy | Vishnuvardhan | Yuvan Shankar Raja","Watch Sarvam Full Movie, Starring Arya, Trisha Krishnan, J D Chakravarthy, Prathap Pothan, Indrajith among others. Directed by Vishnuvardhan and Produced ...","https://i.ytimg.com/vi/D-9j2rNcpj4/default.jpg","120","90","https://i.ytimg.com/vi/D-9j2rNcpj4/mqdefault.jpg","320","180","https://i.ytimg.com/vi/D-9j2rNcpj4/hqdefault.jpg","480","360","iDream HD Movies","none",38782,0,0,95,11
"AKVXuhS_Dug","2016-01-18T12:36:24.000Z","UCLJIMy2wrWsLuPKJxU-a_YQ","Nyaydaata (2013) - Sree, Maadhavi, Kamal Kamaraju  | South Indian Dubbed | English Subtitle","Catch Full Length Zee Action Movies Here - http://tinyurl.com/Full-Length-Zee-Action-Movies The cast and crew of an under production movie land in a forest ...","https://i.ytimg.com/vi/AKVXuhS_Dug/default.jpg","120","90","https://i.ytimg.com/vi/AKVXuhS_Dug/mqdefault.jpg","320","180","https://i.ytimg.com/vi/AKVXuhS_Dug/hqdefault.jpg","480","360","Zee Action Channel","none",80887,0,11,264,42
"pTdzH24WBE0","2016-07-02T15:30:00.000Z","UCu0bxC7vG_HKWJ7ijO9QKwg","Dogman | Full Horror Movie","KingsOfHorror presents: Dogman Hanklin Purvis enjoys the outdoors, and he loves to hunt. He and his wife, Dorothy, live on a farm in the rural mid-west.","https://i.ytimg.com/vi/pTdzH24WBE0/default.jpg","120","90","https://i.ytimg.com/vi/pTdzH24WBE0/mqdefault.jpg","320","180","https://i.ytimg.com/vi/pTdzH24WBE0/hqdefault.jpg","480","360","Kings of Horror","none",901290,0,36,2849,782
"998SNqRZTRA","2016-02-05T16:30:00.000Z","UCOxUhuST9-AltBvAHCQXgug","Allari Pidugu Full Movie","Watch Allari Pidugu Full Movie / Allari Pidugu Movie Starring with Nandamuri Balakrishna, Katrina Kaif, Charmy Kaur, directed by Jayant C Paranjee, Produced ...","https://i.ytimg.com/vi/998SNqRZTRA/default.jpg","120","90","https://i.ytimg.com/vi/998SNqRZTRA/mqdefault.jpg","320","180","https://i.ytimg.com/vi/998SNqRZTRA/hqdefault.jpg","480","360","iDream HD Movies","none",501021,0,39,1732,461
"hbNp07ezVFU","2016-05-04T10:21:27.000Z","UCO7oJs9vrfYIN_rDYjlN7Ig","Unnai Solli Kutramillai | Full Tamil Movie | Karthik, Sithara, Radha Devi","Superhit Tamil Full Movie Unnai Solli Kutramillai (1990) By Kavithalayaa Productions. Star Cast : Karthik, Sithara, Radha Devi, Nasser, Charle, Kuyili, ...","https://i.ytimg.com/vi/hbNp07ezVFU/default.jpg","120","90","https://i.ytimg.com/vi/hbNp07ezVFU/mqdefault.jpg","320","180","https://i.ytimg.com/vi/hbNp07ezVFU/hqdefault.jpg","480","360","Ultra Regional","none",145273,0,7,362,99
"aOaQhMmHheQ","2016-12-16T15:07:02.000Z","UCg5m6u890_WGiqOsbJ3Mr4w","René Lacko - Live in Bratislava Celý koncert","Sleduj celé filmy v ceštine, ve skvelé kvalite a ZDARMA! Nejlepší filmy najdeš na kanále KoukeYTe: http://bit.ly/295lQQE Facebook: ...","https://i.ytimg.com/vi/aOaQhMmHheQ/default.jpg","120","90","https://i.ytimg.com/vi/aOaQhMmHheQ/mqdefault.jpg","320","180","https://i.ytimg.com/vi/aOaQhMmHheQ/hqdefault.jpg","480","360","KoukeYTe - celé filmy zdarma","none",2027,0,3,18,2
"CE0hkrpUVbQ","2016-11-13T19:32:17.000Z","UCak7m0ywMcCDUYDgqdNA7zA","<U+0422><U+0438><U+0448><U+0438><U+043D><U+0430> (3 <U+0441><U+0435><U+0440><U+0438><U+044F>) (1992) <U+0444><U+0438><U+043B><U+044C><U+043C>","1945 <U+0433><U+043E><U+0434>. <U+0414><U+0435><U+043C><U+043E><U+0431><U+0438><U+043B><U+0438><U+0437><U+043E><U+0432><U+0430><U+043D><U+043D><U+044B><U+0439> <U+0421><U+0435><U+0440><U+0433><U+0435><U+0439> <U+0412><U+043E><U+0445><U+043C><U+0438><U+043D><U+0446><U+0435><U+0432> <U+0432><U+043E><U+0437><U+0432><U+0440><U+0430><U+0449><U+0430><U+0435><U+0442><U+0441><U+044F> <U+0432> <U+041C><U+043E><U+0441><U+043A><U+0432><U+0443> <U+0438> <U+043F><U+043E><U+0441><U+0442><U+0443><U+043F><U+0430><U+0435><U+0442> <U+0432> <U+0438><U+043D><U+0441><U+0442><U+0438><U+0442><U+0443><U+0442>. <U+041F><U+043E> <U+043A><U+043B><U+0435><U+0432><U+0435><U+0442><U+043D><U+0438><U+0447><U+0435><U+0441><U+043A><U+043E><U+043C><U+0443>...","https://i.ytimg.com/vi/CE0hkrpUVbQ/default.jpg","120","90","https://i.ytimg.com/vi/CE0hkrpUVbQ/mqdefault.jpg","320","180","https://i.ytimg.com/vi/CE0hkrpUVbQ/hqdefault.jpg","480","360","RVISION: <U+0421><U+0432><U+0435><U+0440><U+0434><U+043B><U+043E><U+0432><U+0441><U+043A><U+0430><U+044F> <U+043A><U+0438><U+043D><U+043E><U+0441><U+0442><U+0443><U+0434><U+0438><U+044F>","none",8971,0,6,31,5
"R4j_zzxbRRs","2016-06-16T09:39:49.000Z","UCYauDsl-rswjQGpA0_-Z9Pw","Ranu Full Movie | Superhit Bangla Movie | Latest Bengali Movie","Superhit Bengali Movie Ranu (2001) Starring : Seema Chakraborthy, Sajal Mondal, Dwijan Bandyopodhy. Director : Shyamal Karmakar Producer : Children's ...","https://i.ytimg.com/vi/R4j_zzxbRRs/default.jpg","120","90","https://i.ytimg.com/vi/R4j_zzxbRRs/mqdefault.jpg","320","180","https://i.ytimg.com/vi/R4j_zzxbRRs/hqdefault.jpg","480","360","Ultra Movie Parlour","none",17971,0,0,33,6
"MIi6Dx7JcM0","2016-09-03T09:48:58.000Z","UCRrRj7-bHZKjhAx5w8j65TQ","<U+0422><U+0440><U+0443><U+0431><U+043A><U+0430> <U+043A><U+043E><U+043C><U+043C><U+0443><U+043D><U+0430><U+0440><U+0430> / La pipe du communard (1929) <U+0444><U+0438><U+043B><U+044C><U+043C>","<U+0414><U+0440><U+0430><U+043C><U+0430> <U+043F><U+043E> <U+043D><U+043E><U+0432><U+0435><U+043B><U+043B><U+0435> <U+0418><U+043B><U+044C><U+0438> <U+042D><U+0440><U+0435><U+043D><U+0431><U+0443><U+0440><U+0433><U+0430>, <U+0443><U+0432><U+0435><U+043A><U+043E><U+0432><U+0435><U+0447><U+0438><U+0432><U+0430><U+044E><U+0449><U+0430><U+044F> <U+0433><U+0435><U+0440><U+043E><U+0438><U+0437><U+043C> <U+0440><U+0435><U+0431><U+0435><U+043D><U+043A><U+0430> - <U+043A><U+043E><U+043C><U+043C><U+0443><U+043D><U+0430><U+0440><U+0430>, <U+0443><U+0431><U+0438><U+0442><U+043E><U+0433><U+043E> <U+0432><U+0435><U+0440><U+0441><U+0430><U+043B><U+044C><U+0446><U+0430><U+043C><U+0438> <U+0432> 1871...","https://i.ytimg.com/vi/MIi6Dx7JcM0/default.jpg","120","90","https://i.ytimg.com/vi/MIi6Dx7JcM0/mqdefault.jpg","320","180","https://i.ytimg.com/vi/MIi6Dx7JcM0/hqdefault.jpg","480","360","<U+041A><U+043B><U+0430><U+0441><U+0441><U+0438><U+043A><U+0430> <U+0441><U+043E><U+0432><U+0435><U+0442><U+0441><U+043A><U+043E><U+0433><U+043E> <U+043A><U+0438><U+043D><U+043E> (<U+043E><U+0444><U+0438><U+0446><U+0438><U+0430><U+043B><U+044C><U+043D><U+044B><U+0439> <U+043A><U+0430><U+043D><U+0430><U+043B>)","none",1558,0,2,16,1
"D73UbKGu470","2016-02-09T14:42:39.000Z","UChrw2LBoXIAHXMspjCQOY0Q","Paalu Neelu Telugu Full Movie - Mohan Babu, Jayapradha || Dasari Narayana Rao","Watch Paalu Neelu Telugu Full Movie Starring Mohan Babu, Jayapradha, Chalam, Rama Prabha, Surya Kantham, Nirmala, Saroja Director: Dasari Narayana ...","https://i.ytimg.com/vi/D73UbKGu470/default.jpg","120","90","https://i.ytimg.com/vi/D73UbKGu470/mqdefault.jpg","320","180","https://i.ytimg.com/vi/D73UbKGu470/hqdefault.jpg","480","360","Cuppa Movies","none",9476,0,2,41,5
"34UR3QMdClI","2016-05-23T13:38:01.000Z","UCqwUQ-gb3ucBowxk3867p-A","Jamai No 1 (HD) - Superhit Bengali Movie - Bengali Dubbed Movie - Sabyasachi Misra |Megha Ghosh","Download the app now and share it with all the asli fans : http://twd.bz/shemaroome Subscribe to Shemaroo Bengali - http://bit.ly/2CgmfwT ""The Superhit Bengali ...","https://i.ytimg.com/vi/34UR3QMdClI/default.jpg","120","90","https://i.ytimg.com/vi/34UR3QMdClI/mqdefault.jpg","320","180","https://i.ytimg.com/vi/34UR3QMdClI/hqdefault.jpg","480","360","Shemaroo Bengali","none",1378142,0,170,3060,953
"8-Zb02mJt9Q","2016-12-04T21:09:17.000Z","UCYHHgSLnAvhpGszOpZZwnbg","Dick Tracy&#39;s Dilemma","Steve Michel and his henchmen hijack a valuable shipment of furs, but botch the job by killing a night watchman. Police detective Dick Tracy (Ralph Byrd) is ...","https://i.ytimg.com/vi/8-Zb02mJt9Q/default.jpg","120","90","https://i.ytimg.com/vi/8-Zb02mJt9Q/mqdefault.jpg","320","180","https://i.ytimg.com/vi/8-Zb02mJt9Q/hqdefault.jpg","480","360","RBM Pictures","none",1514,0,1,21,1
"t6Q_VL75Zuw","2016-02-09T16:30:00.000Z","UCu0bxC7vG_HKWJ7ijO9QKwg","Swamp Zombies | Full Horror Movie","Kings of Horror presents: Swamp Zombies A chief physician at a large metropolitan hospital is formulating a serum to resurrect recently deceased patients.","https://i.ytimg.com/vi/t6Q_VL75Zuw/default.jpg","120","90","https://i.ytimg.com/vi/t6Q_VL75Zuw/mqdefault.jpg","320","180","https://i.ytimg.com/vi/t6Q_VL75Zuw/hqdefault.jpg","480","360","Kings of Horror","none",894331,0,173,1650,530
"Cohh2-yEUPU","2016-11-27T21:45:58.000Z","UC6FwzVftf5AQrXYhQ5FdzRA","<U+041C><U+043E><U+043B><U+043E><U+0434><U+043E><U+0439> <U+0447><U+0435><U+043B><U+043E><U+0432><U+0435><U+043A> <U+0438><U+0437> <U+0445><U+043E><U+0440><U+043E><U+0448><U+0435><U+0439> <U+0441><U+0435><U+043C><U+044C><U+0438> (3 <U+0441><U+0435><U+0440><U+0438><U+044F>) (1989) <U+0444><U+0438><U+043B><U+044C><U+043C>","<U+0412><U+0430><U+043B><U+0435><U+0440><U+0430> <U+0421><U+0430><U+043F>o<U+0433><U+0438><U+043D> <U+043F><U+043E><U+0441><U+043B><U+0435> <U+0441><U+043B><U+0443><U+0436><U+0431><U+044B> <U+0432> <U+0430><U+0440><U+043C><U+0438><U+0438> <U+0432><U+043E><U+0437><U+0432><U+0440><U+0430><U+0449><U+0430><U+0435><U+0442><U+0441><U+044F> <U+0434><U+043E><U+043C><U+043E><U+0439>. <U+041C><U+043D><U+043E><U+0433><U+043E> <U+0436><U+0438><U+0437><U+043D><U+0435><U+043D><U+043D><U+044B><U+0445> <U+0443><U+0440><U+043E><U+043A><U+043E><U+0432> <U+043F><U+0435><U+0440><U+0435><U+0436><U+0438><U+0432><U+0430><U+0435><U+0442> <U+043C><U+043E><U+043B><U+043E><U+0434><U+043E><U+0439> <U+0447><U+0435><U+043B><U+043E><U+0432><U+0435><U+043A>,...","https://i.ytimg.com/vi/Cohh2-yEUPU/default.jpg","120","90","https://i.ytimg.com/vi/Cohh2-yEUPU/mqdefault.jpg","320","180","https://i.ytimg.com/vi/Cohh2-yEUPU/hqdefault.jpg","480","360","RVISION: <U+0421><U+043E><U+0432><U+0435><U+0442><U+0441><U+043A><U+0438><U+0435> <U+0444><U+0438><U+043B><U+044C><U+043C><U+044B>","none",6437,0,10,36,8
"6T-A_g-kdZk","2016-05-27T05:56:12.000Z","UCYauDsl-rswjQGpA0_-Z9Pw","Rikki Tikki Tavi (Bahadur Nevla) Full Movie | Children&#39;s Hindi Movie | Animals Short Movies","Superhit Children's Movie Rikki Tikki Tavi (1979) Based on True Story By Rudyard Kipling. Starring : E. Alexsitiv, Sandeep Vishnu, Margaret Thereshkova, ...","https://i.ytimg.com/vi/6T-A_g-kdZk/default.jpg","120","90","https://i.ytimg.com/vi/6T-A_g-kdZk/mqdefault.jpg","320","180","https://i.ytimg.com/vi/6T-A_g-kdZk/hqdefault.jpg","480","360","Ultra Movie Parlour","none",17453,0,0,30,7
"bpeP3kEhQlc","2016-08-10T14:30:01.000Z","UCOxUhuST9-AltBvAHCQXgug","Chennapatnam Chinnollu Full Movie - Rajasekhar | Jeevitha | Chandra Mohan | Vennela","Watch Chennapatnam Chinnollu (1989 ) Telugu Movie, Starring Rajasekhar, Jeevitha, Chandra Mohan, Vennela, Nutan, Prasad, Nirmala, Y. Vijaya. Movie ...","https://i.ytimg.com/vi/bpeP3kEhQlc/default.jpg","120","90","https://i.ytimg.com/vi/bpeP3kEhQlc/mqdefault.jpg","320","180","https://i.ytimg.com/vi/bpeP3kEhQlc/hqdefault.jpg","480","360","iDream HD Movies","none",3757,0,3,18,2
"7HdnjedyXwA","2016-01-18T15:38:09.000Z","UCcTdoj4SNNo5pRgPcbJhCSw","Beau Ideal","Beau Ideal 1931 Help us caption & translate this video! http://amara.org/v/Hhcd/ Donate for our restoration project of historic material: ...","https://i.ytimg.com/vi/7HdnjedyXwA/default.jpg","120","90","https://i.ytimg.com/vi/7HdnjedyXwA/mqdefault.jpg","320","180","https://i.ytimg.com/vi/7HdnjedyXwA/hqdefault.jpg","480","360","Inter-Pathé","none",1409,0,1,4,0
"tTy2rbXzXBA","2016-03-14T06:08:37.000Z","UC3Jc8KiWhGUlPSVW6YhO5Ug","CHOR SIPAHI - <U+091A><U+094B><U+0930> <U+0938><U+093F><U+092A><U+093E><U+0939><U+0940> - Hit Nepali Movie","Cast: Rajesh Hamal, Bhuwan K.C., Nikhil Upreti,Ramit Dhungana, Sanchita Luitel, Arpana Singh etc Movie: CHOR SHIPAHI Music: Sanjay Shrestha Edit: ...","https://i.ytimg.com/vi/tTy2rbXzXBA/default.jpg","120","90","https://i.ytimg.com/vi/tTy2rbXzXBA/mqdefault.jpg","320","180","https://i.ytimg.com/vi/tTy2rbXzXBA/hqdefault.jpg","480","360","BUDHA SUBBA MOVIES","none",45899,0,6,83,18
"ZqmzDhnuEpU","2016-02-23T14:26:30.000Z","UCcTdoj4SNNo5pRgPcbJhCSw","The Great St  Louis Bank Robbery","A gang's plans for a St. Louis bank robbery are complicated when the sister of one of the thieves starts voicing her well-founded suspicions. with Steve McQueen ...","https://i.ytimg.com/vi/ZqmzDhnuEpU/default.jpg","120","90","https://i.ytimg.com/vi/ZqmzDhnuEpU/mqdefault.jpg","320","180","https://i.ytimg.com/vi/ZqmzDhnuEpU/hqdefault.jpg","480","360","Inter-Pathé","none",13190,0,4,43,11
"9SPFrWpaFtA","2016-09-26T10:34:56.000Z","UCaP6L7U9mq8C3OehlBhwqgg","Khuddar - Bhojpuri Superhit Full Film - Viraj Bhatt, Monalisa - Bhojpuri Full Movie","Film Name – Khuddar Star cast – Viraj Bhatt, Monalisa Singers – Kalpana, Udit Narayan Music director – Rajesh Gupta Song lyrics – Chandra Bhusan Tiwari, ...","https://i.ytimg.com/vi/9SPFrWpaFtA/default.jpg","120","90","https://i.ytimg.com/vi/9SPFrWpaFtA/mqdefault.jpg","320","180","https://i.ytimg.com/vi/9SPFrWpaFtA/hqdefault.jpg","480","360","Bhojpuri Movies","none",116882,0,14,212,64
"MZi2GYsTUF8","2016-04-23T04:27:05.000Z","UC9WU0Rq3VFrTbPBYJeG3ZdQ","Tarzan Sundari Telugu Full Movie - Silk Smitha, Vinod - Ilayaraja","Watch Tarzan Sundari Telugu Full Movie Subscribe for more Latest Telugu Movies,Songs ...","https://i.ytimg.com/vi/MZi2GYsTUF8/default.jpg","120","90","https://i.ytimg.com/vi/MZi2GYsTUF8/mqdefault.jpg","320","180","https://i.ytimg.com/vi/MZi2GYsTUF8/hqdefault.jpg","480","360","Only Telugu Movies","none",12525,0,2,37,8
"sOQIwifPS64","2016-11-02T07:30:01.000Z","UCOxUhuST9-AltBvAHCQXgug","Manchi Manasulu Full Movie | ANR, Savitri, Showkar Janaki | Adurthi Subba Rao | KV Mahadevan","Watch Manchi Manasulu Full Movie. Starring Akkineni Nageshwara Rao, Savitri, Showkar Janaki, Nagabhushanam, SV Ranga Rao, Ramana Reddy, ...","https://i.ytimg.com/vi/sOQIwifPS64/default.jpg","120","90","https://i.ytimg.com/vi/sOQIwifPS64/mqdefault.jpg","320","180","https://i.ytimg.com/vi/sOQIwifPS64/hqdefault.jpg","480","360","iDream HD Movies","none",8864,0,4,40,9
"Lkrby-_NJTs","2016-02-23T06:11:44.000Z","UCaP6L7U9mq8C3OehlBhwqgg","Patna Se Pakistan - <U+092A><U+091F><U+0928><U+093E> <U+0938><U+0947> <U+092A><U+093E><U+0915><U+093F><U+0938><U+094D><U+0924><U+093E><U+0928> - Bhojpuri Full Movie - Dinesh Lal - Bhojpuri Full Film","Film Name – Patna Se Pakistan Star cast – Dinesh Lal Yadav ""Nirahua"", Kajal Raghwani, Amrapali Dubey, Sushil Singh, Ashok Samarth Etc. Singers – Kalpna, ...","https://i.ytimg.com/vi/Lkrby-_NJTs/default.jpg","120","90","https://i.ytimg.com/vi/Lkrby-_NJTs/mqdefault.jpg","320","180","https://i.ytimg.com/vi/Lkrby-_NJTs/hqdefault.jpg","480","360","Bhojpuri Movies","none",5613940,0,1074,11487,5667
"rU21YFSRATI","2016-10-28T09:36:56.000Z","UCcQeUGQ5TH2bmCOV0sepKkg","Gori Tere Gawn Mein || Suman Negi, Rekha, Rajesh Kumar || Haryanvi Full Movies || <U+0917><U+094B><U+0930><U+0940> <U+0924><U+0947><U+0930><U+0947> <U+0917><U+093E><U+0935><U+0901> <U+092E><U+0947><U+0902>","For more videos click | http://goo.gl/xkNjDO Artist - Billu Chaudhary, Suman Negi, Rekha, Rajesh Kumar, Anupam, Sewa Ram Sharma, Krishan Kumar Tomar, ...","https://i.ytimg.com/vi/rU21YFSRATI/default.jpg","120","90","https://i.ytimg.com/vi/rU21YFSRATI/mqdefault.jpg","320","180","https://i.ytimg.com/vi/rU21YFSRATI/hqdefault.jpg","480","360","Sonotek Films","none",65854,0,18,152,52
"ofxhQNphJMQ","2016-02-03T04:30:00.000Z","UCDXg7kpthXnmEN_n9wRqW-Q","Insaniyat 1955 | Dev Anand, Dilip Kumar, Bina Rai | Superhit Classic Bollywood Movies","Insaniyat is a 1955 Hindi film produced and directed by S. S. Vasan. The film stars Dev Anand, Dilip Kumar, Bina Rai, Jayant and Shobhana Samarth. The film's ...","https://i.ytimg.com/vi/ofxhQNphJMQ/default.jpg","120","90","https://i.ytimg.com/vi/ofxhQNphJMQ/mqdefault.jpg","320","180","https://i.ytimg.com/vi/ofxhQNphJMQ/hqdefault.jpg","480","360","Nupur Movies","none",92980,0,16,227,65
"DPnRs5Iy9aE","2016-05-13T13:26:22.000Z","UCOxUhuST9-AltBvAHCQXgug","Bharyalu Jagratha Full Movie || Raghu, Geeta, Sitara || K Balachander || Ilayaraja","Watch Bharyalu Jagratha Full Movie, starring Raghu, Geeta, Sitara among others. Directed by K.Balachander and produced by Angara Srinivas.","https://i.ytimg.com/vi/DPnRs5Iy9aE/default.jpg","120","90","https://i.ytimg.com/vi/DPnRs5Iy9aE/mqdefault.jpg","320","180","https://i.ytimg.com/vi/DPnRs5Iy9aE/hqdefault.jpg","480","360","iDream HD Movies","none",11662,0,0,25,7
"MQsQMGq894E","2016-11-29T13:30:45.000Z","UCIbCd95HIkwZx6DqlWSeDcA","Armynel - Full Horror Movie","Savannah is struggling with chronic nightmares that go from bad to blood-bath after her hypnotist learns that her dreams may be close to reality... Subscribe to ...","https://i.ytimg.com/vi/MQsQMGq894E/default.jpg","120","90","https://i.ytimg.com/vi/MQsQMGq894E/mqdefault.jpg","320","180","https://i.ytimg.com/vi/MQsQMGq894E/hqdefault.jpg","480","360","Viewster Horror","none",53495,0,21,456,130
"XPpUzQTWlbY","2016-12-26T14:03:07.000Z","UCRrRj7-bHZKjhAx5w8j65TQ","<U+042D><U+0441><U+0442><U+043E><U+043D><U+0441><U+043A><U+0430><U+044F> <U+0437><U+0435><U+043C><U+043B><U+044F> (1941) <U+0434><U+043E><U+043A><U+0443><U+043C><U+0435><U+043D><U+0442><U+0430><U+043B><U+044C><U+043D><U+044B><U+0439> <U+0444><U+0438><U+043B><U+044C><U+043C>","<U+041D><U+0430> <U+043E><U+0441><U+043D><U+043E><U+0432><U+0435> <U+0440><U+0430><U+0437><U+043B><U+0438><U+0447><U+043D><U+044B><U+0445> <U+043A><U+0438><U+043D><U+043E><U+043C><U+0430><U+0442><U+0435><U+0440><U+0438><U+0430><U+043B><U+043E><U+0432>, <U+0441><U+043D><U+044F><U+0442><U+044B><U+0445> <U+0432> <U+0440><U+0435><U+0441><U+043F><U+0443><U+0431><U+043B><U+0438><U+043A><U+0435> <U+0432> 1940-1941 <U+0433><U+043E><U+0434><U+0430><U+0445> <U+043D><U+0435><U+0441><U+043A><U+043E><U+043B><U+044C><U+043A><U+0438><U+043C><U+0438> <U+044D><U+0441><U+0442><U+043E><U+043D><U+0441><U+043A><U+0438><U+043C><U+0438> <U+043A><U+0438><U+043D><U+043E><U+043E><U+043F><U+0435><U+0440><U+0430><U+0442><U+043E><U+0440>...","https://i.ytimg.com/vi/XPpUzQTWlbY/default.jpg","120","90","https://i.ytimg.com/vi/XPpUzQTWlbY/mqdefault.jpg","320","180","https://i.ytimg.com/vi/XPpUzQTWlbY/hqdefault.jpg","480","360","<U+041A><U+043B><U+0430><U+0441><U+0441><U+0438><U+043A><U+0430> <U+0441><U+043E><U+0432><U+0435><U+0442><U+0441><U+043A><U+043E><U+0433><U+043E> <U+043A><U+0438><U+043D><U+043E> (<U+043E><U+0444><U+0438><U+0446><U+0438><U+0430><U+043B><U+044C><U+043D><U+044B><U+0439> <U+043A><U+0430><U+043D><U+0430><U+043B>)","none",5854,0,1,33,11
"93PAo3W-VNc","2016-09-10T06:19:02.000Z","UCaP6L7U9mq8C3OehlBhwqgg","Intqaam - Khesari Lal Yadav, Kajal Raghwani, Viraj Bhatt - Bhojpuri Superhit Film","Movie : Intqaam Star Cast : Khesari Lal Yadav, Viraj Bhatt , Kajal Raghwani Lyric : Pyare lal Yadav, Azad Singh & Arvind Tiwari Music : Abhinash Jha [ Ghunghru ...","https://i.ytimg.com/vi/93PAo3W-VNc/default.jpg","120","90","https://i.ytimg.com/vi/93PAo3W-VNc/mqdefault.jpg","320","180","https://i.ytimg.com/vi/93PAo3W-VNc/hqdefault.jpg","480","360","Bhojpuri Movies","none",2691206,0,430,4508,2816
"LfIBoD2G9L4","2016-12-12T03:30:00.000Z","UCcQeUGQ5TH2bmCOV0sepKkg","Sauda || <U+0938><U+094C><U+0926><U+093E> || Megha Mehar, Anil Ambawat || Haryanvi Full Film","For more videos click || goo.gl/pb0H3p Star Cast- Anil Ambawat, Megha Mehar, Dev Sharma, Dharmveer Pradhan, K K Shukla, Chaudhary Balraj Pradhan ...","https://i.ytimg.com/vi/LfIBoD2G9L4/default.jpg","120","90","https://i.ytimg.com/vi/LfIBoD2G9L4/mqdefault.jpg","320","180","https://i.ytimg.com/vi/LfIBoD2G9L4/hqdefault.jpg","480","360","Sonotek Films","none",82442,0,8,144,63
"c5BRL9andzk","2016-02-16T19:44:00.000Z","UCCT0cBYnHaDXZwuPz-V14hg","Story of a Junkie - Full Movie","Click here to watch great FREE Movies & TV: http://filmrise.com Gringo, a young man hoping to find great fortune in New York, falls into heroin addiction.","https://i.ytimg.com/vi/c5BRL9andzk/default.jpg","120","90","https://i.ytimg.com/vi/c5BRL9andzk/mqdefault.jpg","320","180","https://i.ytimg.com/vi/c5BRL9andzk/hqdefault.jpg","480","360","FilmRise Fear","none",15340,0,0,62,13
"DLZ3u-gQJeA","2016-01-06T06:04:50.000Z","UCgAYmwinOWVFpkoU69LLlDg","Nepali Hit Short Movie COTTAGE | <U+091B><U+094B><U+091F><U+094B> <U+091A><U+0932><U+091A><U+093F><U+0924><U+094D><U+0930> <U+0915><U+091F><U+0947><U+091C> | 2017 Hit Short Movie","BIPS MEDIA Presents New Nepali Hit Short Movie COTTAGE Cast : Ramu Acharya, Samikshya Adhikari, Bipin Sharma Acharya, Niraj Koirala, Mina Silwal, ...","https://i.ytimg.com/vi/DLZ3u-gQJeA/default.jpg","120","90","https://i.ytimg.com/vi/DLZ3u-gQJeA/mqdefault.jpg","320","180","https://i.ytimg.com/vi/DLZ3u-gQJeA/hqdefault.jpg","480","360","BIPS MEDIA","none",97143,0,16,97,38
"f5BozoQCk-g","2016-09-19T09:13:28.000Z","UCFsLEAbWprS7OHuGDLlP-DQ","Spiderman and batman toys - Frozen Kristoff with Gerti Toys","Frozen Kristoff with Gerti Toys - Spiderman and batman toys SUBSCRIBE to Gertit's Adventures: https://smarturl.it/GertitSubscribe Let's see what face has Elsa in ...","https://i.ytimg.com/vi/f5BozoQCk-g/default.jpg","120","90","https://i.ytimg.com/vi/f5BozoQCk-g/mqdefault.jpg","320","180","https://i.ytimg.com/vi/f5BozoQCk-g/hqdefault.jpg","480","360","Gerti ToysReview","none",1441222,0,NA,3067,1621
"LLEsQSl1hr4","2016-02-09T15:51:16.000Z","UChrw2LBoXIAHXMspjCQOY0Q","Raj Mahal Telugu Full Movie - Krishnam Raju, Krishna, Jayalalitha || B.Harinarayana","Watch Raj Mahal Telugu Full Movie, Starring Krishnam Raju, Krishna, Jayalalitha Cast : Krishna, Vijayalalitha, Krishnanraju, K.K.Sharma, Kumari Sridevi, ...","https://i.ytimg.com/vi/LLEsQSl1hr4/default.jpg","120","90","https://i.ytimg.com/vi/LLEsQSl1hr4/mqdefault.jpg","320","180","https://i.ytimg.com/vi/LLEsQSl1hr4/hqdefault.jpg","480","360","Cuppa Movies","none",86113,0,3,148,47
"9r--B7aBdxs","2016-11-05T15:36:03.000Z","UCcQeUGQ5TH2bmCOV0sepKkg","Nathu Chhora || <U+0928><U+0924><U+094D><U+0925><U+0942> <U+091B><U+094B><U+0930><U+093E> || Haryanvi Full Comedy Full Movies","For more videos click || goo.gl/pb0H3p Hindi Full Comedy Film - Nathoo Chhora Artist - Rajesh Kumar, Bhavna Sharma, Janeshwar Tyagi, Shannu Raja , Sher ...","https://i.ytimg.com/vi/9r--B7aBdxs/default.jpg","120","90","https://i.ytimg.com/vi/9r--B7aBdxs/mqdefault.jpg","320","180","https://i.ytimg.com/vi/9r--B7aBdxs/hqdefault.jpg","480","360","Sonotek Films","none",7358,0,2,11,4
"LWXUtBvWVPk","2016-11-18T16:43:52.000Z","UCmSfp_gMsR3RDAvYkkF_mMw","Two Dollar Bettor (1951) - Classic Black and White Movie","An honest bank employee gets hooked on horse racing, and starts to embezzle bank funds in an attempt to recoup his losses. Subscribe to Viewster Classics on ...","https://i.ytimg.com/vi/LWXUtBvWVPk/default.jpg","120","90","https://i.ytimg.com/vi/LWXUtBvWVPk/mqdefault.jpg","320","180","https://i.ytimg.com/vi/LWXUtBvWVPk/hqdefault.jpg","480","360","Viewster Classics","none",9951,0,0,32,9
"Oti7mQZ6KpU","2016-12-18T16:48:02.000Z","UCTKpdDNg-FgqRDg7TbIOgoQ","The Music Box (1933) animated cartoon","""An animated satire in two parts"" (and no relation to the Academy Award®-winning Laurel and Hardy short of the same name that also came out in 1932) this ...","https://i.ytimg.com/vi/Oti7mQZ6KpU/default.jpg","120","90","https://i.ytimg.com/vi/Oti7mQZ6KpU/mqdefault.jpg","320","180","https://i.ytimg.com/vi/Oti7mQZ6KpU/hqdefault.jpg","480","360","All soviet movies on RVISION","none",1807,0,1,11,2
"zkdIK8Tk2vU","2016-12-18T17:53:25.000Z","UCTKpdDNg-FgqRDg7TbIOgoQ","Rusalka (The Mermaid) (1910) movie","Based on an opera by Dargomizhsky, and other sources: A prince and a miller's daughter have been involved in a romance together, but now the prince tells her ...","https://i.ytimg.com/vi/zkdIK8Tk2vU/default.jpg","120","90","https://i.ytimg.com/vi/zkdIK8Tk2vU/mqdefault.jpg","320","180","https://i.ytimg.com/vi/zkdIK8Tk2vU/hqdefault.jpg","480","360","All soviet movies on RVISION","none",47482,0,2,114,32
"lz3Cy5dWYyo","2016-02-06T15:09:12.000Z","UCpMD6kc_WEzt-vxecyfKWpQ","Bhale Mastaru Full Telugu Movie - NTR, Kanchana, Krishnam Raju,  Anjali Devi","Watch Bhale Mastaru Full Telugu Movie - NTR, Anjali Devi, Kanchana, Krishnam Raju, Allu Rama Lingaiah, Sheela, Raja Babu, Mikkilineni, Prabhakar Reddy, ...","https://i.ytimg.com/vi/lz3Cy5dWYyo/default.jpg","120","90","https://i.ytimg.com/vi/lz3Cy5dWYyo/mqdefault.jpg","320","180","https://i.ytimg.com/vi/lz3Cy5dWYyo/hqdefault.jpg","480","360","Manisha Arts","none",381,0,0,1,0
"wiUfB_-tGs0","2016-06-24T08:26:24.000Z","UCwEeR_hIYfTFG6PaEcD7Cwg","Bhojpuri Superhit Full Film - Truck Driver - Pawan SIngh, Anjana Singh, Kajal Raghwani, Chintu","Film Name – Truck Driver Star cast –Pawan Singh, Chintu, Anjana Singh, Sima Singh, Kajal Raghwani Music director – Madhukar Aanand Film writer – Santosh ...","https://i.ytimg.com/vi/wiUfB_-tGs0/default.jpg","120","90","https://i.ytimg.com/vi/wiUfB_-tGs0/mqdefault.jpg","320","180","https://i.ytimg.com/vi/wiUfB_-tGs0/hqdefault.jpg","480","360","Bhojpuri Films","none",65492,0,9,120,35
"hBI_hAoC68I","2016-05-15T05:30:01.000Z","UCgRPPBZAOKMwvA2zi_tjbvg","<U+092A><U+094D><U+0930><U+0947><U+092E> <U+0926><U+0940><U+0935><U+093E><U+0928><U+0940> - Prem Diwani - Rani Chatterjee - Rakesh Mishra - Super Hit Bhojpuri Full Film","Film Name – Prem Diwani Star cast – Rakesh Mishra, Rani Chatterjee, Monalisa Etc. Singers – Rakesh Mishra, Kalpana, Indu Sonali, Alok Kumar Music director ...","https://i.ytimg.com/vi/hBI_hAoC68I/default.jpg","120","90","https://i.ytimg.com/vi/hBI_hAoC68I/mqdefault.jpg","320","180","https://i.ytimg.com/vi/hBI_hAoC68I/hqdefault.jpg","480","360","Wave Bhojpuri Movies","none",50087,0,5,113,45
"M8zSUcjICQU","2016-05-19T10:30:01.000Z","UCOxUhuST9-AltBvAHCQXgug","Chapter 6 Full Movie -  Kalyani | Harnath Policherla | Bala | Surya Kiran","Watch Chapter 6 (2010) Telugu Film, Starring Kalyani, Harnath Policherla, Bala, Sonia Suri, Kota Srinivas Rao, Rajan P Dev, Kadhal Dandapani, Satyam ...","https://i.ytimg.com/vi/M8zSUcjICQU/default.jpg","120","90","https://i.ytimg.com/vi/M8zSUcjICQU/mqdefault.jpg","320","180","https://i.ytimg.com/vi/M8zSUcjICQU/hqdefault.jpg","480","360","iDream HD Movies","none",2094,0,2,5,2
"QCbL1scFx_8","2016-08-31T13:43:31.000Z","UCNo0GPTbEtandOgnVXxT4ZA","Centre Place","Centre Place is a sophisticated romantic drama featuring Melbourne's style, fashion and culture. Set in the very European boutiques, cafes and bars of ...","https://i.ytimg.com/vi/QCbL1scFx_8/default.jpg","120","90","https://i.ytimg.com/vi/QCbL1scFx_8/mqdefault.jpg","320","180","https://i.ytimg.com/vi/QCbL1scFx_8/hqdefault.jpg","480","360","Syndicado Drama","none",3817,0,0,15,4
"gCJSSFV4e-8","2016-11-30T16:28:33.000Z","UCTKpdDNg-FgqRDg7TbIOgoQ","Teens in the Universe (1974) movie","Teens in the Universe (Russian: <U+041E><U+0442><U+0440><U+043E><U+043A><U+0438> <U+0432><U+043E> <U+0432><U+0441><U+0435><U+043B><U+0435><U+043D><U+043D><U+043E><U+0439>, translit. Otroki vo vselennoy) is a Soviet 1974 science fiction comedy film directed by Richard Viktorov ...","https://i.ytimg.com/vi/gCJSSFV4e-8/default.jpg","120","90","https://i.ytimg.com/vi/gCJSSFV4e-8/mqdefault.jpg","320","180","https://i.ytimg.com/vi/gCJSSFV4e-8/hqdefault.jpg","480","360","All soviet movies on RVISION","none",825505,0,58,796,278
"yryXzmfAyKs","2016-11-02T06:35:48.000Z","UCcQeUGQ5TH2bmCOV0sepKkg","Kabja || <U+0915><U+092C><U+094D><U+091C><U+093C><U+093E> || Satish Rustam ( Jaji ), Monika Rustam || Hindi Full Movies","For more videos click || goo.gl/pb0H3p Star Cast - Satish Rustam ( Jaji ), Monika Rustam, Ovinder Chhingtaniya, Anju Gautam, Sunil Sharma, Naresh Jaji, Vimla ...","https://i.ytimg.com/vi/yryXzmfAyKs/default.jpg","120","90","https://i.ytimg.com/vi/yryXzmfAyKs/mqdefault.jpg","320","180","https://i.ytimg.com/vi/yryXzmfAyKs/hqdefault.jpg","480","360","Sonotek Films","none",17770,0,2,27,13
"eqkLmMndizc","2016-08-17T10:30:01.000Z","UCOxUhuST9-AltBvAHCQXgug","Iddaram Full Movie - Ali Raz | Jabardath Seshu | Sunil Kashyap","Watch Iddaram Full Movie. Starring Ali Raz, Jabardath Seshu among others. Directed by S Srinivas and Produced by Seragadam Nagunaidu. Music Composed ...","https://i.ytimg.com/vi/eqkLmMndizc/default.jpg","120","90","https://i.ytimg.com/vi/eqkLmMndizc/mqdefault.jpg","320","180","https://i.ytimg.com/vi/eqkLmMndizc/hqdefault.jpg","480","360","iDream HD Movies","none",13423,0,1,13,7
"l2an-wYSlcg","2016-10-07T08:06:52.000Z","UCpMD6kc_WEzt-vxecyfKWpQ","Prema Murthulu Full Movie - Sobhan Babu, Lakshmi, Murali Mohan, Radha","Watch Prema Murthulu Full Movie - Sobhan Babu, Lakshmi, Murali Mohan, Radha, Allu Rama Lingaiah, Rao Gopal Rao, Nutan Prasad, Nirmalamma Directed ...","https://i.ytimg.com/vi/l2an-wYSlcg/default.jpg","120","90","https://i.ytimg.com/vi/l2an-wYSlcg/mqdefault.jpg","320","180","https://i.ytimg.com/vi/l2an-wYSlcg/hqdefault.jpg","480","360","Manisha Arts","none",200,0,0,1,0
"3JTjqha9mE0","2016-04-03T20:34:18.000Z","UChrw2LBoXIAHXMspjCQOY0Q","Dalapathi Telugu Full Movie - Rajinikanth, Mammootty, Arvind Swamy || Mani Ratnam - All Time Hit","Thalapathi (English: Commander) is a 1991 Indian Tamil crime-drama film written and directed by Mani Ratnam and produced by G. Venkateswaran. It stars ...","https://i.ytimg.com/vi/3JTjqha9mE0/default.jpg","120","90","https://i.ytimg.com/vi/3JTjqha9mE0/mqdefault.jpg","320","180","https://i.ytimg.com/vi/3JTjqha9mE0/hqdefault.jpg","480","360","Cuppa Movies","none",3732,0,1,15,5
"9pZiJIrkTRU","2016-01-05T06:02:50.000Z","UChrw2LBoXIAHXMspjCQOY0Q","Rangula Ratnam Full Movie - Chandra Mohan, Vanisri, Anjali Devi - B. N. Reddy","Watch Rangula Ratnam Old Telugu Full Movie Starring Chandra Mohan, Vanisri, Anjali Devi among others. Directed by B. N. Reddy Produced by B. N. Reddy .","https://i.ytimg.com/vi/9pZiJIrkTRU/default.jpg","120","90","https://i.ytimg.com/vi/9pZiJIrkTRU/mqdefault.jpg","320","180","https://i.ytimg.com/vi/9pZiJIrkTRU/hqdefault.jpg","480","360","Cuppa Movies","none",4797,0,2,9,3
"Up3D-C2Tkyw","2016-08-31T08:04:03.000Z","UCOxUhuST9-AltBvAHCQXgug","Gaayam 2 Full Movie - Jagapathi Babu | Vimala Raman | Tanikella Bharani |  Ilayaraja","Watch Gaayam 2 Full Movie. Starring Jagapathi Babu, Vimala Raman, Tanikella Bharani, Kota Srinivasa Rao, Jeeva among others. Directed by Praveen Sri and ...","https://i.ytimg.com/vi/Up3D-C2Tkyw/default.jpg","120","90","https://i.ytimg.com/vi/Up3D-C2Tkyw/mqdefault.jpg","320","180","https://i.ytimg.com/vi/Up3D-C2Tkyw/hqdefault.jpg","480","360","iDream HD Movies","none",1518,0,0,3,2
"dfFUdiNwI-c","2016-10-20T10:04:08.000Z","UC_DZQrnboIncQCBB7QdMKOg","Lech Poznan - Piast Gliwice [1. polowa] sezon 2015/16 kolejka 06","Lech Poznan - Piast Gliwice [1st half] season 2015/16 matchweek 06.","https://i.ytimg.com/vi/dfFUdiNwI-c/default.jpg","120","90","https://i.ytimg.com/vi/dfFUdiNwI-c/mqdefault.jpg","320","180","https://i.ytimg.com/vi/dfFUdiNwI-c/hqdefault.jpg","480","360","EKSTRAKLASA OFFICIAL ARCHIVES","none",206,0,0,3,0
"cXYr9L7-6Wo","2016-11-29T14:30:01.000Z","UCOxUhuST9-AltBvAHCQXgug","O Thandri O Koduku Full Movie | Vinod Kumar, Nadhiya, Dasari Narayana Rao | Mouli | Sirpi","Watch O Thandri O Koduku Full Movie. Starring Vinod Kumar, Nadhiya, Dasari Narayana Rao, Tanikella Bharani, Brahmanandam among others. Directed by ...","https://i.ytimg.com/vi/cXYr9L7-6Wo/default.jpg","120","90","https://i.ytimg.com/vi/cXYr9L7-6Wo/mqdefault.jpg","320","180","https://i.ytimg.com/vi/cXYr9L7-6Wo/hqdefault.jpg","480","360","iDream HD Movies","none",1699,0,0,2,2
"Q7VmTvgPpz8","2016-10-21T08:00:28.000Z","UC_DZQrnboIncQCBB7QdMKOg","Pogon Szczecin - Jagiellonia Bialystok [1. polowa] sezon 2015/16 kolejka 10","Pogon Szczecin - Jagiellonia Bialystok [1st half] season 2015/16 matchweek 10.","https://i.ytimg.com/vi/Q7VmTvgPpz8/default.jpg","120","90","https://i.ytimg.com/vi/Q7VmTvgPpz8/mqdefault.jpg","320","180","https://i.ytimg.com/vi/Q7VmTvgPpz8/hqdefault.jpg","480","360","EKSTRAKLASA OFFICIAL ARCHIVES","none",318,0,0,1,0
"ZKTXB00-SXY","2016-11-07T09:58:03.000Z","UC_DZQrnboIncQCBB7QdMKOg","Piast Gliwice - Zaglebie Lubin [1. polowa] sezon 2015/16 kolejka 37","Piast Gliwice - Zaglebie Lubin [1st half] season 2015/16 matchweek 37.","https://i.ytimg.com/vi/ZKTXB00-SXY/default.jpg","120","90","https://i.ytimg.com/vi/ZKTXB00-SXY/mqdefault.jpg","320","180","https://i.ytimg.com/vi/ZKTXB00-SXY/hqdefault.jpg","480","360","EKSTRAKLASA OFFICIAL ARCHIVES","none",173,0,0,2,0
"UmVSGycvXu8","2016-11-22T16:10:17.000Z","UCmSfp_gMsR3RDAvYkkF_mMw","Heckle And Jeckle - The Hitch Hikers (1947)","The boys are trying to hitch a ride with no luck. They see a car parked in front of a bank with the door open. Subscribe to Viewster Classics on YouTube!","https://i.ytimg.com/vi/UmVSGycvXu8/default.jpg","120","90","https://i.ytimg.com/vi/UmVSGycvXu8/mqdefault.jpg","320","180","https://i.ytimg.com/vi/UmVSGycvXu8/hqdefault.jpg","480","360","Viewster Classics","none",8316,0,0,92,5
"9YRIEWMGxrE","2016-03-09T12:24:29.000Z","UC_DZQrnboIncQCBB7QdMKOg","Ruch Chorzów - GKS Belchatów [2. polowa] sezon 2014/15 kolejka 34","Ruch Chorzow - GKS Belchatow [2nd half] season 2014/15 matchweek 34.","https://i.ytimg.com/vi/9YRIEWMGxrE/default.jpg","120","90","https://i.ytimg.com/vi/9YRIEWMGxrE/mqdefault.jpg","320","180","https://i.ytimg.com/vi/9YRIEWMGxrE/hqdefault.jpg","480","360","EKSTRAKLASA OFFICIAL ARCHIVES","none",299,0,0,0,0
"mcyCgtSQTxY","2016-02-02T13:30:00.000Z","UCOxUhuST9-AltBvAHCQXgug","Aa Rathri Full Movie","Watch Aa Rathri Full Movie, Starring Maharshi Raghava, Anamika, Vemuri Satyanarayana, BS Raju among others. Directed by BS Raju and produced by B S ...","https://i.ytimg.com/vi/mcyCgtSQTxY/default.jpg","120","90","https://i.ytimg.com/vi/mcyCgtSQTxY/mqdefault.jpg","320","180","https://i.ytimg.com/vi/mcyCgtSQTxY/hqdefault.jpg","480","360","iDream HD Movies","none",13792,0,1,7,8
"1Lt6fpcp0wc","2016-08-14T04:30:01.000Z","UCAoVw9NKGqJBI3GLPz_Fo8g","O Thandri O Koduku Telugu Full Movie || Vinod Kumar, Nadhiya, Brahmanandam || Mouli || Sirpi","Watch O Thandri O Koduku Telugu Full Movie, Starring Vinod Kumar, Nadhiya, Dasari Narayana Rao, Tanikella Bharani, Brahmanandam among others.","https://i.ytimg.com/vi/1Lt6fpcp0wc/default.jpg","120","90","https://i.ytimg.com/vi/1Lt6fpcp0wc/mqdefault.jpg","320","180","https://i.ytimg.com/vi/1Lt6fpcp0wc/hqdefault.jpg","480","360","Mana Cinema","none",266,0,0,0,0
"k39R5HzsnQg","2016-09-19T13:14:20.000Z","UC_DZQrnboIncQCBB7QdMKOg","Widzew Lódz - Lech Poznan [1. polowa] sezon 2013/14 kolejka 25","Widzew Lodz - Lech Poznan [1st half] season 2013/14 matchweek 25.","https://i.ytimg.com/vi/k39R5HzsnQg/default.jpg","120","90","https://i.ytimg.com/vi/k39R5HzsnQg/mqdefault.jpg","320","180","https://i.ytimg.com/vi/k39R5HzsnQg/hqdefault.jpg","480","360","EKSTRAKLASA OFFICIAL ARCHIVES","none",568,0,0,4,0
"c8Bgux59dU8","2016-10-24T13:57:35.000Z","UC_DZQrnboIncQCBB7QdMKOg","Wisla Kraków - Ruch Chorzów [1. polowa] sezon 2015/16 kolejka 14","Wisla Cracow - Ruch Chorzow [1st half] season 2015/16 matchweek 14.","https://i.ytimg.com/vi/c8Bgux59dU8/default.jpg","120","90","https://i.ytimg.com/vi/c8Bgux59dU8/mqdefault.jpg","320","180","https://i.ytimg.com/vi/c8Bgux59dU8/hqdefault.jpg","480","360","EKSTRAKLASA OFFICIAL ARCHIVES","none",290,0,0,1,0
"3E6DKzwZd6w","2016-03-21T07:29:53.000Z","UCm-9Pdwa25arR79s5uophCg","&quot;Curse Of The Revenant: The Alternate Cut&quot;","Ghoulish Grin Films presents the alternate cut of the Cedar Street Films USA horror cult film ""Curse Of The Revenant."" Presented with a more modern ...","https://i.ytimg.com/vi/3E6DKzwZd6w/default.jpg","120","90","https://i.ytimg.com/vi/3E6DKzwZd6w/mqdefault.jpg","320","180","https://i.ytimg.com/vi/3E6DKzwZd6w/hqdefault.jpg","480","360","Ghoulish Grin Films","none",128643,0,51,293,217
"WUM0kMRsEZE","2016-05-13T07:15:52.000Z","UChrw2LBoXIAHXMspjCQOY0Q","Nindu Norellu Telugu Full Movie || MohanBabu, Chandra Mohan, Jaya Sudha","Watch Nindu Norellu Telugu Full Movie. Actors: MohanBabu, Chandra Mohan, Jaya Sudha Director: K.Raghavendra Rao Producer: Midde Rama Rao For More ...","https://i.ytimg.com/vi/WUM0kMRsEZE/default.jpg","120","90","https://i.ytimg.com/vi/WUM0kMRsEZE/mqdefault.jpg","320","180","https://i.ytimg.com/vi/WUM0kMRsEZE/hqdefault.jpg","480","360","Cuppa Movies","none",680,0,0,1,1
"VjPrTXwyfNI","2016-10-31T10:38:10.000Z","UCpMD6kc_WEzt-vxecyfKWpQ","Edadugula Bandham Full Movie - Mohan Babu, Jayasudha,","Watch Edadugula Bandham Full Movie - Mohan Babu, Jayasudha, Satyanarayana,Jaggaiah, Giribabu, Saradhi, Rallapalli, Annpoorna, Heera, Srilakshmi, ...","https://i.ytimg.com/vi/VjPrTXwyfNI/default.jpg","120","90","https://i.ytimg.com/vi/VjPrTXwyfNI/mqdefault.jpg","320","180","https://i.ytimg.com/vi/VjPrTXwyfNI/hqdefault.jpg","480","360","Manisha Arts","none",85,0,0,0,0
"kTK4GbFXAO8","2016-03-02T11:14:55.000Z","UCpMD6kc_WEzt-vxecyfKWpQ","Sati Arundhati Full Movie - Kanta Rao, Anjali Devi, Jamuna","Watch Sati Arundhati Full Movie - Kanta Rao, Anjali Devi, Jamuna, Rukmini, Roja Ramani, Gummadi, Geethanjali, Suchitra, Balakrishna Subscribe us ...","https://i.ytimg.com/vi/kTK4GbFXAO8/default.jpg","120","90","https://i.ytimg.com/vi/kTK4GbFXAO8/mqdefault.jpg","320","180","https://i.ytimg.com/vi/kTK4GbFXAO8/hqdefault.jpg","480","360","Manisha Arts","none",2509,0,1,2,1
"yYXPvSHtpB4","2016-10-26T08:35:53.000Z","UC_DZQrnboIncQCBB7QdMKOg","Wisla Kraków - Pogon Szczecin [1. polowa] sezon 2015/16 kolejka 21","Wisla Cracow - Pogon Szczecin [1st half] season 2015/16 matchweek 21.","https://i.ytimg.com/vi/yYXPvSHtpB4/default.jpg","120","90","https://i.ytimg.com/vi/yYXPvSHtpB4/mqdefault.jpg","320","180","https://i.ytimg.com/vi/yYXPvSHtpB4/hqdefault.jpg","480","360","EKSTRAKLASA OFFICIAL ARCHIVES","none",280,0,0,1,0
"QxrtS5A9c0o","2016-11-01T04:30:00.000Z","UCOxUhuST9-AltBvAHCQXgug","Malli Pelli Full Movie | Y V Rao, Kanchanamala, Rajalakshmamma | V Ramachandra Rao","Watch Malli Pelli Full Movie, starring Y. V. Rao, Kanchanamala, Rajalakshmamma, Balijepalli, Manikyamma among others. Directed by Y. V. Rao and produced ...","https://i.ytimg.com/vi/QxrtS5A9c0o/default.jpg","120","90","https://i.ytimg.com/vi/QxrtS5A9c0o/mqdefault.jpg","320","180","https://i.ytimg.com/vi/QxrtS5A9c0o/hqdefault.jpg","480","360","iDream HD Movies","none",1068,0,0,1,2
"AyU6pcyqTsk","2016-10-21T08:05:28.000Z","UC_DZQrnboIncQCBB7QdMKOg","Lechia Gdansk - Zaglebie Lubin [2. polowa] sezon 2015/16 kolejka 10","Lechia Gdansk - Zaglebie Lubin [2nd half] season 2015/16 matchweek 10.","https://i.ytimg.com/vi/AyU6pcyqTsk/default.jpg","120","90","https://i.ytimg.com/vi/AyU6pcyqTsk/mqdefault.jpg","320","180","https://i.ytimg.com/vi/AyU6pcyqTsk/hqdefault.jpg","480","360","EKSTRAKLASA OFFICIAL ARCHIVES","none",78,0,0,0,0
"30Ko_6smVdk","2016-10-20T07:54:37.000Z","UC_DZQrnboIncQCBB7QdMKOg","Ruch Chorzów - Podbeskidzie Bielsko-Biala [1. polowa] sezon 2015/16 kolejka 04","Ruch Chorzow - Podbeskidzie Bielsko-Biala [1st half] season 2015/16 matchweek 04.","https://i.ytimg.com/vi/30Ko_6smVdk/default.jpg","120","90","https://i.ytimg.com/vi/30Ko_6smVdk/mqdefault.jpg","320","180","https://i.ytimg.com/vi/30Ko_6smVdk/hqdefault.jpg","480","360","EKSTRAKLASA OFFICIAL ARCHIVES","none",158,0,0,0,1
"AgnOi9uSw7E","2016-10-20T07:49:34.000Z","UC_DZQrnboIncQCBB7QdMKOg","Termalica Bruk-Bet Nieciecza - Zaglebie Lubin [2. polowa] sezon 2015/16 kolejka 04","Termalica Bruk-Bet Nieciecza - Zaglebie Lubin [2nd half] season 2015/16 matchweek 04.","https://i.ytimg.com/vi/AgnOi9uSw7E/default.jpg","120","90","https://i.ytimg.com/vi/AgnOi9uSw7E/mqdefault.jpg","320","180","https://i.ytimg.com/vi/AgnOi9uSw7E/hqdefault.jpg","480","360","EKSTRAKLASA OFFICIAL ARCHIVES","none",104,0,0,1,0
"lwue4-Ztf_Q","2016-10-25T12:42:11.000Z","UC_DZQrnboIncQCBB7QdMKOg","Pogon Szczecin - Lechia Gdansk [2. polowa] sezon 2015/16 kolejka 18","Pogon Szczecin - Lechia Gdansk [2nd half] season 2015/16 matchweek 18.","https://i.ytimg.com/vi/lwue4-Ztf_Q/default.jpg","120","90","https://i.ytimg.com/vi/lwue4-Ztf_Q/mqdefault.jpg","320","180","https://i.ytimg.com/vi/lwue4-Ztf_Q/hqdefault.jpg","480","360","EKSTRAKLASA OFFICIAL ARCHIVES","none",60,0,0,0,0
"QCqJW1sqK6s","2016-02-09T13:16:25.000Z","UChrw2LBoXIAHXMspjCQOY0Q","Gowramma Nee Mogudevaramma Telugu Full Movie - K. Bhagya Raja, Pragathi, Mohana || K. Bhagya Raja","Watch Gowramma Nee Mogudevaramma Telugu Full Movie, Starring K. Bhagya Raja, Pragathi, Mohana Other Cast: Master Mohan Swaroop, Tanikella Bharani, ...","https://i.ytimg.com/vi/QCqJW1sqK6s/default.jpg","120","90","https://i.ytimg.com/vi/QCqJW1sqK6s/mqdefault.jpg","320","180","https://i.ytimg.com/vi/QCqJW1sqK6s/hqdefault.jpg","480","360","Cuppa Movies","none",4124,0,0,6,2
"B94JDCkDgds","2016-08-31T13:43:23.000Z","UCWbINiIlCbBQsohNN3NyL0Q","Sea Scapes","Submerge your soul in a cleansing of the senses.An hour of pure underwater euphoria, a synthesis of soothing music and mesmerizing ocean life. Let the vivid ...","https://i.ytimg.com/vi/B94JDCkDgds/default.jpg","120","90","https://i.ytimg.com/vi/B94JDCkDgds/mqdefault.jpg","320","180","https://i.ytimg.com/vi/B94JDCkDgds/hqdefault.jpg","480","360","Travel","none",130,0,0,2,0
"1yAf5Ms28Eg","2016-11-07T11:46:51.000Z","UC_DZQrnboIncQCBB7QdMKOg","Górnik Zabrze - Podbeskidzie Bielsko-Biala [1. polowa] sezon 2015/16 kolejka 32","Gornik Zabrze - Podbeskidzie Bielsko-Biala [1st half] season 2015/16 matchweek 32.","https://i.ytimg.com/vi/1yAf5Ms28Eg/default.jpg","120","90","https://i.ytimg.com/vi/1yAf5Ms28Eg/mqdefault.jpg","320","180","https://i.ytimg.com/vi/1yAf5Ms28Eg/hqdefault.jpg","480","360","EKSTRAKLASA OFFICIAL ARCHIVES","none",308,0,0,1,0
"cedqrxlA4a0","2016-05-18T11:45:33.000Z","UC_DZQrnboIncQCBB7QdMKOg","Górnik Leczna - Legia Warszawa [2. polowa] sezon 2014/15 kolejka 19","Gornik Leczna - Legia Warszawa [2nd half] season 2014/15 matchweek 19.","https://i.ytimg.com/vi/cedqrxlA4a0/default.jpg","120","90","https://i.ytimg.com/vi/cedqrxlA4a0/mqdefault.jpg","320","180","https://i.ytimg.com/vi/cedqrxlA4a0/hqdefault.jpg","480","360","EKSTRAKLASA OFFICIAL ARCHIVES","none",304,0,0,2,1
"L5lTMS1soMM","2016-03-03T17:29:24.000Z","UC_DZQrnboIncQCBB7QdMKOg","Pogon Szczecin - Jagiellonia Bialystok [2. polowa] sezon 2014/15 kolejka 36","Pogon Szczecin - Jagiellonia Bialystok [2nd half] season 2014/15 matchweek 36.","https://i.ytimg.com/vi/L5lTMS1soMM/default.jpg","120","90","https://i.ytimg.com/vi/L5lTMS1soMM/mqdefault.jpg","320","180","https://i.ytimg.com/vi/L5lTMS1soMM/hqdefault.jpg","480","360","EKSTRAKLASA OFFICIAL ARCHIVES","none",115,0,0,2,0
"7Bj5BtHcusY","2016-01-06T03:02:17.000Z","UChrw2LBoXIAHXMspjCQOY0Q","Kourava Samrajyam Telugu Full Movie || Chandra Mohan, Shanmukha Srinivas, Jayapriya","Watch Kourava Samrajyam Telugu Full Movie, Starring Chandra Mohan, Shanmukha Srinivas, Jayapriya, Vinod Nag, Hema Sunder, Kallu Krishna Rao, ...","https://i.ytimg.com/vi/7Bj5BtHcusY/default.jpg","120","90","https://i.ytimg.com/vi/7Bj5BtHcusY/mqdefault.jpg","320","180","https://i.ytimg.com/vi/7Bj5BtHcusY/hqdefault.jpg","480","360","Cuppa Movies","none",150,0,0,0,0
"GzPd2_HBQ3o","2016-05-10T13:23:33.000Z","UC_DZQrnboIncQCBB7QdMKOg","Zawisza Bydgoszcz - Piast Gliwice [1. polowa] sezon 2014/15 kolejka 22","Zawisza Bydgoszcz - Piast Gliwice [1st half] season 2014/15 matchweek 22.","https://i.ytimg.com/vi/GzPd2_HBQ3o/default.jpg","120","90","https://i.ytimg.com/vi/GzPd2_HBQ3o/mqdefault.jpg","320","180","https://i.ytimg.com/vi/GzPd2_HBQ3o/hqdefault.jpg","480","360","EKSTRAKLASA OFFICIAL ARCHIVES","none",207,0,0,1,0
"c7btOB3TMCc","2016-11-03T09:47:42.000Z","UC_DZQrnboIncQCBB7QdMKOg","Lechia Gdansk - Ruch Chorzów [1. polowa] sezon 2015/16 kolejka 30","Lechia Gdansk - Ruch Chorzow [1st half] season 2015/16 matchweek 30.","https://i.ytimg.com/vi/c7btOB3TMCc/default.jpg","120","90","https://i.ytimg.com/vi/c7btOB3TMCc/mqdefault.jpg","320","180","https://i.ytimg.com/vi/c7btOB3TMCc/hqdefault.jpg","480","360","EKSTRAKLASA OFFICIAL ARCHIVES","none",172,0,0,0,0
"n_RlFP4k6Ys","2016-11-02T12:58:27.000Z","UC_DZQrnboIncQCBB7QdMKOg","Wisla Kraków - Jagiellonia Bialystok [2. polowa] sezon 2015/16 kolejka 28","Wisla Cracow - Jagiellonia Bialystok [2nd half] season 2015/16 matchweek 28.","https://i.ytimg.com/vi/n_RlFP4k6Ys/default.jpg","120","90","https://i.ytimg.com/vi/n_RlFP4k6Ys/mqdefault.jpg","320","180","https://i.ytimg.com/vi/n_RlFP4k6Ys/hqdefault.jpg","480","360","EKSTRAKLASA OFFICIAL ARCHIVES","none",67,0,0,1,0
"ygIbj8H1PJg","2016-11-09T02:29:59.000Z","UCtAddMIPhKMbLED3KEQiJGw","Clip - Full Length Movie","Click here to watch great FREE Movies & TV: http://filmrise.com In a whirl of drugs, alcohol and partying, a teenage girl's life goes out of control when she starts a ...","https://i.ytimg.com/vi/ygIbj8H1PJg/default.jpg","120","90","https://i.ytimg.com/vi/ygIbj8H1PJg/mqdefault.jpg","320","180","https://i.ytimg.com/vi/ygIbj8H1PJg/hqdefault.jpg","480","360","FilmRise Features","none",7953506,0,0,20177,4430
"PUrCvDyRJbo","2016-04-29T11:50:43.000Z","UCrzyJYtjLOTfnUur8hsr7ow","Nepali Full Movie FOOL MALA - Old Nepali Classic Full Movie Phol Mala","Don't forget to like and share with everyone if you liked this video! Nepali Movie FOOL MALA Cast: Dipak Tamang, Smarika Dhakal, Prakash Giri, Anjan Giri, ...","https://i.ytimg.com/vi/PUrCvDyRJbo/default.jpg","120","90","https://i.ytimg.com/vi/PUrCvDyRJbo/mqdefault.jpg","320","180","https://i.ytimg.com/vi/PUrCvDyRJbo/hqdefault.jpg","480","360","HighlightsNepal","none",364776,0,57,549,143
"YUKiz-pp7U0","2016-10-18T20:35:50.000Z","UC6FwzVftf5AQrXYhQ5FdzRA","<U+0417><U+0430><U+0445><U+043E><U+0447><U+0443> - <U+043F><U+043E><U+043B><U+044E><U+0431><U+043B><U+044E> (1990) <U+0444><U+0438><U+043B><U+044C><U+043C>","<U+041F><U+043E> <U+043A><U+043D><U+0438><U+0433><U+0435> <U+0411><U+0440><U+044E><U+0441><U+043E><U+0432><U+0430> <U+0412><U+0430><U+043B><U+0435><U+0440><U+0438><U+044F> <U+042F><U+043A><U+043E><U+0432><U+043B><U+0435><U+0432><U+0438><U+0447><U+0430> «<U+041F><U+043E><U+0441><U+043B><U+0435><U+0434><U+043D><U+0438><U+0435> <U+0441><U+0442><U+0440><U+0430><U+043D><U+0438><U+0446><U+044B> <U+0438><U+0437> <U+0434><U+043D><U+0435><U+0432><U+043D><U+0438><U+043A><U+0430> <U+0436><U+0435><U+043D><U+0449><U+0438><U+043D><U+044B>». «<U+041F><U+043E><U+0441><U+043B><U+0435><U+0434><U+043D><U+0438><U+0435> <U+0441><U+0442><U+0440><U+0430><U+043D><U+0438><U+0446><U+044B> <U+0438><U+0437>...","https://i.ytimg.com/vi/YUKiz-pp7U0/default.jpg","120","90","https://i.ytimg.com/vi/YUKiz-pp7U0/mqdefault.jpg","320","180","https://i.ytimg.com/vi/YUKiz-pp7U0/hqdefault.jpg","480","360","RVISION: <U+0421><U+043E><U+0432><U+0435><U+0442><U+0441><U+043A><U+0438><U+0435> <U+0444><U+0438><U+043B><U+044C><U+043C><U+044B>","none",282359,0,21,499,185
"s-LK35TUBdE","2016-11-14T17:36:31.000Z","UC6FwzVftf5AQrXYhQ5FdzRA","<U+041A><U+043E><U+0448><U+043C><U+0430><U+0440> <U+0432> <U+0441><U+0443><U+043C><U+0430><U+0441><U+0448><U+0435><U+0434><U+0448><U+0435><U+043C> <U+0434><U+043E><U+043C><U+0435> (1990) <U+0444><U+0438><U+043B><U+044C><U+043C>","<U+0412> <U+043D><U+0435><U+043A><U+043E><U+043C> <U+0414><U+043E><U+043C><U+0435> <U+0442><U+0432><U+043E><U+0440><U+0447><U+0435><U+0441><U+0442><U+0432><U+0430> <U+043E><U+0442><U+0434><U+044B><U+0445><U+0430><U+044E><U+0442> <U+0441><U+0430><U+043C><U+044B><U+0435> <U+0440><U+0430><U+0437><U+043D><U+044B><U+0435> <U+043F><U+0440><U+0435><U+0434><U+0441><U+0442><U+0430><U+0432><U+0438><U+0442><U+0435><U+043B><U+0438> <U+0442><U+0432><U+043E><U+0440><U+0447><U+0435><U+0441><U+043A><U+043E><U+0439> <U+0438><U+043D><U+0442><U+0435><U+043B><U+043B><U+0438><U+0433><U+0435><U+043D><U+0446><U+0438><U+0438>: <U+043F><U+0440><U+0435><U+0441><U+0442><U+0430><U+0440><U+0435><U+043B><U+044B><U+0439>, <U+043D><U+043E>...","https://i.ytimg.com/vi/s-LK35TUBdE/default.jpg","120","90","https://i.ytimg.com/vi/s-LK35TUBdE/mqdefault.jpg","320","180","https://i.ytimg.com/vi/s-LK35TUBdE/hqdefault.jpg","480","360","RVISION: <U+0421><U+043E><U+0432><U+0435><U+0442><U+0441><U+043A><U+0438><U+0435> <U+0444><U+0438><U+043B><U+044C><U+043C><U+044B>","none",5704219,0,175,4886,2787
"uxYBA4QWrIM","2016-12-18T12:37:40.000Z","UCYHHgSLnAvhpGszOpZZwnbg","Women in the Night","As World War II nears its end, beautiful women forced to serve as sex slaves in a German officer's club, do what they can to destroy the plans of a cosmic death ...","https://i.ytimg.com/vi/uxYBA4QWrIM/default.jpg","120","90","https://i.ytimg.com/vi/uxYBA4QWrIM/mqdefault.jpg","320","180","https://i.ytimg.com/vi/uxYBA4QWrIM/hqdefault.jpg","480","360","RBM Pictures","none",106420,0,2,78,35
"qal6Hf-nNlk","2016-02-16T20:11:22.000Z","UCv60jacPSiFH49SAT6nu7hQ","When Nature Calls - Full Movie","Click here to watch great FREE Movies & TV: http://filmrise.com A family decides to leave their city life and move to the woods but, when they find out that they've ...","https://i.ytimg.com/vi/qal6Hf-nNlk/default.jpg","120","90","https://i.ytimg.com/vi/qal6Hf-nNlk/mqdefault.jpg","320","180","https://i.ytimg.com/vi/qal6Hf-nNlk/hqdefault.jpg","480","360","FilmRise Horror","none",55191,0,0,66,30
