"weight";"word";"color";"url"
"853";"Full";"";""
"560";"Movies";"";""
"260";"New";"";""
"232";"Trailer";"";""
"190";"Official";"";""
"163";"MOVIE";"";""
"162";"Action";"";""
"153";"CLIP";"";""
"127";"movie";"";""
"105";"amp";"";""
"105";"Latest";"";""
"86";"Kannada";"";""
"82";"South";"";""
"78";"Telugu";"";""
"75";"Best";"";""
"75";"MOVIES";"";""
"73";"Released";"";""
"72";"full";"";""
"71";"English";"";""
"69";"movies";"";""
"69";"Tamil";"";""
"65";"Kids";"";""
"63";"Cartoon";"";""
"60";"Top";"";""
"56";"Film";"";""
"51";"Kapoor";"";""
"50";"Bollywood";"";""
"50";"Comedy";"";""
"47";"Kumar";"";""
"47";"NEW";"";""
"46";"Scenes";"";""
"45";"TV";"";""
"44";"Blockbuster";"";""
"41";"Shetty";"";""
"40";"Breaks";"";""
"40";"FULL";"";""
"40";"Horror";"";""
"40";"Singh";"";""
"38";"Video";"";""
"36";"Disney";"";""
"36";"Indian";"";""
"36";"Punjabi";"";""
"36";"Trailers";"";""
"35";"Love";"";""
"35";"Romantic";"";""
"35";"Vijay";"";""
"33";"Part";"";""
"33";"Scene";"";""
"32";"Length";"";""
"31";"LEGO";"";""
"31";"Raj";"";""
"30";"Hollywood";"";""
"30";"Song";"";""
"29";"Episode";"";""
"29";"Nepali";"";""
"29";"Subtitles";"";""
"28";"Masks";"";""
"27";"Babu";"";""
"27";"Episodes";"";""
"27";"Teaser";"";""
"26";"Khiladi";"";""
"26";"LARVA";"";""
"26";"Malayalam";"";""
"26";"Release";"";""
"25";"Animated";"";""
"25";"Free";"";""
"24";"Clips";"";""
"24";"Hit";"";""
"23";"Movieclips";"";""
"23";"Super";"";""
"23";"Superhit";"";""
"22";"Anushka";"";""
"22";"Short";"";""
"22";"Story";"";""
"22";"Universe";"";""
"22";"WIRED";"";""
"21";"Fast";"";""
"21";"RoboCop";"";""
"21";"Teen";"";""
"20";"Clip";"";""
"20";"Collection";"";""
"20";"Music";"";""
"19";"Animation";"";""
"19";"Drama";"";""
"19";"Dutt";"";""
"19";"Preet";"";""
"19";"Upcoming";"";""
"19";"UPCOMING";"";""
"19";"Videos";"";""
"18";"Bean";"";""
"18";"Deol";"";""
"18";"new";"";""
"18";"Rao";"";""
"18";"Ultra";"";""
"17";"ACTION";"";""
"17";"Eng";"";""
"17";"kolejka";"";""
"17";"LATEST";"";""
"17";"Mistakes";"";""
"17";"polowa";"";""
"17";"sezon";"";""
"17";"Titans";"";""
"16";"Little";"";""
"16";"Man";"";""
"16";"Mithun";"";""
"16";"Prabhas";"";""
"16";"Review";"";""
"16";"Star";"";""
"15";"Cartoons";"";""
"15";"Coming";"";""
"15";"Funny";"";""
"15";"Holiday";"";""
"15";"Ram";"";""
"15";"Salman";"";""
"14";"AFRO";"";""
"14";"Aggarwal";"";""
"14";"Allu";"";""
"14";"Back";"";""
"14";"BONGO";"";""
"14";"Classic";"";""
"14";"Critic";"";""
"14";"Epic";"";""
"14";"Facts";"";""
"14";"Films";"";""
"14";"Home";"";""
"14";"Jackie";"";""
"14";"Never";"";""
"14";"Nostalgia";"";""
"14";"Real";"";""
"14";"Shroff";"";""
"14";"SML";"";""
"14";"Thapa";"";""
"14";"Thriller";"";""
"14";"TRAILERS";"";""
"13";"BEST";"";""
"13";"Bhojpuri";"";""
"13";"Christmas";"";""
"13";"Devgan";"";""
"13";"FIGHTS";"";""
"13";"Final";"";""
"13";"Hai";"";""
"13";"Hero";"";""
"13";"Made";"";""
"13";"Marvel";"";""
"13";"Mini";"";""
"13";"Prakash";"";""
"13";"Rebel";"";""
"13";"Shruti";"";""
"13";"Songs";"";""
"13";"Superhero";"";""
"13";"Theater";"";""
"13";"Time";"";""
"13";"TOP";"";""
"13";"Watch";"";""
"13";"Western";"";""
"13";"World";"";""
"12";"Adventure";"";""
"12";"Amitabh";"";""
"12";"Bachchan";"";""
"12";"dubbed";"";""
"12";"Five";"";""
"12";"FREE";"";""
"12";"Govinda";"";""
"12";"John";"";""
"12";"Journey";"";""
"12";"Kher";"";""
"12";"Larva";"";""
"12";"latest";"";""
"12";"Mohan";"";""
"12";"Motu";"";""
"12";"Nani";"";""
"12";"Patlu";"";""
"12";"PERFECT";"";""
"12";"Ravi";"";""
"12";"Show";"";""
"12";"SpongeBob";"";""
"12";"War";"";""
"12";"Will";"";""
"11";"Anupam";"";""
"11";"Club";"";""
"11";"Driver";"";""
"11";"Fight";"";""
"11";"Furious";"";""
"11";"Hot";"";""
"11";"Keerthy";"";""
"11";"Mahesh";"";""
"11";"Nana";"";""
"11";"Netflix";"";""
"11";"Patekar";"";""
"11";"Samantha";"";""
"11";"Sanjay";"";""
"11";"Shilpa";"";""
"10";"Actors";"";""
"10";"Aditya";"";""
"10";"Center";"";""
"10";"Day";"";""
"10";"Dharmendra";"";""
"10";"Earth";"";""
"10";"episodes";"";""
"10";"Every";"";""
"10";"Expert";"";""
"10";"Family";"";""
"10";"Friends";"";""
"10";"Guide";"";""
"10";"Mohanlal";"";""
"10";"Night";"";""
"10";"PART";"";""
"10";"Princess";"";""
"10";"Pro";"";""
"10";"Returns";"";""
"10";"Scary";"";""
"10";"Theatre";"";""
"10";"Wild";"";""
"10";"Wrong";"";""
"9";"Children";"";""
"9";"David";"";""
"9";"Dixit";"";""
"9";"Download";"";""
"9";"First";"";""
"9";"Game";"";""
"9";"Life";"";""
"9";"Live";"";""
"9";"MAN";"";""
"9";"Online";"";""
"9";"Playing";"";""
"9";"Yeh";"";""
"8";"15";"";""
"8";"16";"";""
"8";"Ali";"";""
"8";"Attack";"";""
"8";"BILLIONAIRE";"";""
"8";"BOX";"";""
"8";"Channel";"";""
"8";"Characters";"";""
"8";"Cinemas";"";""
"8";"Dev";"";""
"8";"Devi";"";""
"8";"Dhillon";"";""
"8";"Dil";"";""
"8";"Dimple";"";""
"8";"Driving";"";""
"8";"FAMILY";"";""
"8";"Fantasy";"";""
"8";"Fire";"";""
"8";"Fireman";"";""
"8";"FORT";"";""
"8";"GACHA";"";""
"8";"Gaming";"";""
"8";"Ghilli";"";""
"8";"Guitar";"";""
"8";"Haq";"";""
"8";"Harman";"";""
"8";"Heart";"";""
"8";"Hema";"";""
"8";"Honest";"";""
"8";"Hour";"";""
"8";"Insider";"";""
"8";"Interview";"";""
"8";"Jack";"";""
"8";"Kader";"";""
"8";"Kapadia";"";""
"8";"Kasthuri";"";""
"8";"Keertimaan";"";""
"8";"LIFE";"";""
"8";"LIVE";"";""
"8";"Lover";"";""
"8";"Madhuri";"";""
"8";"MAGNETIC";"";""
"8";"Making";"";""
"8";"Malini";"";""
"8";"Menen";"";""
"8";"Moments";"";""
"8";"Nithya";"";""
"8";"NTR";"";""
"8";"OFFICIAL";"";""
"8";"Old";"";""
"8";"Pakistani";"";""
"8";"PLAY";"";""
"8";"Pony";"";""
"8";"Pothineni";"";""
"8";"Race";"";""
"8";"Rajesh";"";""
"8";"Riddhi";"";""
"8";"Romance";"";""
"8";"Sai";"";""
"8";"Sci-Fi";"";""
"8";"SISTER";"";""
"8";"Stories";"";""
"8";"Sudeep";"";""
"8";"Suriya";"";""
"8";"Tom";"";""
"8";"U+0001F4B0";"";""
"8";"U+0001F4E6";"";""
"8";"U+0001F525";"";""
"8";"U+041C";"";""
"8";"U+0631";"";""
"8";"U+0645";"";""
"8";"U+06CC";"";""
"8";"U+0902";"";""
"8";"U+0921";"";""
"8";"U+092C";"";""
"8";"U+092F";"";""
"8";"U+0941";"";""
"8";"U+0942";"";""
"8";"U+09AE";"";""
"8";"U+09B0";"";""
"8";"U+0C3E";"";""
"8";"U+0C95";"";""
"8";"U+0CA6";"";""
"8";"U+0CB2";"";""
"8";"U+0D3F";"";""
"8";"U+5C71";"";""
"8";"U+79CB";"";""
"8";"U+8272";"";""
"8";"U+9EC4";"";""
"8";"ver";"";""
"8";"Victory";"";""
"8";"Vikram";"";""
"8";"Want";"";""
"8";"Wars";"";""
"8";"Yash";"";""
"8";"YouTube";"";""
"7";"17";"";""
"7";"18";"";""
"7";"19";"";""
"7";"20";"";""
"7";"Arun";"";""
"7";"Babbar";"";""
"7";"Bobby";"";""
"7";"Bride";"";""
"7";"Challenge";"";""
"7";"Chris";"";""
"7";"Cinema";"";""
"7";"City";"";""
"7";"Compilation";"";""
"7";"Crime";"";""
"7";"Die";"";""
"7";"Dukes";"";""
"7";"Explained";"";""
"7";"Fun";"";""
"7";"Galrani";"";""
"7";"Games";"";""
"7";"Great";"";""
"7";"Hazzard";"";""
"7";"HBO";"";""
"7";"HINDI";"";""
"7";"Jai";"";""
"7";"Joe";"";""
"7";"Just";"";""
"7";"Kong";"";""
"7";"Last";"";""
"7";"Lawrence";"";""
"7";"Legend";"";""
"7";"Make";"";""
"7";"Manoj";"";""
"7";"Maverick";"";""
"7";"Mehta";"";""
"7";"Mishra";"";""
"7";"Missed";"";""
"7";"Network";"";""
"7";"Nikki";"";""
"7";"Now";"";""
"7";"One";"";""
"7";"Piano";"";""
"7";"quot;The";"";""
"7";"REAL";"";""
"7";"release";"";""
"7";"Rescue";"";""
"7";"Scooby-Doo";"";""
"7";"Season";"";""
"7";"Secret";"";""
"7";"STORY";"";""
"7";"TANZANIA";"";""
"7";"Tayo";"";""
"7";"Theaters";"";""
"7";"TRAILER";"";""
"7";"U+091C";"";""
"7";"U+091F";"";""
"7";"U+0936";"";""
"7";"U+0C97";"";""
"7";"U+0CC7";"";""
"7";"Vinod";"";""
"6";"2/10";"";""
"6";"21";"";""
"6";"22";"";""
"6";"23";"";""
"6";"Alone";"";""
"6";"Anand";"";""
"6";"Angry";"";""
"6";"ANIMATION";"";""
"6";"Antony";"";""
"6";"Arnold";"";""
"6";"Ashwini";"";""
"6";"Baby";"";""
"6";"Begin";"";""
"6";"Bhave";"";""
"6";"Blood";"";""
"6";"Bloopers";"";""
"6";"Book";"";""
"6";"Carrie";"";""
"6";"Catherine";"";""
"6";"Chaitanya";"";""
"6";"Chandra";"";""
"6";"Charan";"";""
"6";"Christian";"";""
"6";"Daniel";"";""
"6";"Despicable";"";""
"6";"Documentary";"";""
"6";"download";"";""
"6";"Drawn";"";""
"6";"DVD";"";""
"6";"Ever";"";""
"6";"Everything";"";""
"6";"Fair";"";""
"6";"FEAT";"";""
"6";"FILAMU";"";""
"6";"Gaurav";"";""
"6";"Godzilla";"";""
"6";"Gumball";"";""
"6";"GUY";"";""
"6";"Harris";"";""
"6";"Harry";"";""
"6";"Highest";"";""
"6";"Historical";"";""
"6";"hit";"";""
"6";"Hum";"";""
"6";"I&amp;amp;amp;#39;m";"";""
"6";"Jayaraj";"";""
"6";"Jeffy";"";""
"6";"Joshi";"";""
"6";"Kalyan";"";""
"6";"Karki";"";""
"6";"KIBONGO";"";""
"6";"King";"";""
"6";"Kiran";"";""
"6";"Knives";"";""
"6";"Krishnan";"";""
"6";"Lee";"";""
"6";"Lego";"";""
"6";"Like";"";""
"6";"LOVE";"";""
"6";"Manchu";"";""
"6";"Marsden";"";""
"6";"Naaz";"";""
"6";"NINJAGO";"";""
"6";"Oddbods";"";""
"6";"Office";"";""
"6";"Pawan";"";""
"6";"Pee-wee&amp;amp;amp;#39;s";"";""
"6";"People";"";""
"6";"Pictures";"";""
"6";"Pixar";"";""
"6";"Poonam";"";""
"6";"porn";"";""
"6";"Potter";"";""
"6";"Prada";"";""
"6";"Pradeep";"";""
"6";"Quality";"";""
"6";"Rai";"";""
"6";"Ramya";"";""
"6";"Rani";"";""
"6";"Recap";"";""
"6";"References";"";""
"6";"Reynolds";"";""
"6";"Rip";"";""
"6";"Rishi";"";""
"6";"Russian";"";""
"6";"Ryan";"";""
"6";"School";"";""
"6";"Sci";"";""
"6";"Segment";"";""
"6";"Series";"";""
"6";"Sex";"";""
"6";"Shashi";"";""
"6";"short";"";""
"6";"Shraddha";"";""
"6";"Soundtrack";"";""
"6";"Sponge";"";""
"6";"SquarePants";"";""
"6";"Sreenivas";"";""
"6";"Sultan";"";""
"6";"SWAHILI";"";""
"6";"Talking";"";""
"6";"Tiger";"";""
"6";"Times";"";""
"6";"Tipu";"";""
"6";"True";"";""
"6";"Tusshar";"";""
"6";"U+03BF";"";""
"6";"U+0431";"";""
"6";"U+0447";"";""
"6";"U+0448";"";""
"6";"U+0641";"";""
"6";"U+0647";"";""
"6";"U+0916";"";""
"6";"U+0935";"";""
"6";"U+09B2";"";""
"6";"U+0C30";"";""
"6";"U+0C32";"";""
"6";"U+0CA3";"";""
"6";"U+0D1F";"";""
"6";"U+0D2A";"";""
"6";"U+17D2";"";""
"6";"Verma";"";""
"6";"WATCH";"";""
"6";"Water";"";""
"6";"West";"";""
"6";"Worst";"";""
"5";"24";"";""
"5";"25";"";""
"5";"26";"";""
"5";"27";"";""
"5";"28";"";""
"5";"29";"";""
"5";"Aadhi";"";""
"5";"Aadi";"";""
"5";"Accent";"";""
"5";"Actor";"";""
"5";"Adult";"";""
"5";"AFRICAN";"";""
"5";"Aftab";"";""
"5";"Aishwarya";"";""
"5";"Amala";"";""
"5";"Anupama";"";""
"5";"Arvind";"";""
"5";"Aziz";"";""
"5";"Batman";"";""
"5";"Bhadoria";"";""
"5";"Box";"";""
"5";"Dada";"";""
"5";"daughter";"";""
"5";"Days";"";""
"5";"Dinosaur";"";""
"5";"Don&amp;amp;amp;#39;t";"";""
"5";"Evans";"";""
"5";"Fairy";"";""
"5";"family";"";""
"5";"Far";"";""
"5";"FILM";"";""
"5";"FOX";"";""
"5";"Gill";"";""
"5";"Grossing";"";""
"5";"Grudge";"";""
"5";"Gullu";"";""
"5";"Gunda";"";""
"5";"Hair";"";""
"5";"Halloween";"";""
"5";"Haryanvi";"";""
"5";"Hours";"";""
"5";"Hunter";"";""
"5";"Jagapathi";"";""
"5";"January";"";""
"5";"Jayam";"";""
"5";"Jeetendra";"";""
"5";"Jennifer";"";""
"5";"Johnny";"";""
"5";"Juhi";"";""
"5";"July";"";""
"5";"Justice";"";""
"5";"Kevin";"";""
"5";"KIDS";"";""
"5";"Know";"";""
"5";"Kodi";"";""
"5";"Kulkarni";"";""
"5";"Lakshmi";"";""
"5";"Let";"";""
"5";"Lever";"";""
"5";"Lyric";"";""
"5";"Maari";"";""
"5";"Magic";"";""
"5";"Marathi";"";""
"5";"Margot";"";""
"5";"Moon";"";""
"5";"MWENDA";"";""
"5";"Mystery";"";""
"5";"Nandamuri";"";""
"5";"November";"";""
"5";"Oberoi";"";""
"5";"official";"";""
"5";"Pallavi";"";""
"5";"Pandit";"";""
"5";"Paramount";"";""
"5";"Paresh";"";""
"5";"Parody";"";""
"5";"Paul";"";""
"5";"Pooja";"";""
"5";"Poster";"";""
"5";"Purge";"";""
"5";"Raashi";"";""
"5";"Radhika";"";""
"5";"Raghava";"";""
"5";"Raju";"";""
"5";"Rambo";"";""
"5";"Rawal";"";""
"5";"RELEASED";"";""
"5";"Robbie";"";""
"5";"Saritha";"";""
"5";"SDCC";"";""
"5";"SEASON";"";""
"5";"Sen";"";""
"5";"Shahid";"";""
"5";"Shakti";"";""
"5";"Shivdasani";"";""
"5";"Sonarika";"";""
"5";"SPONGEBOB";"";""
"5";"Srihari";"";""
"5";"Stage";"";""
"5";"Stop";"";""
"5";"Suraj";"";""
"5";"Tej";"";""
"5";"Thomas";"";""
"5";"Totally";"";""
"5";"Tresa";"";""
"5";"U+0411";"";""
"5";"U+0414";"";""
"5";"U+0439";"";""
"5";"U+044B";"";""
"5";"U+044E";"";""
"5";"U+0906";"";""
"5";"U+0C15";"";""
"5";"U+0C2A";"";""
"5";"U+0C3F";"";""
"5";"U+0C41";"";""
"5";"U+0C8E";"";""
"5";"U+0C96";"";""
"5";"U+0CA1";"";""
"5";"U+0CAF";"";""
"5";"U+FE0E";"";""
"5";"Upload";"";""
"5";"Vanity";"";""
"5";"Venkatesh";"";""
"5";"What&amp;amp;amp;#39;s";"";""
"5";"Winx";"";""
"5";"You&amp;amp;amp;#39;re";"";""
"4";"2017)HD";"";""
"4";"30";"";""
"4";"31";"";""
"4";"32";"";""
"4";"39;The";"";""
"4";"8/11";"";""
"4";"Aagadu";"";""
"4";"Abridged";"";""
"4";"AKI";"";""
"4";"Amazing";"";""
"4";"American";"";""
"4";"Amrish";"";""
"4";"ANGRY";"";""
"4";"Anjali";"";""
"4";"Anutap";"";""
"4";"Around";"";""
"4";"Ashwath";"";""
"4";"Asrani";"";""
"4";"AVENGERS";"";""
"4";"Awards";"";""
"4";"Away";"";""
"4";"Ayesha";"";""
"4";"BAAHUBALI";"";""
"4";"Babish";"";""
"4";"BAD";"";""
"4";"Band";"";""
"4";"Battle";"";""
"4";"Bean&amp;amp;amp;#39;s";"";""
"4";"Behind";"";""
"4";"Believe";"";""
"4";"Ben-Hur";"";""
"4";"Bhai";"";""
"4";"Bhumi";"";""
"4";"Bible";"";""
"4";"Bin";"";""
"4";"Binging";"";""
"4";"Bipasha";"";""
"4";"Birds";"";""
"4";"BIRDS";"";""
"4";"Black";"";""
"4";"Bombshell";"";""
"4";"Bow";"";""
"4";"Break";"";""
"4";"Breakdown";"";""
"4";"Breaking";"";""
"4";"Brothers";"";""
"4";"Buyers";"";""
"4";"Camino";"";""
"4";"Carryminati";"";""
"4";"Cast";"";""
"4";"Catboy";"";""
"4";"CHALLENGE";"";""
"4";"Charlize";"";""
"4";"Charmila";"";""
"4";"CHI";"";""
"4";"Chitta";"";""
"4";"Choose";"";""
"4";"Chorzów";"";""
"4";"Cleef";"";""
"4";"comedy";"";""
"4";"Comic";"";""
"4";"Con";"";""
"4";"CONCLUSION";"";""
"4";"CONFIRMED";"";""
"4";"Craig";"";""
"4";"Dallas";"";""
"4";"Danny";"";""
"4";"Date";"";""
"4";"Deeksha";"";""
"4";"Deep";"";""
"4";"demand";"";""
"4";"DESPICABLE";"";""
"4";"Devasthanam";"";""
"4";"Dirty";"";""
"4";"Donald";"";""
"4";"DUCK";"";""
"4";"E23";"";""
"4";"Eagle";"";""
"4";"Emoji";"";""
"4";"End";"";""
"4";"Endgame";"";""
"4";"Entertainment";"";""
"4";"Eradu";"";""
"4";"Erotic";"";""
"4";"EVER";"";""
"4";"Evolution";"";""
"4";"Farah";"";""
"4";"Farha";"";""
"4";"Favourite";"";""
"4";"February";"";""
"4";"fight";"";""
"4";"film";"";""
"4";"Fusion";"";""
"4";"Ganga";"";""
"4";"Geetha";"";""
"4";"Giant";"";""
"4";"girls";"";""
"4";"Golmaal";"";""
"4";"Got";"";""
"4";"Govind";"";""
"4";"Harish";"";""
"4";"Hassan";"";""
"4";"Haunting";"";""
"4";"Heist";"";""
"4";"Hey";"";""
"4";"Hits";"";""
"4";"hollywood";"";""
"4";"hot";"";""
"4";"Hrithik";"";""
"4";"Hyderabadi";"";""
"4";"Hyper";"";""
"4";"Ileana";"";""
"4";"Incredible";"";""
"4";"Indie";"";""
"4";"Inspiring";"";""
"4";"Instrumental";"";""
"4";"International";"";""
"4";"Irani";"";""
"4";"Jackson";"";""
"4";"Jaiswal";"";""
"4";"Jamie";"";""
"4";"Jay";"";""
"4";"Jedi";"";""
"4";"Jersey";"";""
"4";"Jungle";"";""
"4";"K.Vishwanath";"";""
"4";"Kabir";"";""
"4";"Kadhal";"";""
"4";"Kaif";"";""
"4";"Kaiketsu";"";""
"4";"Kajol";"";""
"4";"Kambolam";"";""
"4";"Kapil";"";""
"4";"Kartik";"";""
"4";"Katrina";"";""
"4";"Khairun";"";""
"4";"Kidman";"";""
"4";"Kidz";"";""
"4";"Kishan";"";""
"4";"Kitne";"";""
"4";"Kothari";"";""
"4";"Kristen";"";""
"4";"Kya";"";""
"4";"Lal";"";""
"4";"LEGEND";"";""
"4";"Leprechaun";"";""
"4";"Liam";"";""
"4";"LIDAI";"";""
"4";"Lived";"";""
"4";"Lucifer";"";""
"4";"M/V";"";""
"4";"made";"";""
"4";"MADEBE";"";""
"4";"Mahal";"";""
"4";"Mamta";"";""
"4";"masks";"";""
"4";"MATCH";"";""
"4";"Megha";"";""
"4";"Mental";"";""
"4";"Meri";"";""
"4";"Military";"";""
"4";"Mini-Movie";"";""
"4";"Minions";"";""
"4";"minutes";"";""
"4";"Monsters";"";""
"4";"Motion";"";""
"4";"Mousumi";"";""
"4";"MTV";"";""
"4";"Mukesh";"";""
"4";"Mukherjee";"";""
"4";"MZEE";"";""
"4";"Nag";"";""
"4";"Naseeruddin";"";""
"4";"Nassar";"";""
"4";"Nawazuddin";"";""
"4";"Neelam";"";""
"4";"Neha";"";""
"4";"Nenu";"";""
"4";"Nicole";"";""
"4";"night";"";""
"4";"Ninjago";"";""
"4";"Nizhalgal";"";""
"4";"Nutan";"";""
"4";"Odia";"";""
"4";"Opening";"";""
"4";"Original";"";""
"4";"Outtakes";"";""
"4";"Palace";"";""
"4";"Pandey";"";""
"4";"Park";"";""
"4";"Parvathy";"";""
"4";"Pati";"";""
"4";"Patni";"";""
"4";"PAWPAW";"";""
"4";"Perfect";"";""
"4";"Play";"";""
"4";"POCOYO";"";""
"4";"Pogon";"";""
"4";"Police";"";""
"4";"Polly";"";""
"4";"Popcorn";"";""
"4";"Powerful";"";""
"4";"Pragya";"";""
"4";"Preview";"";""
"4";"Prithviraj";"";""
"4";"Puri";"";""
"4";"Pyaar";"";""
"4";"Qarib";"";""
"4";"Quinn";"";""
"4";"quot";"";""
"4";"Raaj";"";""
"4";"Rabba";"";""
"4";"Raghwani";"";""
"4";"Rain";"";""
"4";"Rajkumar";"";""
"4";"Rakhee";"";""
"4";"Rampal";"";""
"4";"Ranga";"";""
"4";"Raveena";"";""
"4";"Ravichandran";"";""
"4";"Recreated";"";""
"4";"Red";"";""
"4";"Rekhegalu";"";""
"4";"Reviews";"";""
"4";"Robin";"";""
"4";"Rooster";"";""
"4";"Roshan";"";""
"4";"Ruch";"";""
"4";"Ruined";"";""
"4";"RUN";"";""
"4";"Run";"";""
"4";"S.P.Balasubrahmanyam";"";""
"4";"Saheba";"";""
"4";"Salaam";"";""
"4";"Sanusha";"";""
"4";"Satyamurthy";"";""
"4";"scenes";"";""
"4";"school";"";""
"4";"Schwarzenegger";"";""
"4";"Second";"";""
"4";"See";"";""
"4";"Seen";"";""
"4";"Sequels";"";""
"4";"Seth";"";""
"4";"Sethupathi";"";""
"4";"Sets";"";""
"4";"sex";"";""
"4";"sexy";"";""
"4";"Sexy";"";""
"4";"Shankar";"";""
"4";"Sharad";"";""
"4";"Shaun";"";""
"4";"Sheep";"";""
"4";"SHORT";"";""
"4";"SHOW";"";""
"4";"Sia";"";""
"4";"Siddiqui";"";""
"4";"singh";"";""
"4";"Smith";"";""
"4";"SN&amp;amp;amp;#39;s";"";""
"4";"Son";"";""
"4";"Soon";"";""
"4";"Soundtracks";"";""
"4";"Spaghetti";"";""
"4";"SPECIAL";"";""
"4";"Special";"";""
"4";"Spoils";"";""
"4";"Sports";"";""
"4";"Srikanth";"";""
"4";"Stallone";"";""
"4";"Still";"";""
"4";"STIMA";"";""
"4";"Sudheer";"";""
"4";"Summer";"";""
"4";"Surya";"";""
"4";"SWAHILIWOOD";"";""
"4";"Swamy";"";""
"4";"Sylvester";"";""
"4";"Szczecin";"";""
"4";"Tabar";"";""
"4";"tagalog";"";""
"4";"Takia";"";""
"4";"Tamannaah";"";""
"4";"Tamannah";"";""
"4";"Tandon";"";""
"4";"Tapp";"";""
"4";"Teeth";"";""
"4";"Terminator";"";""
"4";"Theme";"";""
"4";"Theory";"";""
"4";"Theron";"";""
"4";"Thought";"";""
"4";"Threat";"";""
"4";"Tony";"";""
"4";"Tribeca";"";""
"4";"U+0001F48B";"";""
"4";"U+0001F603";"";""
"4";"U+03BD";"";""
"4";"U+03C2";"";""
"4";"U+0433";"";""
"4";"U+043F";"";""
"4";"U+0445";"";""
"4";"U+0628";"";""
"4";"U+0643";"";""
"4";"U+0646";"";""
"4";"U+0927";"";""
"4";"U+0987";"";""
"4";"U+09C1";"";""
"4";"U+09C7";"";""
"4";"U+09CB";"";""
"4";"U+0C02";"";""
"4";"U+0C35";"";""
"4";"U+0C82";"";""
"4";"U+0CA4";"";""
"4";"U+0CA8";"";""
"4";"U+0CAC";"";""
"4";"U+0CB3";"";""
"4";"U+0D02";"";""
"4";"U+0D1E";"";""
"4";"U+0D28";"";""
"4";"U+0D2E";"";""
"4";"U+0D33";"";""
"4";"U+0D46";"";""
"4";"U+0D4B";"";""
"4";"U+0E2D";"";""
"4";"U+1005";"";""
"4";"U+1021";"";""
"4";"U+1039";"";""
"4";"U+1D30";"";""
"4";"U+1D34";"";""
"4";"U+2665";"";""
"4";"U+308C";"";""
"4";"U+30AB";"";""
"4";"U+30AF";"";""
"4";"U+30E9";"";""
"4";"U+6B66";"";""
"4";"U+BE44";"";""
"4";"U+D22C";"";""
"4";"Uncensored";"";""
"4";"Vaani";"";""
"4";"Van";"";""
"4";"Vivek";"";""
"4";"Web";"";""
"4";"Welcome";"";""
"4";"Wiig";"";""
"4";"Wish";"";""
"4";"Witches";"";""
"4";"Wow";"";""
"4";"xxx";"";""
"4";"Yadav";"";""
"4";"Year";"";""
"4";"Years";"";""
"4";"Zindagi";"";""
"4";"Zorori";"";""
"3";"11/11";"";""
"3";"3/11";"";""
"3";"33";"";""
"3";"34";"";""
"3";"35";"";""
"3";"36";"";""
"3";"37";"";""
"3";"38";"";""
"3";"4/11";"";""
"3";"9/11";"";""
"3";"Abandoned";"";""
"3";"Adah";"";""
"3";"Akash";"";""
"3";"Akhil";"";""
"3";"Alice";"";""
"3";"Alka";"";""
"3";"Amy";"";""
"3";"Ananthnag";"";""
"3";"Angelo";"";""
"3";"animated";"";""
"3";"Anime";"";""
"3";"Art";"";""
"3";"Arya";"";""
"3";"Attacks";"";""
"3";"Australia";"";""
"3";"AVATAR";"";""
"3";"Avengers";"";""
"3";"Bala";"";""
"3";"Bank";"";""
"3";"Based";"";""
"3";"Basnet";"";""
"3";"Bhairava";"";""
"3";"Bhatia";"";""
"3";"Bialystok";"";""
"3";"Billa";"";""
"3";"BoBoiBoy";"";""
"3";"Bohemian";"";""
"3";"Bombay";"";""
"3";"Brain";"";""
"3";"Build";"";""
"3";"Butler";"";""
"3";"Can";"";""
"3";"Captain";"";""
"3";"Car";"";""
"3";"Carey";"";""
"3";"CarryMinati";"";""
"3";"cartoon";"";""
"3";"cartoons";"";""
"3";"Cavaliers";"";""
"3";"Chand";"";""
"3";"Chapter";"";""
"3";"Chauhan";"";""
"3";"Chawla";"";""
"3";"Check";"";""
"3";"Chunky";"";""
"3";"COMEDY";"";""
"3";"Concept";"";""
"3";"Daisy";"";""
"3";"Dance";"";""
"3";"Dark";"";""
"3";"Death";"";""
"3";"Defeat";"";""
"3";"Details";"";""
"3";"Doctor";"";""
"3";"DUBBED";"";""
"3";"Duck";"";""
"3";"Dushman";"";""
"3";"Duvvada";"";""
"3";"Egg";"";""
"3";"Emma";"";""
"3";"Event";"";""
"3";"Exclusive";"";""
"3";"Extended";"";""
"3";"Famous";"";""
"3";"Favorite";"";""
"3";"Finals";"";""
"3";"Focus";"";""
"3";"FOOD";"";""
"3";"FORCE";"";""
"3";"Friend";"";""
"3";"FROZEN";"";""
"3";"Future";"";""
"3";"GAME";"";""
"3";"Gary";"";""
"3";"Gdansk";"";""
"3";"Gets";"";""
"3";"Ghost";"";""
"3";"Girl";"";""
"3";"GIRL";"";""
"3";"Girls";"";""
"3";"Gliwice";"";""
"3";"Good";"";""
"3";"Gopichand";"";""
"3";"Gumby";"";""
"3";"Gurram";"";""
"3";"Gurung";"";""
"3";"Hacker";"";""
"3";"HACKS";"";""
"3";"Hacks";"";""
"3";"Half-Blood";"";""
"3";"Hallmark";"";""
"3";"Hamal";"";""
"3";"Hate";"";""
"3";"Hedgehog";"";""
"3";"Hegde";"";""
"3";"Hellboy";"";""
"3";"Henry";"";""
"3";"High";"";""
"3";"Hong";"";""
"3";"HORROR";"";""
"3";"Hunting";"";""
"3";"Ilayaraja";"";""
"3";"It&amp;amp;amp;#39;s";"";""
"3";"Jagannadham";"";""
"3";"Jagiellonia";"";""
"3";"Janaki";"";""
"3";"Jones";"";""
"3";"Kalaiyarasan";"";""
"3";"Kanoon";"";""
"3";"Karishma";"";""
"3";"Karthi";"";""
"3";"Khesari";"";""
"3";"Kick-Ass";"";""
"3";"kids";"";""
"3";"Kill";"";""
"3";"KING";"";""
"3";"Kiss";"";""
"3";"Kraków";"";""
"3";"Krishnam";"";""
"3";"Laila";"";""
"3";"League";"";""
"3";"Lechia";"";""
"3";"Lesbian";"";""
"3";"LISA";"";""
"3";"Local";"";""
"3";"London";"";""
"3";"Look";"";""
"3";"love";"";""
"3";"Lubin";"";""
"3";"Maa";"";""
"3";"Magadheera";"";""
"3";"MAGIC";"";""
"3";"Makes";"";""
"3";"Mammootty";"";""
"3";"Meg";"";""
"3";"Michael";"";""
"3";"Mishti";"";""
"3";"Miss";"";""
"3";"Mohabbat";"";""
"3";"Moore";"";""
"3";"Mulligan";"";""
"3";"Naan";"";""
"3";"Namitha";"";""
"3";"Naser";"";""
"3";"Nayak";"";""
"3";"Nayantara";"";""
"3";"Nayanthara";"";""
"3";"NBA";"";""
"3";"Nee";"";""
"3";"Neeson";"";""
"3";"Nick";"";""
"3";"Nithiin";"";""
"3";"Nithin";"";""
"3";"Nitin";"";""
"3";"Nivetha";"";""
"3";"O&amp;amp;amp;#39;Hara";"";""
"3";"October";"";""
"3";"ONE";"";""
"3";"Oru";"";""
"3";"Panel";"";""
"3";"Pannu";"";""
"3";"Piast";"";""
"3";"Picture";"";""
"3";"Pokharel";"";""
"3";"Pokémon";"";""
"3";"Popular";"";""
"3";"Prabhu";"";""
"3";"Prasad";"";""
"3";"Prasanna";"";""
"3";"Prema";"";""
"3";"Presents";"";""
"3";"Prince";"";""
"3";"PUBG";"";""
"3";"Puneeth";"";""
"3";"Quotes";"";""
"3";"R.I.P.D";"";""
"3";"Radha";"";""
"3";"Rahul";"";""
"3";"Rajendra";"";""
"3";"Ranjit";"";""
"3";"Ranked";"";""
"3";"Rascal";"";""
"3";"RED";"";""
"3";"Rhapsody";"";""
"3";"Rich";"";""
"3";"Romeo";"";""
"3";"Roy";"";""
"3";"RULES";"";""
"3";"Saeed";"";""
"3";"Saran";"";""
"3";"Sarathkumar";"";""
"3";"Sarja";"";""
"3";"Sarrainodu";"";""
"3";"Saturday";"";""
"3";"Secrets";"";""
"3";"September";"";""
"3";"Shahrukh";"";""
"3";"Shape";"";""
"3";"Shark";"";""
"3";"SHAUN";"";""
"3";"SHEEP";"";""
"3";"Shirodkar";"";""
"3";"Shows";"";""
"3";"Simmons";"";""
"3";"SNL";"";""
"3";"Soldier";"";""
"3";"Sonic";"";""
"3";"Sonu";"";""
"3";"Space";"";""
"3";"Speed";"";""
"3";"SPIDER-MAN";"";""
"3";"Srinivas";"";""
"3";"Srinivasa";"";""
"3";"Starring";"";""
"3";"Stephen";"";""
"3";"Stepney";"";""
"3";"Storm";"";""
"3";"Subs";"";""
"3";"Subtitle";"";""
"3";"Suman";"";""
"3";"Sundeep";"";""
"3";"Survive";"";""
"3";"Taapsee";"";""
"3";"Tabu";"";""
"3";"Thadaka";"";""
"3";"theaters";"";""
"3";"Theatrical";"";""
"3";"Think";"";""
"3";"Tik";"";""
"3";"Together";"";""
"3";"Toys";"";""
"3";"trailer";"";""
"3";"Twinkle";"";""
"3";"Two";"";""
"3";"Tyler";"";""
"3";"U+0422";"";""
"3";"U+0437";"";""
"3";"U+0925";"";""
"3";"U+092D";"";""
"3";"U+093C";"";""
"3";"U+0948";"";""
"3";"U+09CD";"";""
"3";"U+0C1F";"";""
"3";"U+0C21";"";""
"3";"U+0C38";"";""
"3";"U+0C4B";"";""
"3";"U+0CB5";"";""
"3";"U+0CB8";"";""
"3";"U+1780";"";""
"3";"U+1785";"";""
"3";"U+1799";"";""
"3";"U+179A";"";""
"3";"U+179B";"";""
"3";"U+17B6";"";""
"3";"U+17B7";"";""
"3";"U+2764";"";""
"3";"U+6620";"";""
"3";"Unboxing";"";""
"3";"Underwater";"";""
"3";"Use";"";""
"3";"Vanamagan";"";""
"3";"Varalaxmi";"";""
"3";"Varun";"";""
"3";"Vault";"";""
"3";"VEENDUM";"";""
"3";"VIDEO";"";""
"3";"Vishal";"";""
"3";"Vishnu";"";""
"3";"Warriors";"";""
"3";"Watan";"";""
"3";"watch";"";""
"3";"Weirdest";"";""
"3";"whole";"";""
"3";"Wisla";"";""
"3";"Woman";"";""
"3";"Women";"";""
"3";"Xbox";"";""
"3";"Yoruba";"";""
"3";"Zaglebie";"";""
"2";"1/11";"";""
"2";"1999-2020";"";""
"2";"2/11";"";""
"2";"2019II";"";""
"2";"39";"";""
"2";"39;80s";"";""
"2";"39;Asmita";"";""
"2";"39;Frozen";"";""
"2";"39;Frozen&amp;amp;amp;#39";"";""
"2";"4/9";"";""
"2";"40";"";""
"2";"41";"";""
"2";"42";"";""
"2";"43";"";""
"2";"44";"";""
"2";"45";"";""
"2";"46";"";""
"2";"47";"";""
"2";"4DX";"";""
"2";"7/11";"";""
"2";"70MM";"";""
"2";"720P-PRABHAS";"";""
"2";"720P-PRABHAS,ANUSHKA";"";""
"2";"8/12";"";""
"2";"80s";"";""
"2";"aadhi";"";""
"2";"Aadmi";"";""
"2";"Aakrosh";"";""
"2";"Aap";"";""
"2";"ABB";"";""
"2";"Abhishek";"";""
"2";"Achieva";"";""
"2";"Acrimony";"";""
"2";"actian";"";""
"2";"action";"";""
"2";"Activistu";"";""
"2";"Adam";"";""
"2";"Adangadhavan";"";""
"2";"Adebayo";"";""
"2";"Adkins";"";""
"2";"Ads";"";""
"2";"Advani";"";""
"2";"adventure";"";""
"2";"Adventures";"";""
"2";"AFT";"";""
"2";"Agha";"";""
"2";"Aisi";"";""
"2";"Akhilendra";"";""
"2";"AKM";"";""
"2";"Akshar";"";""
"2";"Akshara";"";""
"2";"Akter";"";""
"2";"Alagh";"";""
"2";"Alisha";"";""
"2";"ALIVE";"";""
"2";"Alt";"";""
"2";"Amharic";"";""
"2";"Ana";"";""
"2";"Anant";"";""
"2";"Ananya";"";""
"2";"Anari";"";""
"2";"Anbanavan";"";""
"2";"Angaar";"";""
"2";"Angel";"";""
"2";"Angels";"";""
"2";"Animal";"";""
"2";"ANIMAL";"";""
"2";"ANIMATED";"";""
"2";"Animators";"";""
"2";"Anita";"";""
"2";"Anjaana";"";""
"2";"Anjori";"";""
"2";"Anna";"";""
"2";"Announcement";"";""
"2";"Another";"";""
"2";"ANOTHER";"";""
"2";"Antebellum";"";""
"2";"Anu";"";""
"2";"ANUSHKA";"";""
"2";"Apa";"";""
"2";"Apaharan";"";""
"2";"Apne";"";""
"2";"AppleBox";"";""
"2";"Apte";"";""
"2";"Arbaaz";"";""
"2";"Arctic";"";""
"2";"Ariana";"";""
"2";"ARM";"";""
"2";"Armas";"";""
"2";"Arora";"";""
"2";"Arrest";"";""
"2";"Arrow";"";""
"2";"Arshad";"";""
"2";"Aryan";"";""
"2";"Asaradhavan";"";""
"2";"Astronaut";"";""
"2";"Aug";"";""
"2";"August";"";""
"2";"Aysha";"";""
"2";"Ayub";"";""
"2";"Ayushmann";"";""
"2";"Azmi";"";""
"2";"babies";"";""
"2";"BABY";"";""
"2";"Bacchan";"";""
"2";"Bagawat";"";""
"2";"Baghban";"";""
"2";"Bajpai";"";""
"2";"Ballerina";"";""
"2";"Ballet";"";""
"2";"Balo";"";""
"2";"Banana";"";""
"2";"Bapu";"";""
"2";"barat";"";""
"2";"Barsaat";"";""
"2";"Basant";"";""
"2";"Bathroom";"";""
"2";"Batra";"";""
"2";"BATTLEGROUNDS";"";""
"2";"Batwara";"";""
"2";"Bawa";"";""
"2";"Beach";"";""
"2";"Beating";"";""
"2";"Became";"";""
"2";"Bedi";"";""
"2";"Bendre";"";""
"2";"Benz";"";""
"2";"Berlin";"";""
"2";"Beta";"";""
"2";"Better";"";""
"2";"Bhagode";"";""
"2";"Bharathiraja";"";""
"2";"Bhaskar";"";""
"2";"Bhena";"";""
"2";"bhojpuri";"";""
"2";"Bhullar";"";""
"2";"Biennale";"";""
"2";"BIGGEST";"";""
"2";"Bijlani";"";""
"2";"Bikini";"";""
"2";"Bikram";"";""
"2";"Billboards";"";""
"2";"Bimpe";"";""
"2";"Birje";"";""
"2";"Bismuth";"";""
"2";"BLACK";"";""
"2";"Blackcomb";"";""
"2";"Blanket";"";""
"2";"blockbuster";"";""
"2";"BLOODSHOT";"";""
"2";"Blow";"";""
"2";"Bodies";"";""
"2";"Boman";"";""
"2";"Bond";"";""
"2";"Boo";"";""
"2";"BORN";"";""
"2";"Boruto";"";""
"2";"BOYZ";"";""
"2";"Brad";"";""
"2";"Brahmotsavam";"";""
"2";"BREAKDOWN";"";""
"2";"Brie";"";""
"2";"bring";"";""
"2";"Britt";"";""
"2";"Brother";"";""
"2";"BULLET&amp;amp;amp;quot;&amp;amp;amp;quot";"";""
"2";"BURRAKATHA";"";""
"2";"Byrne";"";""
"2";"C.M";"";""
"2";"Call";"";""
"2";"Called";"";""
"2";"Cameron";"";""
"2";"CAPTAIN";"";""
"2";"Carl&amp;amp;amp;#39;s";"";""
"2";"Carol";"";""
"2";"Carrey";"";""
"2";"Cats";"";""
"2";"Caught";"";""
"2";"Censorship";"";""
"2";"Chakraborthy";"";""
"2";"Chal";"";""
"2";"Chance";"";""
"2";"chapter";"";""
"2";"Charitra";"";""
"2";"Charlie’s";"";""
"2";"Chase";"";""
"2";"Chef";"";""
"2";"Chhetri";"";""
"2";"China";"";""
"2";"Chintu,akashra";"";""
"2";"Christopher";"";""
"2";"Cineworld";"";""
"2";"CIX";"";""
"2";"come";"";""
"2";"comedey";"";""
"2";"Commercial";"";""
"2";"Commuter";"";""
"2";"COMPLETE";"";""
"2";"concept";"";""
"2";"Confirmed";"";""
"2";"Cooking";"";""
"2";"corrected";"";""
"2";"Counselor";"";""
"2";"COUNT";"";""
"2";"Cover";"";""
"2";"Cowboy";"";""
"2";"Craze";"";""
"2";"Creepypasta";"";""
"2";"Crimes";"";""
"2";"CRY";"";""
"2";"Cursed";"";""
"2";"Curtis";"";""
"2";"Cyrus";"";""
"2";"D&amp;amp;amp;#39;Cruz";"";""
"2";"D16";"";""
"2";"DANCE";"";""
"2";"DARK";"";""
"2";"DATE";"";""
"2";"Dead";"";""
"2";"Deadwood";"";""
"2";"Debashree";"";""
"2";"December";"";""
"2";"Defence";"";""
"2";"Del";"";""
"2";"Demo";"";""
"2";"Denzongpa";"";""
"2";"DESI";"";""
"2";"Desi_Marwadi";"";""
"2";"Devaraya";"";""
"2";"Devayani";"";""
"2";"Devine";"";""
"2";"Dhaai";"";""
"2";"Dhupia";"";""
"2";"Dhuruvangal";"";""
"2";"Dialogues";"";""
"2";"Diamond";"";""
"2";"Diesel";"";""
"2";"Diksha";"";""
"2";"DISAPPOINTING";"";""
"2";"DISASTER";"";""
"2";"Disasters";"";""
"2";"Disease";"";""
"2";"DISGUISE";"";""
"2";"Disney&amp;amp;amp;#39;s";"";""
"2";"Diwana";"";""
"2";"Diya";"";""
"2";"DOCUMENTARY";"";""
"2";"documentary";"";""
"2";"Don";"";""
"2";"Donnie";"";""
"2";"Don’t";"";""
"2";"Door";"";""
"2";"DOWNHILL";"";""
"2";"DOWNLOAD";"";""
"2";"Dr.Rajkumar";"";""
"2";"DRAGONHEART";"";""
"2";"Dragons";"";""
"2";"Dramatic";"";""
"2";"Dream";"";""
"2";"Drone";"";""
"2";"Dubbad";"";""
"2";"Dubbing";"";""
"2";"Dubey";"";""
"2";"DUEL";"";""
"2";"duello";"";""
"2";"Duggal";"";""
"2";"DUGGUBATTI";"";""
"2";"Dumdaar";"";""
"2";"Dur";"";""
"2";"DWAYNE";"";""
"2";"D’Cruz";"";""
"2";"E02";"";""
"2";"E44";"";""
"2";"Easter";"";""
"2";"Ebbing";"";""
"2";"EC-movies";"";""
"2";"Eight";"";""
"2";"Eleven";"";""
"2";"Elsa&amp;amp;amp;#39;s";"";""
"2";"Emmanuel";"";""
"2";"emoji";"";""
"2";"ENDGAME";"";""
"2";"Endings";"";""
"2";"Engliish";"";""
"2";"Entertaining";"";""
"2";"Era";"";""
"2";"Escalator";"";""
"2";"Essential";"";""
"2";"Ethiopian";"";""
"2";"Events";"";""
"2";"every";"";""
"2";"Evil";"";""
"2";"Evolved";"";""
"2";"EXCLUSIVE";"";""
"2";"Expect";"";""
"2";"Experience";"";""
"2";"Eye";"";""
"2";"FACE";"";""
"2";"Fact";"";""
"2";"Faith";"";""
"2";"FALL";"";""
"2";"Fardeen";"";""
"2";"Farm";"";""
"2";"Farmiga";"";""
"2";"Femi";"";""
"2";"FERDINAND";"";""
"2";"Ferdous";"";""
"2";"Ferns";"";""
"2";"Ferrell";"";""
"2";"Festival";"";""
"2";"FEVER";"";""
"2";"Filming";"";""
"2";"FIlms";"";""
"2";"FIVE";"";""
"2";"Flick";"";""
"2";"Fonda";"";""
"2";"Former";"";""
"2";"Formula";"";""
"2";"FORTNITE";"";""
"2";"Foster&amp;amp;amp;#39;s";"";""
"2";"Found";"";""
"2";"free";"";""
"2";"Freedom";"";""
"2";"FRENCH";"";""
"2";"FUSION";"";""
"2";"Gacha";"";""
"2";"Gana";"";""
"2";"GANDHI";"";""
"2";"Ganesh";"";""
"2";"Gangaajal";"";""
"2";"Garv";"";""
"2";"Gauhar";"";""
"2";"Gauthami";"";""
"2";"GeekCap";"";""
"2";"Geethanjali";"";""
"2";"Gems";"";""
"2";"General";"";""
"2";"Gentleman";"";""
"2";"Germany";"";""
"2";"Get";"";""
"2";"Getting";"";""
"2";"GHOST";"";""
"2";"Ghulam";"";""
"2";"GLMM";"";""
"2";"GMB";"";""
"2";"Goa";"";""
"2";"GOAT";"";""
"2";"God&amp;amp;amp;quot";"";""
"2";"Goga";"";""
"2";"Going";"";""
"2";"going";"";""
"2";"Golimaar";"";""
"2";"Gracy";"";""
"2";"GRAND";"";""
"2";"grande";"";""
"2";"Grande";"";""
"2";"Grateful";"";""
"2";"GRUDGE";"";""
"2";"Guess";"";""
"2";"Guru";"";""
"2";"Hain";"";""
"2";"HALLOWEEN";"";""
"2";"Hamare";"";""
"2";"HAMSTER";"";""
"2";"Hari";"";""
"2";"Harikrishna";"";""
"2";"Harrelson";"";""
"2";"HARRIET";"";""
"2";"Hassanandani";"";""
"2";"HASTA";"";""
"2";"Hawk";"";""
"2";"Heartfire";"";""
"2";"Heat";"";""
"2";"HEDGEHOG";"";""
"2";"Hell";"";""
"2";"Hemant";"";""
"2";"Henson";"";""
"2";"Higgins";"";""
"2";"Hight";"";""
"2";"Hilary";"";""
"2";"HipHop";"";""
"2";"History";"";""
"2";"HOBBS";"";""
"2";"HOLLYWOOD";"";""
"2";"Homeworld";"";""
"2";"Hope";"";""
"2";"HOSTEL";"";""
"2";"Hota";"";""
"2";"Hote";"";""
"2";"hours";"";""
"2";"HOUSE";"";""
"2";"Housefull4";"";""
"2";"Hummingbirds";"";""
"2";"Humse";"";""
"2";"HUNT";"";""
"2";"I-VIII";"";""
"2";"Ibrahim";"";""
"2";"Iconic";"";""
"2";"Idhu";"";""
"2";"II&amp;amp;amp;#39";"";""
"2";"Image";"";""
"2";"IMDb";"";""
"2";"Impossible";"";""
"2";"Impractical";"";""
"2";"Impulse";"";""
"2";"Inc";"";""
"2";"INCREDIBLES";"";""
"2";"indian";"";""
"2";"Indo";"";""
"2";"indonesia";"";""
"2";"Indrajeet";"";""
"2";"Indraneil";"";""
"2";"InFlight";"";""
"2";"Internet";"";""
"2";"INVADERS";"";""
"2";"Irrfan";"";""
"2";"Issar";"";""
"2";"iTalkBB";"";""
"2";"Jaani";"";""
"2";"Jab";"";""
"2";"Jack&amp;amp;amp;#39;s";"";""
"2";"Jaffery";"";""
"2";"Jaffrey";"";""
"2";"Jagan";"";""
"2";"Jake&amp;amp;amp;#39;s";"";""
"2";"Jana";"";""
"2";"Janelle";"";""
"2";"Jani";"";""
"2";"JAPAN";"";""
"2";"Jazz";"";""
"2";"Jeene";"";""
"2";"Jeevan";"";""
"2";"Jeffy&amp;amp;amp;#39;s";"";""
"2";"Jet";"";""
"2";"Jewel";"";""
"2";"Jexi";"";""
"2";"Jigar";"";""
"2";"Jim";"";""
"2";"JimJam";"";""
"2";"Jimmy";"";""
"2";"jodi";"";""
"2";"Johansson";"";""
"2";"JOHNSON";"";""
"2";"Jokers";"";""
"2";"Jokes";"";""
"2";"Jonas";"";""
"2";"Jora";"";""
"2";"Joru";"";""
"2";"Joseph&amp;amp;amp;#39;s";"";""
"2";"Julia";"";""
"2";"Julie";"";""
"2";"Jung";"";""
"2";"K.S.Ravikumar";"";""
"2";"Kaalo";"";""
"2";"Kaante";"";""
"2";"Kaash";"";""
"2";"KADIRI";"";""
"2";"Kalari";"";""
"2";"Kale";"";""
"2";"Kalyanam";"";""
"2";"Kamina";"";""
"2";"Kanwarjit";"";""
"2";"KAPOOR";"";""
"2";"Karaintha";"";""
"2";"Kareena";"";""
"2";"Karim";"";""
"2";"Kash";"";""
"2";"Kasko";"";""
"2";"Kathe";"";""
"2";"Kathirvelan";"";""
"2";"Katkar";"";""
"2";"KAVACHAM";"";""
"2";"Kavaludaari";"";""
"2";"Kavan";"";""
"2";"Kavita";"";""
"2";"Keery";"";""
"2";"Kelkar";"";""
"2";"Kerry";"";""
"2";"khan";"";""
"2";"Khandelwal";"";""
"2";"khanna,Nandita";"";""
"2";"Khara";"";""
"2";"Kharaba";"";""
"2";"Khatiwoda";"";""
"2";"Khemu";"";""
"2";"KHILADI";"";""
"2";"Khoon";"";""
"2";"Khurrana";"";""
"2";"Kiara";"";""
"2";"KICKASSTORRENT";"";""
"2";"KID";"";""
"2";"KILL";"";""
"2";"Killer";"";""
"2";"Kimi";"";""
"2";"Kingdom";"";""
"2";"Kishowr";"";""
"2";"Kit";"";""
"2";"know";"";""
"2";"Koirala";"";""
"2";"Kolkata";"";""
"2";"KONG";"";""
"2";"Koottam";"";""
"2";"korean";"";""
"2";"Kotigobba";"";""
"2";"Krantiveer";"";""
"2";"KRAZZY";"";""
"2";"Krazzy";"";""
"2";"Kunal";"";""
"2";"KungFu";"";""
"2";"Kutton";"";""
"2";"Kyouryuu";"";""
"2";"Lalkar";"";""
"2";"Lana";"";""
"2";"Large";"";""
"2";"Larson";"";""
"2";"Laxmi";"";""
"2";"LeHand";"";""
"2";"Leone";"";""
"2";"Letty";"";""
"2";"Level";"";""
"2";"life";"";""
"2";"Lifeline";"";""
"2";"lighting";"";""
"2";"Lionel";"";""
"2";"Lister";"";""
"2";"LITTLE";"";""
"2";"locations";"";""
"2";"Loo";"";""
"2";"Lost";"";""
"2";"LOST";"";""
"2";"Louis-Dreyfus";"";""
"2";"LOVING";"";""
"2";"Madha";"";""
"2";"Madhoo";"";""
"2";"Madonna";"";""
"2";"magic";"";""
"2";"MAHAABALI";"";""
"2";"Mahaveera";"";""
"2";"Mahi";"";""
"2";"Mahiya";"";""
"2";"Majaal";"";""
"2";"majno";"";""
"2";"MAKONGORO";"";""
"2";"Mamoru";"";""
"2";"Mana";"";""
"2";"Mandir";"";""
"2";"Mandy";"";""
"2";"Mango";"";""
"2";"Manisha";"";""
"2";"Manjrekar";"";""
"2";"MANSION";"";""
"2";"Manush";"";""
"2";"MAPENZI";"";""
"2";"Marclay";"";""
"2";"Marine";"";""
"2";"Mario";"";""
"2";"Marishka";"";""
"2";"MARVEL";"";""
"2";"Maryan";"";""
"2";"Masala";"";""
"2";"Mass";"";""
"2";"Matilda";"";""
"2";"Matthew";"";""
"2";"Mawali";"";""
"2";"May";"";""
"2";"MCU";"";""
"2";"Media";"";""
"2";"Medical";"";""
"2";"Meet-Up";"";""
"2";"Meets";"";""
"2";"Mercenary";"";""
"2";"Messi";"";""
"2";"Midnight";"";""
"2";"Midway";"";""
"2";"Miley";"";""
"2";"Mind";"";""
"2";"Minion";"";""
"2";"Minute";"";""
"2";"Minutes";"";""
"2";"Missouri";"";""
"2";"MLA";"";""
"2";"MMS";"";""
"2";"MohanLal";"";""
"2";"Moive";"";""
"2";"Moner";"";""
"2";"Money";"";""
"2";"MONEY";"";""
"2";"MONKEY";"";""
"2";"Monáe";"";""
"2";"Mookhey";"";""
"2";"Morari";"";""
"2";"Mosharraf";"";""
"2";"mother";"";""
"2";"Mount";"";""
"2";"Mountain";"";""
"2";"Movie&amp;amp;amp;quot";"";""
"2";"Moviee360P";"";""
"2";"MPYA";"";""
"2";"Mrs";"";""
"2";"Mumtaz";"";""
"2";"Munim";"";""
"2";"MUSI";"";""
"2";"music";"";""
"2";"Musical.ly";"";""
"2";"Naam";"";""
"2";"Nagakanya";"";""
"2";"Nagarjuna";"";""
"2";"Naira";"";""
"2";"Nakshatram";"";""
"2";"Namdeo";"";""
"2";"Name";"";""
"2";"NARRATED";"";""
"2";"NASA";"";""
"2";"Nasiruddin";"";""
"2";"Natural";"";""
"2";"Nature";"";""
"2";"Need";"";""
"2";"need";"";""
"2";"Neetu";"";""
"2";"Neil";"";""
"2";"next-best";"";""
"2";"NGK";"";""
"2";"Nigam";"";""
"2";"Nights";"";""
"2";"Nikon";"";""
"2";"Nipun";"";""
"2";"Nithiin,Rashi";"";""
"2";"NITIN";"";""
"2";"No-1";"";""
"2";"Nobody";"";""
"2";"Nolan";"";""
"2";"nollywood";"";""
"2";"Normal";"";""
"2";"Nov./Dec";"";""
"2";"Nova";"";""
"2";"NPR";"";""
"2";"NUEWW";"";""
"2";"Numbaria";"";""
"2";"Ocean’s";"";""
"2";"OCTOPUS";"";""
"2";"Oggatonama";"";""
"2";"Okja";"";""
"2";"old";"";""
"2";"original";"";""
"2";"Oscar-Nominated";"";""
"2";"Outdoor";"";""
"2";"Outside";"";""
"2";"overview";"";""
"2";"Oyebade";"";""
"2";"Paas";"";""
"2";"Pailam";"";""
"2";"Paintal";"";""
"2";"Pal";"";""
"2";"Pancholi";"";""
"2";"panday";"";""
"2";"Pandemic";"";""
"2";"Panth";"";""
"2";"paramount";"";""
"2";"Parmish";"";""
"2";"Parodies";"";""
"2";"Parv&amp;amp;amp;#39";"";""
"2";"Parvarish";"";""
"2";"Pasanga";"";""
"2";"Pathinaaru";"";""
"2";"Patrick";"";""
"2";"Patrol";"";""
"2";"Patthar";"";""
"2";"Paw";"";""
"2";"Pay";"";""
"2";"PBS";"";""
"2";"PEEK";"";""
"2";"Pencilmate&amp;amp;amp;#39;s";"";""
"2";"Per";"";""
"2";"Peridot";"";""
"2";"Perry’s";"";""
"2";"Pet";"";""
"2";"Phase";"";""
"2";"PHOENIX";"";""
"2";"Phool";"";""
"2";"pictures";"";""
"2";"Pitt";"";""
"2";"PLANET";"";""
"2";"Plant";"";""
"2";"PLAYER";"";""
"2";"Playmobil";"";""
"2";"Pokemon";"";""
"2";"Pool";"";""
"2";"Poramon";"";""
"2";"Pran";"";""
"2";"Pranitha";"";""
"2";"Prassanna";"";""
"2";"Pratikar";"";""
"2";"Prayer&amp;amp;amp;quot";"";""
"2";"Preeti";"";""
"2";"PreetSingh";"";""
"2";"Preity";"";""
"2";"Premnath";"";""
"2";"Professional";"";""
"2";"PROMISING";"";""
"2";"Promotion";"";""
"2";"Psych";"";""
"2";"Public";"";""
"2";"Puneet";"";""
"2";"punjabi";"";""
"2";"Punk";"";""
"2";"Pyaasa";"";""
"2";"Pyar";"";""
"2";"Qamar";"";""
"2";"Qatil";"";""
"2";"quot;&amp;amp;amp;quot;EXPLOSIVE";"";""
"2";"quot;Galactus&amp;amp;amp;quot";"";""
"2";"quot;It&amp;amp;amp;#39;s";"";""
"2";"quot;Maya&amp;amp;amp;#39;s";"";""
"2";"quot;Thor";"";""
"2";"Raai";"";""
"2";"Raaste";"";""
"2";"Raaz";"";""
"2";"Racing";"";""
"2";"Raghuveer";"";""
"2";"Ragini";"";""
"2";"Ragnarok&amp;amp;amp;quot";"";""
"2";"Raha";"";""
"2";"Rahman";"";""
"2";"Rajani";"";""
"2";"Rajeev";"";""
"2";"Rajhendherr";"";""
"2";"Rajneesh";"";""
"2";"Rajnikanth";"";""
"2";"Rakht";"";""
"2";"Rakhwale";"";""
"2";"Ramachari";"";""
"2";"Rambha";"";""
"2";"Rapper";"";""
"2";"Raps";"";""
"2";"Rating";"";""
"2";"Rautela";"";""
"2";"Ravichandran&amp;amp;amp;#39;s";"";""
"2";"RAW";"";""
"2";"Reacting";"";""
"2";"Reaction";"";""
"2";"READY";"";""
"2";"Reboot";"";""
"2";"Record";"";""
"2";"Reena";"";""
"2";"Region";"";""
"2";"Rehman";"";""
"2";"RELEASE";"";""
"2";"released";"";""
"2";"remastering";"";""
"2";"Renting";"";""
"2";"Required";"";""
"2";"REVEAL";"";""
"2";"Reviewed";"";""
"2";"Rey";"";""
"2";"Ricciardo";"";""
"2";"Ridley";"";""
"2";"Right";"";""
"2";"Ring";"";""
"2";"Road";"";""
"2";"Roberts";"";""
"2";"Robertson";"";""
"2";"Rocky";"";""
"2";"Role";"";""
"2";"room";"";""
"2";"Rose";"";""
"2";"Roshini";"";""
"2";"Rukhsar";"";""
"2";"RUPINDER";"";""
"2";"RUTH";"";""
"2";"Saamy²";"";""
"2";"Saba";"";""
"2";"Sabari";"";""
"2";"Sad";"";""
"2";"Saddest";"";""
"2";"saikumar";"";""
"2";"Sainikudu";"";""
"2";"Salaami";"";""
"2";"Sali";"";""
"2";"Salma";"";""
"2";"Sanam";"";""
"2";"Sangeeta";"";""
"2";"Sanjeev";"";""
"2";"Sanu";"";""
"2";"Sapnon";"";""
"2";"Sardar";"";""
"2";"SAS";"";""
"2";"SaskTel";"";""
"2";"Satyajeet";"";""
"2";"Saves";"";""
"2";"Sax";"";""
"2";"Scarlett";"";""
"2";"Schneider";"";""
"2";"SCI-FI";"";""
"2";"Scientists";"";""
"2";"SCOOB";"";""
"2";"Scott";"";""
"2";"Sealed";"";""
"2";"SEARCH";"";""
"2";"Seeing";"";""
"2";"sek";"";""
"2";"Sengupta";"";""
"2";"Sept./Oct";"";""
"2";"Set";"";""
"2";"SETOUCHI";"";""
"2";"Shabana";"";""
"2";"Shamili";"";""
"2";"Shammi";"";""
"2";"Shanghai";"";""
"2";"SHAOLIN";"";""
"2";"Shatrughan";"";""
"2";"Shaurya";"";""
"2";"SHAW";"";""
"2";"Sheela";"";""
"2";"SHETTY";"";""
"2";"SHETTY,RANA";"";""
"2";"Shin";"";""
"2";"SHOES";"";""
"2";"Shoot";"";""
"2";"SHOPPING/THRIFTING";"";""
"2";"Sidhu";"";""
"2";"Signup";"";""
"2";"Simha";"";""
"2";"Singam";"";""
"2";"Singlle";"";""
"2";"Sinha";"";""
"2";"SIOLEWI";"";""
"2";"Sites";"";""
"2";"Skateboarding";"";""
"2";"Skrein";"";""
"2";"Skull";"";""
"2";"Slaps";"";""
"2";"Smiley";"";""
"2";"Snack";"";""
"2";"Snacks";"";""
"2";"Snake";"";""
"2";"SNEAK";"";""
"2";"SNEAKING";"";""
"2";"Sneaky";"";""
"2";"SNIPER";"";""
"2";"SOCCER";"";""
"2";"Sohi";"";""
"2";"Sonal";"";""
"2";"Sonali";"";""
"2";"SONIC";"";""
"2";"Sonotek";"";""
"2";"Sony";"";""
"2";"Soul&amp;amp;amp;quot";"";""
"2";"south";"";""
"2";"SPACE";"";""
"2";"Spatacus";"";""
"2";"Speak";"";""
"2";"speed";"";""
"2";"Speedunnodu";"";""
"2";"Spend";"";""
"2";"Spider";"";""
"2";"SPIES";"";""
"2";"Splits";"";""
"2";"Spot";"";""
"2";"Srivastav";"";""
"2";"Srivastava";"";""
"2";"STARMAN";"";""
"2";"Stay";"";""
"2";"Stratton";"";""
"2";"Stream";"";""
"2";"Streaming";"";""
"2";"Struggle&amp;amp;amp;quot";"";""
"2";"Stuck";"";""
"2";"Studio";"";""
"2";"stunk";"";""
"2";"Stupidest";"";""
"2";"Sub";"";""
"2";"Subash";"";""
"2";"Subramanyam";"";""
"2";"subtitle";"";""
"2";"Success";"";""
"2";"SUITCASE";"";""
"2";"Sukha";"";""
"2";"Sukumaran";"";""
"2";"Sunday";"";""
"2";"Sundori";"";""
"2";"Support";"";""
"2";"Surbhi";"";""
"2";"Surgeon";"";""
"2";"Surprise";"";""
"2";"Surround";"";""
"2";"Sushant";"";""
"2";"Sutton";"";""
"2";"Swank";"";""
"2";"swetha";"";""
"2";"Swini";"";""
"2";"Syed";"";""
"2";"T-Rex";"";""
"2";"Tabadala";"";""
"2";"TABBAR";"";""
"2";"Tabbar";"";""
"2";"Tahkhana";"";""
"2";"Takkrana";"";""
"2";"talks";"";""
"2";"Tamago";"";""
"2";"Tamizha";"";""
"2";"Tankers";"";""
"2";"Tanya";"";""
"2";"Taraji";"";""
"2";"Taste";"";""
"2";"Tathastu";"";""
"2";"Tavis";"";""
"2";"Tawaif";"";""
"2";"teaser";"";""
"2";"TEASER";"";""
"2";"terbaru";"";""
"2";"Test";"";""
"2";"Thadam";"";""
"2";"Thaggian";"";""
"2";"Thai";"";""
"2";"Thelma";"";""
"2";"Thief";"";""
"2";"thing";"";""
"2";"think";"";""
"2";"Thiruvothu";"";""
"2";"Tholi";"";""
"2";"Three";"";""
"2";"Tia";"";""
"2";"TIMESKIP";"";""
"2";"Tina";"";""
"2";"TINCON";"";""
"2";"Tiny";"";""
"2";"Titanic";"";""
"2";"Today";"";""
"2";"Toh";"";""
"2";"TOHOKU";"";""
"2";"TOMORROW";"";""
"2";"TONES";"";""
"2";"Toofan";"";""
"2";"Town";"";""
"2";"Train";"";""
"2";"Trainspotting";"";""
"2";"Tribute";"";""
"2";"truTV";"";""
"2";"Tub";"";""
"2";"U+0001F383";"";""
"2";"U+0001F439";"";""
"2";"U+0001F4B5";"";""
"2";"U+0001F601";"";""
"2";"U+0985";"";""
"2";"U+0996";"";""
"2";"U+099C";"";""
"2";"U+099E";"";""
"2";"U+09A4";"";""
"2";"U+09AA";"";""
"2";"U+09B7";"";""
"2";"U+0C07";"";""
"2";"U+0C27";"";""
"2";"U+0C2E";"";""
"2";"U+0C2F";"";""
"2";"U+0C37";"";""
"2";"U+0C40";"";""
"2";"U+0C47";"";""
"2";"U+0C9C";"";""
"2";"U+0CB6";"";""
"2";"U+0CB7";"";""
"2";"U+0CB9";"";""
"2";"U+0D09";"";""
"2";"U+0D23";"";""
"2";"U+0D24";"";""
"2";"U+0D34";"";""
"2";"U+0D4A";"";""
"2";"U+1235";"";""
"2";"U+126A";"";""
"2";"U+1271";"";""
"2";"U+1272";"";""
"2";"U+12A0";"";""
"2";"U+12AD";"";""
"2";"U+1784";"";""
"2";"U+1789";"";""
"2";"U+1793";"";""
"2";"U+1794";"";""
"2";"U+17C2";"";""
"2";"U+17C6";"";""
"2";"U+2666";"";""
"2";"U+300C";"";""
"2";"U+300D";"";""
"2";"U+3050";"";""
"2";"U+3055";"";""
"2";"U+3057";"";""
"2";"U+3066";"";""
"2";"U+306B";"";""
"2";"U+3084";"";""
"2";"U+3099";"";""
"2";"U+30A4";"";""
"2";"U+30A9";"";""
"2";"U+30B7";"";""
"2";"U+30BD";"";""
"2";"U+30C1";"";""
"2";"U+30C3";"";""
"2";"U+30C8";"";""
"2";"U+30C9";"";""
"2";"U+30CE";"";""
"2";"U+30D5";"";""
"2";"U+30DA";"";""
"2";"U+30E3";"";""
"2";"U+30F4";"";""
"2";"U+5915";"";""
"2";"U+66AE";"";""
"2";"U+C2A4";"";""
"2";"U+C528";"";""
"2";"U+C544";"";""
"2";"U+C5D1";"";""
"2";"U+C774";"";""
"2";"Ullu";"";""
"2";"Ultimate";"";""
"2";"Underpants";"";""
"2";"Underrated";"";""
"2";"Unplanned";"";""
"2";"Uplifting";"";""
"2";"Urvashi";"";""
"2";"USING";"";""
"2";"Utpal";"";""
"2";"Uttar";"";""
"2";"Vaada";"";""
"2";"Vaah";"";""
"2";"Vasavada";"";""
"2";"Vendetta";"";""
"2";"Venezia";"";""
"2";"VENGEANCE";"";""
"2";"Vera";"";""
"2";"Vidya";"";""
"2";"View";"";""
"2";"Vijay,Vidya";"";""
"2";"Vijayta";"";""
"2";"VILLAIN";"";""
"2";"Vin";"";""
"2";"VIP";"";""
"2";"VISTA";"";""
"2";"Vlog";"";""
"2";"Vol";"";""
"2";"Voltage";"";""
"2";"VR180";"";""
"2";"VR360";"";""
"2";"Waheeda";"";""
"2";"Warsi";"";""
"2";"WAVES";"";""
"2";"Way";"";""
"2";"Ways";"";""
"2";"Weekend&amp;amp;amp;#39;s";"";""
"2";"Wellington";"";""
"2";"went";"";""
"2";"Whistler";"";""
"2";"wick";"";""
"2";"WIDOW";"";""
"2";"WIFE";"";""
"2";"Wildlife";"";""
"2";"WILL";"";""
"2";"Wilson";"";""
"2";"Witchfinder";"";""
"2";"Without";"";""
"2";"Woh";"";""
"2";"WOMAN";"";""
"2";"WOMEN";"";""
"2";"Wonderful";"";""
"2";"Woody";"";""
"2";"working";"";""
"2";"WORLDS";"";""
"2";"Wrestling";"";""
"2";"WWII";"";""
"2";"Yaanai";"";""
"2";"Yami";"";""
"2";"Yateem";"";""
"2";"Yekini";"";""
"2";"Yellow";"";""
"2";"Yen";"";""
"2";"Yesterworld";"";""
"2";"Yevade";"";""
"2";"Yograj";"";""
"2";"You&amp;amp;amp;#39;ve";"";""
"2";"YOUNG";"";""
"2";"Youtube";"";""
"2";"Yudh";"";""
"2";"Yugpurush";"";""
"2";"Yukta";"";""
"2";"Zinta";"";""
"2";"Zulfi";"";""
"2";"Zulm-O-Sitam";"";""
